{"_approachDistance": 50, "_approachTime": 1, "_name": "bartek", "_notes": [{"_time": 3.53, "_x": 1, "_y": 1}, {"_time": 3.58, "_x": 0, "_y": 1}, {"_time": 3.629, "_x": -1, "_y": 1}, {"_time": 3.678, "_x": -1, "_y": 0}, {"_time": 3.729, "_x": 1, "_y": 0}, {"_time": 3.753, "_x": 1, "_y": 1}, {"_time": 3.779, "_x": 0, "_y": 1}, {"_time": 3.803, "_x": 0, "_y": 0}, {"_time": 3.829, "_x": 0, "_y": -1}, {"_time": 3.853, "_x": -1, "_y": -1}, {"_time": 3.879, "_x": -1, "_y": 0}, {"_time": 3.903, "_x": -1, "_y": 1}, {"_time": 3.93, "_x": 0, "_y": 1}, {"_time": 5.13, "_x": 1, "_y": -1}, {"_time": 5.153, "_x": 1, "_y": 0}, {"_time": 5.179, "_x": 1, "_y": 1}, {"_time": 5.203, "_x": 0, "_y": 1}, {"_time": 5.229, "_x": -1, "_y": 1}, {"_time": 5.253, "_x": -1, "_y": 0}, {"_time": 5.279, "_x": -1, "_y": -1}, {"_time": 5.304, "_x": 0, "_y": -1}, {"_time": 5.33, "_x": 1, "_y": -1}, {"_time": 5.429, "_x": 1, "_y": 1}, {"_time": 5.453, "_x": 0, "_y": 1}, {"_time": 5.479, "_x": 0, "_y": 0}, {"_time": 5.503, "_x": 0, "_y": -1}, {"_time": 5.53, "_x": -1, "_y": -1}, {"_time": 6.73, "_x": -1, "_y": 1}, {"_time": 6.753, "_x": 0, "_y": 1}, {"_time": 6.779, "_x": 1, "_y": 1}, {"_time": 6.803, "_x": 1, "_y": 0}, {"_time": 6.829, "_x": 1, "_y": -1}, {"_time": 6.853, "_x": 0, "_y": -1}, {"_time": 6.879, "_x": 0, "_y": 0}, {"_time": 6.904, "_x": 0, "_y": 1}, {"_time": 6.93, "_x": -1, "_y": 1}, {"_time": 6.979, "_x": -1, "_y": 1}, {"_time": 7.029, "_x": -1, "_y": -1}, {"_time": 7.079, "_x": -1, "_y": -1}, {"_time": 7.13, "_x": 1, "_y": -1}, {"_time": 7.154, "_x": 1, "_y": 0}, {"_time": 7.179, "_x": 1, "_y": 1}, {"_time": 7.204, "_x": 0, "_y": 1}, {"_time": 7.229, "_x": 0, "_y": 0}, {"_time": 7.254, "_x": 0, "_y": -1}, {"_time": 7.279, "_x": -1, "_y": -1}, {"_time": 7.304, "_x": -1, "_y": 0}, {"_time": 7.33, "_x": -1, "_y": 1}, {"_time": 7.38, "_x": 1, "_y": 1}, {"_time": 7.43, "_x": 1, "_y": -1}, {"_time": 7.454, "_x": 0, "_y": -1}, {"_time": 7.479, "_x": -1, "_y": -1}, {"_time": 7.504, "_x": -1, "_y": 0}, {"_time": 7.53, "_x": -1, "_y": 1}, {"_time": 8.33, "_x": 1, "_y": 0}, {"_time": 8.379, "_x": 0, "_y": -1}, {"_time": 8.429, "_x": -1, "_y": -1}, {"_time": 8.479, "_x": -1, "_y": 0}, {"_time": 8.53, "_x": -1, "_y": 1}, {"_time": 8.58, "_x": 1, "_y": 1}, {"_time": 8.629, "_x": 1, "_y": -1}, {"_time": 8.654, "_x": 0, "_y": -1}, {"_time": 8.679, "_x": -1, "_y": -1}, {"_time": 8.704, "_x": -1, "_y": 0}, {"_time": 8.73, "_x": -1, "_y": 1}, {"_time": 8.78, "_x": 1, "_y": 1}, {"_time": 8.829, "_x": 1, "_y": -1}, {"_time": 8.854, "_x": 0, "_y": -1}, {"_time": 8.879, "_x": 0, "_y": 0}, {"_time": 8.904, "_x": 0, "_y": 1}, {"_time": 8.93, "_x": -1, "_y": 1}, {"_time": 8.954, "_x": -1, "_y": 0}, {"_time": 8.979, "_x": -1, "_y": -1}, {"_time": 9.004, "_x": 0, "_y": -1}, {"_time": 9.029, "_x": 1, "_y": -1}, {"_time": 9.054, "_x": 1, "_y": 0}, {"_time": 9.079, "_x": 1, "_y": 1}, {"_time": 9.104, "_x": 0, "_y": 1}, {"_time": 9.13, "_x": -1, "_y": 1}, {"_time": 9.93, "_x": -1, "_y": -1}, {"_time": 9.954, "_x": 0, "_y": -1}, {"_time": 9.979, "_x": 1, "_y": -1}, {"_time": 10.004, "_x": 1, "_y": 0}, {"_time": 10.029, "_x": 0, "_y": 0}, {"_time": 10.054, "_x": -1, "_y": 0}, {"_time": 10.079, "_x": -1, "_y": 1}, {"_time": 10.104, "_x": 0, "_y": 1}, {"_time": 10.13, "_x": 1, "_y": 1}, {"_time": 10.154, "_x": 1, "_y": 0}, {"_time": 10.179, "_x": 1, "_y": -1}, {"_time": 10.204, "_x": 0, "_y": -1}, {"_time": 10.229, "_x": -1, "_y": -1}, {"_time": 10.254, "_x": -1, "_y": 0}, {"_time": 10.279, "_x": -1, "_y": 1}, {"_time": 10.304, "_x": 0, "_y": 1}, {"_time": 10.33, "_x": 1, "_y": 1}, {"_time": 10.342, "_x": 1, "_y": 1}, {"_time": 10.354, "_x": 1, "_y": 0}, {"_time": 10.366, "_x": 1, "_y": 0}, {"_time": 10.379, "_x": 1, "_y": -1}, {"_time": 10.392, "_x": 1, "_y": -1}, {"_time": 10.404, "_x": 0, "_y": -1}, {"_time": 10.416, "_x": 0, "_y": -1}, {"_time": 10.429, "_x": 0, "_y": 0}, {"_time": 10.442, "_x": 0, "_y": 0}, {"_time": 10.454, "_x": 0, "_y": 1}, {"_time": 10.466, "_x": 0, "_y": 1}, {"_time": 10.479, "_x": -1, "_y": 1}, {"_time": 10.492, "_x": -1, "_y": 1}, {"_time": 10.504, "_x": -1, "_y": 0}, {"_time": 10.516, "_x": -1, "_y": 0}, {"_time": 10.53, "_x": -1, "_y": -1}, {"_time": 10.542, "_x": -1, "_y": -1}, {"_time": 10.554, "_x": 0, "_y": -1}, {"_time": 10.566, "_x": 0, "_y": -1}, {"_time": 10.579, "_x": 1, "_y": -1}, {"_time": 10.592, "_x": 1, "_y": -1}, {"_time": 10.604, "_x": 1, "_y": 0}, {"_time": 10.616, "_x": 1, "_y": 0}, {"_time": 10.629, "_x": 1, "_y": 1}, {"_time": 10.642, "_x": 1, "_y": 1}, {"_time": 10.654, "_x": 0, "_y": 1}, {"_time": 10.666, "_x": 0, "_y": 1}, {"_time": 10.679, "_x": -1, "_y": 1}, {"_time": 10.691, "_x": -1, "_y": 1}, {"_time": 10.704, "_x": -1, "_y": 0}, {"_time": 10.716, "_x": -1, "_y": 0}, {"_time": 10.729, "_x": -1, "_y": -1}, {"_time": 13.93, "_x": 1, "_y": 1}, {"_time": 13.98, "_x": -1, "_y": 0}, {"_time": 14.029, "_x": 1, "_y": 0}, {"_time": 14.079, "_x": -1, "_y": 1}, {"_time": 14.13, "_x": 0, "_y": -1}, {"_time": 14.179, "_x": 0, "_y": 1}, {"_time": 14.229, "_x": -1, "_y": -1}, {"_time": 14.279, "_x": 1, "_y": 0}, {"_time": 14.33, "_x": -1, "_y": 0}, {"_time": 14.379, "_x": 1, "_y": -1}, {"_time": 14.43, "_x": 0, "_y": 1}, {"_time": 14.479, "_x": 0, "_y": -1}, {"_time": 14.53, "_x": 1, "_y": 1}, {"_time": 14.579, "_x": -1, "_y": 0}, {"_time": 14.629, "_x": 1, "_y": -1}, {"_time": 14.68, "_x": 0, "_y": 1}, {"_time": 14.704, "_x": 0, "_y": 1}, {"_time": 14.73, "_x": 0, "_y": -1}, {"_time": 14.754, "_x": 0, "_y": -1}, {"_time": 14.78, "_x": -1, "_y": 1}, {"_time": 14.829, "_x": 1, "_y": 0}, {"_time": 14.879, "_x": -1, "_y": -1}, {"_time": 14.93, "_x": 0, "_y": 1}, {"_time": 14.979, "_x": 0, "_y": -1}, {"_time": 15.029, "_x": -1, "_y": 1}, {"_time": 15.079, "_x": 1, "_y": -1}, {"_time": 15.13, "_x": 0, "_y": 1}, {"_time": 15.154, "_x": 0, "_y": 1}, {"_time": 15.179, "_x": 0, "_y": -1}, {"_time": 15.204, "_x": 0, "_y": -1}, {"_time": 15.229, "_x": 1, "_y": 1}, {"_time": 15.254, "_x": 1, "_y": 1}, {"_time": 15.279, "_x": -1, "_y": -1}, {"_time": 15.304, "_x": -1, "_y": -1}, {"_time": 15.33, "_x": 1, "_y": 0}, {"_time": 15.379, "_x": -1, "_y": 0}, {"_time": 15.429, "_x": 1, "_y": -1}, {"_time": 15.454, "_x": 1, "_y": -1}, {"_time": 15.479, "_x": 0, "_y": 1}, {"_time": 15.504, "_x": 0, "_y": 1}, {"_time": 15.53, "_x": -1, "_y": -1}, {"_time": 15.554, "_x": -1, "_y": -1}, {"_time": 15.579, "_x": 1, "_y": 1}, {"_time": 15.604, "_x": 1, "_y": 1}, {"_time": 15.629, "_x": -1, "_y": 1}, {"_time": 15.655, "_x": -1, "_y": 1}, {"_time": 15.679, "_x": 0, "_y": -1}, {"_time": 15.704, "_x": 0, "_y": -1}, {"_time": 15.73, "_x": 0, "_y": 1}, {"_time": 15.754, "_x": 0, "_y": 1}, {"_time": 15.779, "_x": -1, "_y": -1}, {"_time": 15.804, "_x": -1, "_y": -1}, {"_time": 15.829, "_x": 1, "_y": 0}, {"_time": 15.854, "_x": 1, "_y": 0}, {"_time": 15.879, "_x": -1, "_y": 1}, {"_time": 15.904, "_x": -1, "_y": 1}, {"_time": 15.93, "_x": -1, "_y": -1}, {"_time": 15.954, "_x": 0, "_y": -1}, {"_time": 15.979, "_x": 1, "_y": -1}, {"_time": 16.004, "_x": 1, "_y": 0}, {"_time": 16.029, "_x": 0, "_y": 0}, {"_time": 16.054, "_x": -1, "_y": 0}, {"_time": 16.079, "_x": -1, "_y": 1}, {"_time": 16.104, "_x": 0, "_y": 1}, {"_time": 16.13, "_x": 1, "_y": 1}, {"_time": 16.155, "_x": 1, "_y": 0}, {"_time": 16.179, "_x": 1, "_y": -1}, {"_time": 16.204, "_x": 0, "_y": -1}, {"_time": 16.229, "_x": 0, "_y": 0}, {"_time": 16.254, "_x": 0, "_y": 1}, {"_time": 16.279, "_x": -1, "_y": 1}, {"_time": 16.304, "_x": -1, "_y": 0}, {"_time": 16.33, "_x": -1, "_y": -1}, {"_time": 16.379, "_x": 1, "_y": 0}, {"_time": 16.429, "_x": -1, "_y": 0}, {"_time": 16.479, "_x": 1, "_y": -1}, {"_time": 16.53, "_x": 0, "_y": 1}, {"_time": 16.579, "_x": -1, "_y": -1}, {"_time": 16.629, "_x": 1, "_y": 0}, {"_time": 16.73, "_x": -1, "_y": 1}, {"_time": 16.779, "_x": -1, "_y": -1}, {"_time": 16.83, "_x": 0, "_y": 1}, {"_time": 16.879, "_x": 0, "_y": -1}, {"_time": 16.93, "_x": 1, "_y": 1}, {"_time": 16.98, "_x": -1, "_y": 0}, {"_time": 17.03, "_x": 1, "_y": -1}, {"_time": 17.054, "_x": 1, "_y": 0}, {"_time": 17.079, "_x": 1, "_y": 1}, {"_time": 17.104, "_x": 0, "_y": 1}, {"_time": 17.13, "_x": -1, "_y": 1}, {"_time": 17.141, "_x": -1, "_y": 1}, {"_time": 17.154, "_x": -1, "_y": 0}, {"_time": 17.166, "_x": -1, "_y": 0}, {"_time": 17.179, "_x": 0, "_y": 0}, {"_time": 17.191, "_x": 0, "_y": 0}, {"_time": 17.204, "_x": 1, "_y": 0}, {"_time": 17.216, "_x": 1, "_y": 0}, {"_time": 17.229, "_x": 1, "_y": -1}, {"_time": 17.241, "_x": 1, "_y": -1}, {"_time": 17.254, "_x": 0, "_y": -1}, {"_time": 17.266, "_x": 0, "_y": -1}, {"_time": 17.279, "_x": -1, "_y": -1}, {"_time": 17.291, "_x": -1, "_y": -1}, {"_time": 17.304, "_x": -1, "_y": 0}, {"_time": 17.316, "_x": -1, "_y": 0}, {"_time": 17.33, "_x": -1, "_y": 1}, {"_time": 17.342, "_x": -1, "_y": 1}, {"_time": 17.354, "_x": 0, "_y": 1}, {"_time": 17.367, "_x": 0, "_y": 1}, {"_time": 17.379, "_x": 1, "_y": 1}, {"_time": 17.392, "_x": 1, "_y": 1}, {"_time": 17.404, "_x": 1, "_y": 0}, {"_time": 17.417, "_x": 1, "_y": 0}, {"_time": 17.43, "_x": 1, "_y": -1}, {"_time": 17.454, "_x": 0, "_y": -1}, {"_time": 17.479, "_x": 0, "_y": 0}, {"_time": 17.504, "_x": 0, "_y": 1}, {"_time": 17.53, "_x": -1, "_y": 1}, {"_time": 17.579, "_x": -1, "_y": -1}, {"_time": 17.629, "_x": 1, "_y": 0}, {"_time": 17.679, "_x": -1, "_y": 0}, {"_time": 17.73, "_x": 1, "_y": -1}, {"_time": 17.779, "_x": 0, "_y": 1}, {"_time": 17.829, "_x": 0, "_y": -1}, {"_time": 17.879, "_x": -1, "_y": 1}, {"_time": 17.93, "_x": 1, "_y": 0}, {"_time": 17.942, "_x": 1, "_y": 0}, {"_time": 17.954, "_x": 1, "_y": 0}, {"_time": 17.966, "_x": 1, "_y": 0}, {"_time": 17.979, "_x": -1, "_y": -1}, {"_time": 17.991, "_x": -1, "_y": -1}, {"_time": 18.004, "_x": -1, "_y": -1}, {"_time": 18.016, "_x": -1, "_y": -1}, {"_time": 18.029, "_x": 0, "_y": 1}, {"_time": 18.041, "_x": 0, "_y": 1}, {"_time": 18.054, "_x": 0, "_y": 1}, {"_time": 18.066, "_x": 0, "_y": 1}, {"_time": 18.08, "_x": 1, "_y": -1}, {"_time": 18.092, "_x": 1, "_y": -1}, {"_time": 18.104, "_x": 1, "_y": -1}, {"_time": 18.117, "_x": 1, "_y": -1}, {"_time": 18.13, "_x": -1, "_y": -1}, {"_time": 18.154, "_x": -1, "_y": 0}, {"_time": 18.179, "_x": -1, "_y": 1}, {"_time": 18.204, "_x": 0, "_y": 1}, {"_time": 18.229, "_x": 0, "_y": 0}, {"_time": 18.254, "_x": 0, "_y": -1}, {"_time": 18.279, "_x": 1, "_y": -1}, {"_time": 18.304, "_x": 1, "_y": 0}, {"_time": 18.33, "_x": 1, "_y": 1}, {"_time": 18.38, "_x": 0, "_y": -1}, {"_time": 18.429, "_x": -1, "_y": 1}, {"_time": 18.48, "_x": 1, "_y": 1}, {"_time": 18.492, "_x": 1, "_y": 1}, {"_time": 18.504, "_x": 1, "_y": 0}, {"_time": 18.517, "_x": 1, "_y": 0}, {"_time": 18.53, "_x": 1, "_y": -1}, {"_time": 18.542, "_x": 1, "_y": -1}, {"_time": 18.554, "_x": 0, "_y": -1}, {"_time": 18.567, "_x": 0, "_y": -1}, {"_time": 18.579, "_x": -1, "_y": -1}, {"_time": 18.592, "_x": -1, "_y": -1}, {"_time": 18.605, "_x": -1, "_y": 0}, {"_time": 18.617, "_x": -1, "_y": 0}, {"_time": 18.629, "_x": 0, "_y": 0}, {"_time": 18.642, "_x": 0, "_y": 0}, {"_time": 18.654, "_x": 1, "_y": 0}, {"_time": 18.667, "_x": 1, "_y": 0}, {"_time": 18.679, "_x": 1, "_y": 1}, {"_time": 18.73, "_x": 0, "_y": -1}, {"_time": 18.83, "_x": -1, "_y": 1}, {"_time": 18.93, "_x": -1, "_y": -1}, {"_time": 19.03, "_x": 0, "_y": 1}, {"_time": 19.13, "_x": 1, "_y": -1}, {"_time": 19.179, "_x": 0, "_y": -1}, {"_time": 19.229, "_x": -1, "_y": -1}, {"_time": 19.279, "_x": -1, "_y": 0}, {"_time": 19.33, "_x": -1, "_y": 1}, {"_time": 19.379, "_x": 0, "_y": 1}, {"_time": 19.429, "_x": 0, "_y": 0}, {"_time": 19.479, "_x": 0, "_y": -1}, {"_time": 19.53, "_x": 1, "_y": -1}, {"_time": 19.555, "_x": 1, "_y": -1}, {"_time": 19.579, "_x": 0, "_y": 1}, {"_time": 19.604, "_x": 0, "_y": 1}, {"_time": 19.629, "_x": 0, "_y": -1}, {"_time": 19.654, "_x": 0, "_y": -1}, {"_time": 19.679, "_x": 1, "_y": 1}, {"_time": 19.704, "_x": 1, "_y": 1}, {"_time": 19.73, "_x": -1, "_y": 0}, {"_time": 19.754, "_x": -1, "_y": 0}, {"_time": 19.779, "_x": 1, "_y": 0}, {"_time": 19.804, "_x": 1, "_y": 0}, {"_time": 19.829, "_x": -1, "_y": 1}, {"_time": 19.854, "_x": -1, "_y": 1}, {"_time": 19.879, "_x": 0, "_y": -1}, {"_time": 19.904, "_x": 0, "_y": -1}, {"_time": 19.93, "_x": 1, "_y": 1}, {"_time": 19.954, "_x": 0, "_y": 1}, {"_time": 19.979, "_x": -1, "_y": 1}, {"_time": 20.004, "_x": -1, "_y": 0}, {"_time": 20.029, "_x": 0, "_y": 0}, {"_time": 20.054, "_x": 1, "_y": 0}, {"_time": 20.079, "_x": 1, "_y": -1}, {"_time": 20.104, "_x": 0, "_y": -1}, {"_time": 20.13, "_x": -1, "_y": -1}, {"_time": 20.154, "_x": -1, "_y": 0}, {"_time": 20.179, "_x": -1, "_y": 1}, {"_time": 20.204, "_x": 0, "_y": 1}, {"_time": 20.229, "_x": 0, "_y": 0}, {"_time": 20.254, "_x": 0, "_y": -1}, {"_time": 20.279, "_x": 1, "_y": -1}, {"_time": 20.304, "_x": 1, "_y": 0}, {"_time": 20.33, "_x": 1, "_y": 1}, {"_time": 20.354, "_x": 0, "_y": 1}, {"_time": 20.379, "_x": -1, "_y": 1}, {"_time": 20.404, "_x": -1, "_y": 0}, {"_time": 20.429, "_x": 0, "_y": 0}, {"_time": 20.454, "_x": 1, "_y": 0}, {"_time": 20.479, "_x": 1, "_y": -1}, {"_time": 20.504, "_x": 0, "_y": -1}, {"_time": 20.53, "_x": -1, "_y": -1}, {"_time": 20.554, "_x": -1, "_y": 0}, {"_time": 20.579, "_x": -1, "_y": 1}, {"_time": 20.604, "_x": 0, "_y": 1}, {"_time": 20.629, "_x": 0, "_y": 0}, {"_time": 20.654, "_x": 0, "_y": -1}, {"_time": 20.679, "_x": 1, "_y": -1}, {"_time": 20.704, "_x": 1, "_y": 0}, {"_time": 20.73, "_x": 1, "_y": 1}, {"_time": 20.754, "_x": 1, "_y": 1}, {"_time": 20.779, "_x": 0, "_y": -1}, {"_time": 20.804, "_x": 0, "_y": -1}, {"_time": 20.829, "_x": -1, "_y": 1}, {"_time": 20.854, "_x": -1, "_y": 1}, {"_time": 20.879, "_x": 1, "_y": 0}, {"_time": 20.904, "_x": 1, "_y": 0}, {"_time": 20.93, "_x": -1, "_y": -1}, {"_time": 20.954, "_x": -1, "_y": 0}, {"_time": 20.979, "_x": -1, "_y": 1}, {"_time": 21.004, "_x": 0, "_y": 1}, {"_time": 21.029, "_x": 0, "_y": 0}, {"_time": 21.054, "_x": 0, "_y": -1}, {"_time": 21.079, "_x": 1, "_y": -1}, {"_time": 21.104, "_x": 1, "_y": 0}, {"_time": 21.13, "_x": 1, "_y": 1}, {"_time": 21.18, "_x": -1, "_y": 0}, {"_time": 21.229, "_x": 1, "_y": -1}, {"_time": 21.279, "_x": 0, "_y": 1}, {"_time": 21.33, "_x": -1, "_y": -1}, {"_time": 21.379, "_x": 1, "_y": 0}, {"_time": 21.429, "_x": -1, "_y": 0}, {"_time": 21.48, "_x": 1, "_y": 1}, {"_time": 21.53, "_x": -1, "_y": 1}, {"_time": 21.579, "_x": 0, "_y": -1}, {"_time": 21.629, "_x": 0, "_y": 1}, {"_time": 21.679, "_x": 1, "_y": -1}, {"_time": 21.73, "_x": -1, "_y": 0}, {"_time": 21.779, "_x": 1, "_y": 0}, {"_time": 21.83, "_x": -1, "_y": -1}, {"_time": 21.88, "_x": 0, "_y": 1}, {"_time": 21.93, "_x": 1, "_y": -1}, {"_time": 21.954, "_x": 0, "_y": -1}, {"_time": 21.979, "_x": -1, "_y": 0}, {"_time": 22.005, "_x": -1, "_y": 1}, {"_time": 22.03, "_x": 1, "_y": 0}, {"_time": 22.73, "_x": 1, "_y": 1}, {"_time": 22.754, "_x": 1, "_y": 1}, {"_time": 22.779, "_x": 0, "_y": -1}, {"_time": 22.804, "_x": 0, "_y": -1}, {"_time": 22.829, "_x": -1, "_y": 1}, {"_time": 22.854, "_x": -1, "_y": 1}, {"_time": 22.879, "_x": 1, "_y": 0}, {"_time": 22.904, "_x": 1, "_y": 0}, {"_time": 22.929, "_x": -1, "_y": -1}, {"_time": 22.954, "_x": -1, "_y": -1}, {"_time": 22.979, "_x": -1, "_y": 1}, {"_time": 23.004, "_x": -1, "_y": 1}, {"_time": 23.029, "_x": 1, "_y": 1}, {"_time": 23.054, "_x": 1, "_y": 1}, {"_time": 23.079, "_x": 1, "_y": -1}, {"_time": 23.104, "_x": 1, "_y": -1}, {"_time": 23.129, "_x": -1, "_y": -1}, {"_time": 23.179, "_x": 0, "_y": 1}, {"_time": 23.229, "_x": 0, "_y": -1}, {"_time": 23.279, "_x": -1, "_y": 1}, {"_time": 23.33, "_x": 1, "_y": -1}, {"_time": 23.379, "_x": -1, "_y": 0}, {"_time": 23.429, "_x": 1, "_y": 1}, {"_time": 23.479, "_x": 0, "_y": -1}, {"_time": 23.53, "_x": -1, "_y": 1}, {"_time": 23.542, "_x": -1, "_y": 1}, {"_time": 23.554, "_x": 0, "_y": 1}, {"_time": 23.566, "_x": 0, "_y": 1}, {"_time": 23.579, "_x": 1, "_y": 1}, {"_time": 23.591, "_x": 1, "_y": 1}, {"_time": 23.604, "_x": 1, "_y": 0}, {"_time": 23.616, "_x": 1, "_y": 0}, {"_time": 23.629, "_x": 1, "_y": -1}, {"_time": 23.641, "_x": 1, "_y": -1}, {"_time": 23.654, "_x": 0, "_y": -1}, {"_time": 23.666, "_x": 0, "_y": -1}, {"_time": 23.679, "_x": -1, "_y": -1}, {"_time": 23.691, "_x": -1, "_y": -1}, {"_time": 23.704, "_x": -1, "_y": 0}, {"_time": 23.716, "_x": -1, "_y": 0}, {"_time": 23.73, "_x": -1, "_y": 1}, {"_time": 23.742, "_x": -1, "_y": 1}, {"_time": 23.755, "_x": 0, "_y": 1}, {"_time": 23.767, "_x": 0, "_y": 1}, {"_time": 23.779, "_x": 1, "_y": 1}, {"_time": 23.792, "_x": 1, "_y": 1}, {"_time": 23.804, "_x": 1, "_y": 0}, {"_time": 23.817, "_x": 1, "_y": 0}, {"_time": 23.829, "_x": 1, "_y": -1}, {"_time": 23.842, "_x": 1, "_y": -1}, {"_time": 23.854, "_x": 0, "_y": -1}, {"_time": 23.867, "_x": 0, "_y": -1}, {"_time": 23.879, "_x": -1, "_y": -1}, {"_time": 23.892, "_x": -1, "_y": -1}, {"_time": 23.904, "_x": -1, "_y": 0}, {"_time": 23.917, "_x": -1, "_y": 0}, {"_time": 23.93, "_x": -1, "_y": 1}, {"_time": 23.942, "_x": -1, "_y": 1}, {"_time": 23.954, "_x": 0, "_y": 1}, {"_time": 23.967, "_x": 0, "_y": 1}, {"_time": 23.979, "_x": 1, "_y": 1}, {"_time": 23.992, "_x": 1, "_y": 1}, {"_time": 24.004, "_x": 1, "_y": 0}, {"_time": 24.017, "_x": 1, "_y": 0}, {"_time": 24.029, "_x": 1, "_y": -1}, {"_time": 24.042, "_x": 1, "_y": -1}, {"_time": 24.054, "_x": 0, "_y": -1}, {"_time": 24.067, "_x": 0, "_y": -1}, {"_time": 24.079, "_x": -1, "_y": -1}, {"_time": 24.092, "_x": -1, "_y": -1}, {"_time": 24.104, "_x": -1, "_y": 0}, {"_time": 24.117, "_x": -1, "_y": 0}, {"_time": 24.13, "_x": -1, "_y": 1}, {"_time": 24.142, "_x": -1, "_y": 1}, {"_time": 24.154, "_x": 0, "_y": 1}, {"_time": 24.167, "_x": 0, "_y": 1}, {"_time": 24.179, "_x": 1, "_y": 1}, {"_time": 24.192, "_x": 1, "_y": 1}, {"_time": 24.204, "_x": 1, "_y": 0}, {"_time": 24.217, "_x": 1, "_y": 0}, {"_time": 24.229, "_x": 1, "_y": -1}, {"_time": 24.242, "_x": 1, "_y": -1}, {"_time": 24.255, "_x": 0, "_y": -1}, {"_time": 24.267, "_x": 0, "_y": -1}, {"_time": 24.279, "_x": -1, "_y": -1}, {"_time": 24.292, "_x": -1, "_y": -1}, {"_time": 24.304, "_x": -1, "_y": 0}, {"_time": 24.317, "_x": -1, "_y": 0}, {"_time": 24.33, "_x": -1, "_y": 1}, {"_time": 24.38, "_x": 1, "_y": 1}, {"_time": 24.43, "_x": 1, "_y": -1}, {"_time": 24.442, "_x": 1, "_y": -1}, {"_time": 24.454, "_x": 0, "_y": -1}, {"_time": 24.467, "_x": 0, "_y": -1}, {"_time": 24.479, "_x": -1, "_y": -1}, {"_time": 24.492, "_x": -1, "_y": -1}, {"_time": 24.504, "_x": -1, "_y": 0}, {"_time": 24.517, "_x": -1, "_y": 0}, {"_time": 24.53, "_x": -1, "_y": 1}, {"_time": 24.542, "_x": -1, "_y": 1}, {"_time": 24.554, "_x": 0, "_y": 1}, {"_time": 24.567, "_x": 0, "_y": 1}, {"_time": 24.579, "_x": 1, "_y": 1}, {"_time": 24.592, "_x": 1, "_y": 1}, {"_time": 24.604, "_x": 1, "_y": 0}, {"_time": 24.617, "_x": 1, "_y": 0}, {"_time": 24.629, "_x": 1, "_y": -1}, {"_time": 24.642, "_x": 1, "_y": -1}, {"_time": 24.654, "_x": 0, "_y": -1}, {"_time": 24.667, "_x": 0, "_y": -1}, {"_time": 24.679, "_x": -1, "_y": -1}, {"_time": 24.692, "_x": -1, "_y": -1}, {"_time": 24.704, "_x": -1, "_y": 0}, {"_time": 24.717, "_x": -1, "_y": 0}, {"_time": 24.73, "_x": -1, "_y": 1}, {"_time": 24.742, "_x": -1, "_y": 1}, {"_time": 24.754, "_x": 0, "_y": 1}, {"_time": 24.767, "_x": 0, "_y": 1}, {"_time": 24.779, "_x": 1, "_y": 1}, {"_time": 24.792, "_x": 1, "_y": 1}, {"_time": 24.804, "_x": 1, "_y": 0}, {"_time": 24.817, "_x": 1, "_y": 0}, {"_time": 24.829, "_x": 1, "_y": -1}, {"_time": 24.842, "_x": 1, "_y": -1}, {"_time": 24.854, "_x": 0, "_y": -1}, {"_time": 24.867, "_x": 0, "_y": -1}, {"_time": 24.879, "_x": -1, "_y": -1}, {"_time": 24.892, "_x": -1, "_y": -1}, {"_time": 24.904, "_x": -1, "_y": 0}, {"_time": 24.917, "_x": -1, "_y": 0}, {"_time": 24.93, "_x": -1, "_y": 1}, {"_time": 24.942, "_x": -1, "_y": 1}, {"_time": 24.954, "_x": 0, "_y": 1}, {"_time": 24.967, "_x": 0, "_y": 1}, {"_time": 24.979, "_x": 1, "_y": 1}, {"_time": 24.992, "_x": 1, "_y": 1}, {"_time": 25.004, "_x": 1, "_y": 0}, {"_time": 25.017, "_x": 1, "_y": 0}, {"_time": 25.029, "_x": 1, "_y": -1}, {"_time": 25.042, "_x": 1, "_y": -1}, {"_time": 25.054, "_x": 0, "_y": -1}, {"_time": 25.067, "_x": 0, "_y": -1}, {"_time": 25.079, "_x": -1, "_y": -1}, {"_time": 25.092, "_x": -1, "_y": -1}, {"_time": 25.104, "_x": -1, "_y": 0}, {"_time": 25.117, "_x": -1, "_y": 0}, {"_time": 25.13, "_x": -1, "_y": 1}, {"_time": 25.18, "_x": 1, "_y": 1}, {"_time": 25.23, "_x": 1, "_y": -1}, {"_time": 25.242, "_x": 1, "_y": -1}, {"_time": 25.254, "_x": 0, "_y": -1}, {"_time": 25.267, "_x": 0, "_y": -1}, {"_time": 25.279, "_x": -1, "_y": -1}, {"_time": 25.292, "_x": -1, "_y": -1}, {"_time": 25.304, "_x": -1, "_y": 0}, {"_time": 25.317, "_x": -1, "_y": 0}, {"_time": 25.33, "_x": 0, "_y": 0}, {"_time": 25.342, "_x": 0, "_y": 0}, {"_time": 25.354, "_x": 1, "_y": 0}, {"_time": 25.367, "_x": 1, "_y": 0}, {"_time": 25.379, "_x": 1, "_y": 1}, {"_time": 25.392, "_x": 1, "_y": 1}, {"_time": 25.404, "_x": 0, "_y": 1}, {"_time": 25.417, "_x": 0, "_y": 1}, {"_time": 25.429, "_x": -1, "_y": 1}, {"_time": 25.442, "_x": -1, "_y": 1}, {"_time": 25.454, "_x": -1, "_y": 0}, {"_time": 25.467, "_x": -1, "_y": 0}, {"_time": 25.479, "_x": -1, "_y": -1}, {"_time": 25.492, "_x": -1, "_y": -1}, {"_time": 25.504, "_x": 0, "_y": -1}, {"_time": 25.517, "_x": 0, "_y": -1}, {"_time": 25.53, "_x": 1, "_y": -1}, {"_time": 25.58, "_x": 1, "_y": 1}, {"_time": 25.63, "_x": -1, "_y": 1}, {"_time": 25.642, "_x": -1, "_y": 1}, {"_time": 25.654, "_x": -1, "_y": 0}, {"_time": 25.667, "_x": -1, "_y": 0}, {"_time": 25.679, "_x": -1, "_y": -1}, {"_time": 25.692, "_x": -1, "_y": -1}, {"_time": 25.704, "_x": 0, "_y": -1}, {"_time": 25.717, "_x": 0, "_y": -1}, {"_time": 25.73, "_x": 0, "_y": 0}, {"_time": 25.742, "_x": 0, "_y": 0}, {"_time": 25.754, "_x": 0, "_y": 1}, {"_time": 25.767, "_x": 0, "_y": 1}, {"_time": 25.779, "_x": 1, "_y": 1}, {"_time": 25.792, "_x": 1, "_y": 1}, {"_time": 25.804, "_x": 1, "_y": 0}, {"_time": 25.817, "_x": 1, "_y": 0}, {"_time": 25.829, "_x": 1, "_y": -1}, {"_time": 25.842, "_x": 1, "_y": -1}, {"_time": 25.854, "_x": 0, "_y": -1}, {"_time": 25.867, "_x": 0, "_y": -1}, {"_time": 25.879, "_x": -1, "_y": -1}, {"_time": 25.892, "_x": -1, "_y": -1}, {"_time": 25.904, "_x": -1, "_y": 0}, {"_time": 25.917, "_x": -1, "_y": 0}, {"_time": 25.93, "_x": -1, "_y": 1}, {"_time": 25.98, "_x": 1, "_y": 1}, {"_time": 26.03, "_x": 1, "_y": -1}, {"_time": 26.042, "_x": 1, "_y": -1}, {"_time": 26.054, "_x": 0, "_y": -1}, {"_time": 26.067, "_x": 0, "_y": -1}, {"_time": 26.079, "_x": -1, "_y": -1}, {"_time": 26.092, "_x": -1, "_y": -1}, {"_time": 26.104, "_x": -1, "_y": 0}, {"_time": 26.117, "_x": -1, "_y": 0}, {"_time": 26.13, "_x": 0, "_y": 0}, {"_time": 26.142, "_x": 0, "_y": 0}, {"_time": 26.154, "_x": 1, "_y": 0}, {"_time": 26.167, "_x": 1, "_y": 0}, {"_time": 26.179, "_x": 1, "_y": 1}, {"_time": 26.192, "_x": 1, "_y": 1}, {"_time": 26.204, "_x": 0, "_y": 1}, {"_time": 26.217, "_x": 0, "_y": 1}, {"_time": 26.229, "_x": -1, "_y": 1}, {"_time": 26.242, "_x": -1, "_y": 1}, {"_time": 26.254, "_x": -1, "_y": 0}, {"_time": 26.267, "_x": -1, "_y": 0}, {"_time": 26.279, "_x": -1, "_y": -1}, {"_time": 26.292, "_x": -1, "_y": -1}, {"_time": 26.304, "_x": 0, "_y": -1}, {"_time": 26.317, "_x": 0, "_y": -1}, {"_time": 26.33, "_x": 1, "_y": -1}, {"_time": 26.38, "_x": 0, "_y": 1}, {"_time": 26.429, "_x": -1, "_y": -1}, {"_time": 26.479, "_x": 1, "_y": 0}, {"_time": 26.53, "_x": -1, "_y": 1}, {"_time": 26.58, "_x": 0, "_y": -1}, {"_time": 26.629, "_x": 0, "_y": 1}, {"_time": 26.679, "_x": 1, "_y": -1}, {"_time": 26.73, "_x": -1, "_y": -1}, {"_time": 26.742, "_x": -1, "_y": -1}, {"_time": 26.754, "_x": -1, "_y": 0}, {"_time": 26.767, "_x": -1, "_y": 0}, {"_time": 26.779, "_x": -1, "_y": 1}, {"_time": 26.792, "_x": -1, "_y": 1}, {"_time": 26.804, "_x": 0, "_y": 1}, {"_time": 26.817, "_x": 0, "_y": 1}, {"_time": 26.829, "_x": 1, "_y": 1}, {"_time": 26.842, "_x": 1, "_y": 1}, {"_time": 26.854, "_x": 1, "_y": 0}, {"_time": 26.867, "_x": 1, "_y": 0}, {"_time": 26.879, "_x": 1, "_y": -1}, {"_time": 26.892, "_x": 1, "_y": -1}, {"_time": 26.904, "_x": 0, "_y": -1}, {"_time": 26.917, "_x": 0, "_y": -1}, {"_time": 26.93, "_x": -1, "_y": -1}, {"_time": 26.942, "_x": -1, "_y": -1}, {"_time": 26.954, "_x": -1, "_y": 0}, {"_time": 26.967, "_x": -1, "_y": 0}, {"_time": 26.979, "_x": -1, "_y": 1}, {"_time": 26.992, "_x": -1, "_y": 1}, {"_time": 27.004, "_x": 0, "_y": 1}, {"_time": 27.017, "_x": 0, "_y": 1}, {"_time": 27.029, "_x": 1, "_y": 1}, {"_time": 27.042, "_x": 1, "_y": 1}, {"_time": 27.054, "_x": 1, "_y": 0}, {"_time": 27.067, "_x": 1, "_y": 0}, {"_time": 27.08, "_x": 1, "_y": -1}, {"_time": 27.092, "_x": 1, "_y": -1}, {"_time": 27.104, "_x": 0, "_y": -1}, {"_time": 27.117, "_x": 0, "_y": -1}, {"_time": 27.13, "_x": -1, "_y": -1}, {"_time": 27.18, "_x": -1, "_y": 1}, {"_time": 27.23, "_x": 1, "_y": 1}, {"_time": 27.242, "_x": 1, "_y": 1}, {"_time": 27.254, "_x": 1, "_y": 0}, {"_time": 27.267, "_x": 1, "_y": 0}, {"_time": 27.279, "_x": 1, "_y": -1}, {"_time": 27.292, "_x": 1, "_y": -1}, {"_time": 27.304, "_x": 0, "_y": -1}, {"_time": 27.317, "_x": 0, "_y": -1}, {"_time": 27.33, "_x": -1, "_y": -1}, {"_time": 27.342, "_x": -1, "_y": -1}, {"_time": 27.354, "_x": -1, "_y": 0}, {"_time": 27.367, "_x": -1, "_y": 0}, {"_time": 27.379, "_x": -1, "_y": 1}, {"_time": 27.392, "_x": -1, "_y": 1}, {"_time": 27.404, "_x": 0, "_y": 1}, {"_time": 27.417, "_x": 0, "_y": 1}, {"_time": 27.429, "_x": 1, "_y": 1}, {"_time": 27.442, "_x": 1, "_y": 1}, {"_time": 27.454, "_x": 1, "_y": 0}, {"_time": 27.467, "_x": 1, "_y": 0}, {"_time": 27.479, "_x": 1, "_y": -1}, {"_time": 27.492, "_x": 1, "_y": -1}, {"_time": 27.504, "_x": 0, "_y": -1}, {"_time": 27.517, "_x": 0, "_y": -1}, {"_time": 27.53, "_x": -1, "_y": -1}, {"_time": 27.58, "_x": -1, "_y": 1}, {"_time": 27.63, "_x": 1, "_y": 1}, {"_time": 27.642, "_x": 1, "_y": 1}, {"_time": 27.654, "_x": 1, "_y": 0}, {"_time": 27.667, "_x": 1, "_y": 0}, {"_time": 27.679, "_x": 1, "_y": -1}, {"_time": 27.692, "_x": 1, "_y": -1}, {"_time": 27.704, "_x": 0, "_y": -1}, {"_time": 27.717, "_x": 0, "_y": -1}, {"_time": 27.73, "_x": -1, "_y": -1}, {"_time": 27.742, "_x": -1, "_y": -1}, {"_time": 27.754, "_x": -1, "_y": 0}, {"_time": 27.767, "_x": -1, "_y": 0}, {"_time": 27.779, "_x": -1, "_y": 1}, {"_time": 27.792, "_x": -1, "_y": 1}, {"_time": 27.804, "_x": 0, "_y": 1}, {"_time": 27.817, "_x": 0, "_y": 1}, {"_time": 27.829, "_x": 1, "_y": 1}, {"_time": 27.842, "_x": 1, "_y": 1}, {"_time": 27.854, "_x": 1, "_y": 0}, {"_time": 27.867, "_x": 1, "_y": 0}, {"_time": 27.879, "_x": 1, "_y": -1}, {"_time": 27.892, "_x": 1, "_y": -1}, {"_time": 27.904, "_x": 0, "_y": -1}, {"_time": 27.917, "_x": 0, "_y": -1}, {"_time": 27.93, "_x": -1, "_y": -1}, {"_time": 27.942, "_x": -1, "_y": -1}, {"_time": 27.955, "_x": -1, "_y": 0}, {"_time": 27.967, "_x": -1, "_y": 0}, {"_time": 27.979, "_x": -1, "_y": 1}, {"_time": 27.992, "_x": -1, "_y": 1}, {"_time": 28.004, "_x": 0, "_y": 1}, {"_time": 28.017, "_x": 0, "_y": 1}, {"_time": 28.029, "_x": 1, "_y": 1}, {"_time": 28.042, "_x": 1, "_y": 1}, {"_time": 28.054, "_x": 1, "_y": 0}, {"_time": 28.067, "_x": 1, "_y": 0}, {"_time": 28.079, "_x": 1, "_y": -1}, {"_time": 28.092, "_x": 1, "_y": -1}, {"_time": 28.104, "_x": 0, "_y": -1}, {"_time": 28.117, "_x": 0, "_y": -1}, {"_time": 28.13, "_x": -1, "_y": -1}, {"_time": 28.142, "_x": -1, "_y": -1}, {"_time": 28.154, "_x": -1, "_y": 0}, {"_time": 28.167, "_x": -1, "_y": 0}, {"_time": 28.179, "_x": -1, "_y": 1}, {"_time": 28.192, "_x": -1, "_y": 1}, {"_time": 28.204, "_x": 0, "_y": 1}, {"_time": 28.217, "_x": 0, "_y": 1}, {"_time": 28.229, "_x": 1, "_y": 1}, {"_time": 28.242, "_x": 1, "_y": 1}, {"_time": 28.254, "_x": 1, "_y": 0}, {"_time": 28.267, "_x": 1, "_y": 0}, {"_time": 28.279, "_x": 1, "_y": -1}, {"_time": 28.292, "_x": 1, "_y": -1}, {"_time": 28.304, "_x": 0, "_y": -1}, {"_time": 28.317, "_x": 0, "_y": -1}, {"_time": 28.33, "_x": -1, "_y": -1}, {"_time": 28.38, "_x": -1, "_y": 1}, {"_time": 28.43, "_x": 1, "_y": 1}, {"_time": 28.442, "_x": 1, "_y": 1}, {"_time": 28.454, "_x": 1, "_y": 0}, {"_time": 28.467, "_x": 1, "_y": 0}, {"_time": 28.479, "_x": 1, "_y": -1}, {"_time": 28.492, "_x": 1, "_y": -1}, {"_time": 28.504, "_x": 0, "_y": -1}, {"_time": 28.517, "_x": 0, "_y": -1}, {"_time": 28.53, "_x": -1, "_y": -1}, {"_time": 28.542, "_x": -1, "_y": -1}, {"_time": 28.554, "_x": -1, "_y": 0}, {"_time": 28.567, "_x": -1, "_y": 0}, {"_time": 28.579, "_x": -1, "_y": 1}, {"_time": 28.592, "_x": -1, "_y": 1}, {"_time": 28.604, "_x": 0, "_y": 1}, {"_time": 28.617, "_x": 0, "_y": 1}, {"_time": 28.629, "_x": 1, "_y": 1}, {"_time": 28.642, "_x": 1, "_y": 1}, {"_time": 28.654, "_x": 1, "_y": 0}, {"_time": 28.667, "_x": 1, "_y": 0}, {"_time": 28.679, "_x": 1, "_y": -1}, {"_time": 28.692, "_x": 1, "_y": -1}, {"_time": 28.704, "_x": 0, "_y": -1}, {"_time": 28.717, "_x": 0, "_y": -1}, {"_time": 28.73, "_x": -1, "_y": -1}, {"_time": 28.742, "_x": -1, "_y": -1}, {"_time": 28.754, "_x": -1, "_y": 0}, {"_time": 28.767, "_x": -1, "_y": 0}, {"_time": 28.779, "_x": -1, "_y": 1}, {"_time": 28.792, "_x": -1, "_y": 1}, {"_time": 28.804, "_x": 0, "_y": 1}, {"_time": 28.817, "_x": 0, "_y": 1}, {"_time": 28.829, "_x": 1, "_y": 1}, {"_time": 28.842, "_x": 1, "_y": 1}, {"_time": 28.854, "_x": 1, "_y": 0}, {"_time": 28.867, "_x": 1, "_y": 0}, {"_time": 28.879, "_x": 1, "_y": -1}, {"_time": 28.892, "_x": 1, "_y": -1}, {"_time": 28.904, "_x": 0, "_y": -1}, {"_time": 28.917, "_x": 0, "_y": -1}, {"_time": 28.93, "_x": -1, "_y": -1}, {"_time": 28.942, "_x": -1, "_y": -1}, {"_time": 28.954, "_x": -1, "_y": 0}, {"_time": 28.967, "_x": -1, "_y": 0}, {"_time": 28.979, "_x": -1, "_y": 1}, {"_time": 28.992, "_x": -1, "_y": 1}, {"_time": 29.004, "_x": 0, "_y": 1}, {"_time": 29.017, "_x": 0, "_y": 1}, {"_time": 29.029, "_x": 1, "_y": 1}, {"_time": 29.042, "_x": 1, "_y": 1}, {"_time": 29.054, "_x": 1, "_y": 0}, {"_time": 29.067, "_x": 1, "_y": 0}, {"_time": 29.079, "_x": 1, "_y": -1}, {"_time": 29.092, "_x": 1, "_y": -1}, {"_time": 29.104, "_x": 0, "_y": -1}, {"_time": 29.117, "_x": 0, "_y": -1}, {"_time": 29.13, "_x": -1, "_y": -1}, {"_time": 29.142, "_x": -1, "_y": -1}, {"_time": 29.154, "_x": -1, "_y": 0}, {"_time": 29.167, "_x": -1, "_y": 0}, {"_time": 29.179, "_x": -1, "_y": 1}, {"_time": 29.192, "_x": -1, "_y": 1}, {"_time": 29.204, "_x": 0, "_y": 1}, {"_time": 29.217, "_x": 0, "_y": 1}, {"_time": 29.229, "_x": 1, "_y": 1}, {"_time": 29.242, "_x": 1, "_y": 1}, {"_time": 29.254, "_x": 1, "_y": 0}, {"_time": 29.267, "_x": 1, "_y": 0}, {"_time": 29.279, "_x": 1, "_y": -1}, {"_time": 29.292, "_x": 1, "_y": -1}, {"_time": 29.304, "_x": 0, "_y": -1}, {"_time": 29.317, "_x": 0, "_y": -1}, {"_time": 29.33, "_x": -1, "_y": -1}, {"_time": 29.342, "_x": -1, "_y": -1}, {"_time": 29.354, "_x": -1, "_y": 0}, {"_time": 29.367, "_x": -1, "_y": 0}, {"_time": 29.379, "_x": -1, "_y": 1}, {"_time": 29.392, "_x": -1, "_y": 1}, {"_time": 29.404, "_x": 0, "_y": 1}, {"_time": 29.417, "_x": 0, "_y": 1}, {"_time": 29.429, "_x": 1, "_y": 1}, {"_time": 29.442, "_x": 1, "_y": 1}, {"_time": 29.454, "_x": 1, "_y": 0}, {"_time": 29.467, "_x": 1, "_y": 0}, {"_time": 29.479, "_x": 1, "_y": -1}, {"_time": 29.492, "_x": 1, "_y": -1}, {"_time": 29.504, "_x": 0, "_y": -1}, {"_time": 29.517, "_x": 0, "_y": -1}, {"_time": 29.53, "_x": -1, "_y": -1}, {"_time": 29.542, "_x": -1, "_y": -1}, {"_time": 29.554, "_x": -1, "_y": 0}, {"_time": 29.567, "_x": -1, "_y": 0}, {"_time": 29.579, "_x": -1, "_y": 1}, {"_time": 29.592, "_x": -1, "_y": 1}, {"_time": 29.604, "_x": 0, "_y": 1}, {"_time": 29.617, "_x": 0, "_y": 1}, {"_time": 29.629, "_x": 1, "_y": 1}, {"_time": 29.642, "_x": 1, "_y": 1}, {"_time": 29.654, "_x": 1, "_y": 0}, {"_time": 29.667, "_x": 1, "_y": 0}, {"_time": 29.679, "_x": 1, "_y": -1}, {"_time": 29.692, "_x": 1, "_y": -1}, {"_time": 29.704, "_x": 0, "_y": -1}, {"_time": 29.717, "_x": 0, "_y": -1}, {"_time": 29.73, "_x": -1, "_y": -1}, {"_time": 29.742, "_x": -1, "_y": -1}, {"_time": 29.754, "_x": -1, "_y": 0}, {"_time": 29.767, "_x": -1, "_y": 0}, {"_time": 29.779, "_x": 0, "_y": 0}, {"_time": 29.792, "_x": 0, "_y": 0}, {"_time": 29.804, "_x": 1, "_y": 0}, {"_time": 29.817, "_x": 1, "_y": 0}, {"_time": 29.829, "_x": 1, "_y": 1}, {"_time": 29.842, "_x": 1, "_y": 1}, {"_time": 29.854, "_x": 0, "_y": 1}, {"_time": 29.867, "_x": 0, "_y": 1}, {"_time": 29.879, "_x": -1, "_y": 1}, {"_time": 29.892, "_x": -1, "_y": 1}, {"_time": 29.904, "_x": -1, "_y": 0}, {"_time": 29.917, "_x": -1, "_y": 0}, {"_time": 29.93, "_x": -1, "_y": -1}, {"_time": 29.98, "_x": 1, "_y": 0}, {"_time": 30.029, "_x": -1, "_y": 0}, {"_time": 30.079, "_x": 1, "_y": -1}, {"_time": 30.13, "_x": 0, "_y": 1}, {"_time": 30.179, "_x": 0, "_y": -1}, {"_time": 30.229, "_x": -1, "_y": 1}, {"_time": 30.279, "_x": 1, "_y": 0}, {"_time": 30.33, "_x": -1, "_y": -1}, {"_time": 30.379, "_x": 0, "_y": 1}, {"_time": 30.429, "_x": 1, "_y": -1}, {"_time": 30.479, "_x": -1, "_y": 0}, {"_time": 30.53, "_x": 1, "_y": 1}, {"_time": 30.58, "_x": 0, "_y": -1}, {"_time": 30.63, "_x": -1, "_y": 1}, {"_time": 30.654, "_x": 0, "_y": 1}, {"_time": 30.679, "_x": 1, "_y": 1}, {"_time": 30.704, "_x": 1, "_y": 0}, {"_time": 30.73, "_x": 1, "_y": -1}, {"_time": 30.779, "_x": -1, "_y": -1}, {"_time": 30.829, "_x": 0, "_y": 1}, {"_time": 30.879, "_x": 0, "_y": -1}, {"_time": 30.93, "_x": -1, "_y": 1}, {"_time": 30.979, "_x": 1, "_y": 0}, {"_time": 31.029, "_x": -1, "_y": -1}, {"_time": 31.079, "_x": 0, "_y": 1}, {"_time": 31.13, "_x": 1, "_y": -1}, {"_time": 31.18, "_x": -1, "_y": 0}, {"_time": 31.229, "_x": 1, "_y": 1}, {"_time": 31.254, "_x": 1, "_y": 0}, {"_time": 31.279, "_x": 1, "_y": -1}, {"_time": 31.304, "_x": 0, "_y": -1}, {"_time": 31.33, "_x": -1, "_y": -1}, {"_time": 31.38, "_x": 0, "_y": 1}, {"_time": 31.429, "_x": 0, "_y": -1}, {"_time": 31.479, "_x": -1, "_y": 1}, {"_time": 31.53, "_x": 1, "_y": -1}, {"_time": 31.579, "_x": -1, "_y": 0}, {"_time": 31.629, "_x": 1, "_y": 1}, {"_time": 31.679, "_x": 0, "_y": -1}, {"_time": 31.73, "_x": -1, "_y": 1}, {"_time": 31.78, "_x": 1, "_y": 0}, {"_time": 31.829, "_x": -1, "_y": 0}, {"_time": 31.879, "_x": 1, "_y": -1}, {"_time": 31.93, "_x": 0, "_y": 1}, {"_time": 31.979, "_x": -1, "_y": -1}, {"_time": 32.029, "_x": 1, "_y": 0}, {"_time": 32.079, "_x": -1, "_y": 0}, {"_time": 32.13, "_x": 1, "_y": -1}, {"_time": 32.18, "_x": 0, "_y": 1}, {"_time": 32.23, "_x": -1, "_y": -1}, {"_time": 32.254, "_x": 0, "_y": -1}, {"_time": 32.279, "_x": 1, "_y": -1}, {"_time": 32.304, "_x": 1, "_y": 0}, {"_time": 32.33, "_x": 1, "_y": 1}, {"_time": 32.379, "_x": -1, "_y": 0}, {"_time": 32.429, "_x": 1, "_y": -1}, {"_time": 32.479, "_x": 0, "_y": 1}, {"_time": 32.53, "_x": 0, "_y": -1}, {"_time": 32.579, "_x": -1, "_y": 1}, {"_time": 32.629, "_x": 1, "_y": 0}, {"_time": 32.679, "_x": -1, "_y": -1}, {"_time": 32.73, "_x": 0, "_y": 1}, {"_time": 32.754, "_x": 0, "_y": 0}, {"_time": 32.779, "_x": 0, "_y": -1}, {"_time": 33.13, "_x": -1, "_y": 1}, {"_time": 33.142, "_x": -1, "_y": 1}, {"_time": 33.154, "_x": 0, "_y": 1}, {"_time": 33.167, "_x": 0, "_y": 1}, {"_time": 33.179, "_x": 1, "_y": 1}, {"_time": 33.192, "_x": 1, "_y": 1}, {"_time": 33.204, "_x": 1, "_y": 0}, {"_time": 33.217, "_x": 1, "_y": 0}, {"_time": 33.229, "_x": 0, "_y": 0}, {"_time": 33.242, "_x": 0, "_y": 0}, {"_time": 33.254, "_x": -1, "_y": 0}, {"_time": 33.267, "_x": -1, "_y": 0}, {"_time": 33.279, "_x": -1, "_y": -1}, {"_time": 33.292, "_x": -1, "_y": -1}, {"_time": 33.304, "_x": 0, "_y": -1}, {"_time": 33.317, "_x": 0, "_y": -1}, {"_time": 33.33, "_x": 1, "_y": -1}, {"_time": 33.342, "_x": 1, "_y": -1}, {"_time": 33.354, "_x": 1, "_y": 0}, {"_time": 33.367, "_x": 1, "_y": 0}, {"_time": 33.379, "_x": 1, "_y": 1}, {"_time": 33.392, "_x": 1, "_y": 1}, {"_time": 33.404, "_x": 0, "_y": 1}, {"_time": 33.417, "_x": 0, "_y": 1}, {"_time": 33.429, "_x": 0, "_y": 0}, {"_time": 33.442, "_x": 0, "_y": 0}, {"_time": 33.454, "_x": 0, "_y": -1}, {"_time": 33.467, "_x": 0, "_y": -1}, {"_time": 33.479, "_x": -1, "_y": -1}, {"_time": 33.492, "_x": -1, "_y": -1}, {"_time": 33.504, "_x": -1, "_y": 0}, {"_time": 33.517, "_x": -1, "_y": 0}, {"_time": 33.53, "_x": -1, "_y": 1}, {"_time": 33.542, "_x": -1, "_y": 1}, {"_time": 33.554, "_x": 0, "_y": 1}, {"_time": 33.567, "_x": 0, "_y": 1}, {"_time": 33.579, "_x": 1, "_y": 1}, {"_time": 33.592, "_x": 1, "_y": 1}, {"_time": 33.604, "_x": 1, "_y": 0}, {"_time": 33.617, "_x": 1, "_y": 0}, {"_time": 33.629, "_x": 1, "_y": -1}, {"_time": 33.642, "_x": 1, "_y": -1}, {"_time": 33.654, "_x": 0, "_y": -1}, {"_time": 33.667, "_x": 0, "_y": -1}, {"_time": 33.679, "_x": -1, "_y": -1}, {"_time": 33.692, "_x": -1, "_y": -1}, {"_time": 33.704, "_x": -1, "_y": 0}, {"_time": 33.717, "_x": -1, "_y": 0}, {"_time": 33.73, "_x": -1, "_y": 1}, {"_time": 33.742, "_x": -1, "_y": 1}, {"_time": 33.754, "_x": 0, "_y": 1}, {"_time": 33.767, "_x": 0, "_y": 1}, {"_time": 33.779, "_x": 1, "_y": 1}, {"_time": 33.792, "_x": 1, "_y": 1}, {"_time": 33.804, "_x": 1, "_y": 0}, {"_time": 33.817, "_x": 1, "_y": 0}, {"_time": 33.829, "_x": 1, "_y": -1}, {"_time": 33.842, "_x": 1, "_y": -1}, {"_time": 33.854, "_x": 0, "_y": -1}, {"_time": 33.867, "_x": 0, "_y": -1}, {"_time": 33.879, "_x": 0, "_y": 0}, {"_time": 33.892, "_x": 0, "_y": 0}, {"_time": 33.905, "_x": 0, "_y": 1}, {"_time": 33.917, "_x": 0, "_y": 1}, {"_time": 33.93, "_x": -1, "_y": 1}, {"_time": 33.979, "_x": -1, "_y": -1}, {"_time": 34.03, "_x": 1, "_y": -1}, {"_time": 34.042, "_x": 1, "_y": -1}, {"_time": 34.054, "_x": 1, "_y": 0}, {"_time": 34.067, "_x": 1, "_y": 0}, {"_time": 34.079, "_x": 1, "_y": 1}, {"_time": 34.092, "_x": 1, "_y": 1}, {"_time": 34.104, "_x": 0, "_y": 1}, {"_time": 34.117, "_x": 0, "_y": 1}, {"_time": 34.13, "_x": -1, "_y": 1}, {"_time": 34.142, "_x": -1, "_y": 1}, {"_time": 34.154, "_x": -1, "_y": 0}, {"_time": 34.167, "_x": -1, "_y": 0}, {"_time": 34.179, "_x": -1, "_y": -1}, {"_time": 34.192, "_x": -1, "_y": -1}, {"_time": 34.204, "_x": 0, "_y": -1}, {"_time": 34.217, "_x": 0, "_y": -1}, {"_time": 34.229, "_x": 1, "_y": -1}, {"_time": 34.242, "_x": 1, "_y": -1}, {"_time": 34.254, "_x": 1, "_y": 0}, {"_time": 34.267, "_x": 1, "_y": 0}, {"_time": 34.279, "_x": 0, "_y": 0}, {"_time": 34.292, "_x": 0, "_y": 0}, {"_time": 34.304, "_x": -1, "_y": 0}, {"_time": 34.317, "_x": -1, "_y": 0}, {"_time": 34.33, "_x": -1, "_y": 1}, {"_time": 34.342, "_x": -1, "_y": 1}, {"_time": 34.354, "_x": 0, "_y": 1}, {"_time": 34.367, "_x": 0, "_y": 1}, {"_time": 34.379, "_x": 1, "_y": 1}, {"_time": 34.392, "_x": 1, "_y": 1}, {"_time": 34.404, "_x": 1, "_y": 0}, {"_time": 34.417, "_x": 1, "_y": 0}, {"_time": 34.429, "_x": 1, "_y": -1}, {"_time": 34.442, "_x": 1, "_y": -1}, {"_time": 34.454, "_x": 0, "_y": -1}, {"_time": 34.467, "_x": 0, "_y": -1}, {"_time": 34.479, "_x": -1, "_y": -1}, {"_time": 34.492, "_x": -1, "_y": -1}, {"_time": 34.504, "_x": -1, "_y": 0}, {"_time": 34.517, "_x": -1, "_y": 0}, {"_time": 34.53, "_x": 0, "_y": 0}, {"_time": 34.542, "_x": 0, "_y": 0}, {"_time": 34.554, "_x": 1, "_y": 0}, {"_time": 34.567, "_x": 1, "_y": 0}, {"_time": 34.579, "_x": 1, "_y": 1}, {"_time": 34.592, "_x": 1, "_y": 1}, {"_time": 34.604, "_x": 0, "_y": 1}, {"_time": 34.617, "_x": 0, "_y": 1}, {"_time": 34.629, "_x": -1, "_y": 1}, {"_time": 34.642, "_x": -1, "_y": 1}, {"_time": 34.654, "_x": -1, "_y": 0}, {"_time": 34.667, "_x": -1, "_y": 0}, {"_time": 34.679, "_x": -1, "_y": -1}, {"_time": 34.692, "_x": -1, "_y": -1}, {"_time": 34.704, "_x": 0, "_y": -1}, {"_time": 34.717, "_x": 0, "_y": -1}, {"_time": 34.73, "_x": 1, "_y": -1}, {"_time": 34.779, "_x": 1, "_y": 1}, {"_time": 34.83, "_x": -1, "_y": 1}, {"_time": 34.842, "_x": -1, "_y": 1}, {"_time": 34.854, "_x": -1, "_y": 0}, {"_time": 34.867, "_x": -1, "_y": 0}, {"_time": 34.879, "_x": 0, "_y": 0}, {"_time": 34.892, "_x": 0, "_y": 0}, {"_time": 34.904, "_x": 1, "_y": 0}, {"_time": 34.917, "_x": 1, "_y": 0}, {"_time": 34.93, "_x": 1, "_y": -1}, {"_time": 34.942, "_x": 1, "_y": -1}, {"_time": 34.954, "_x": 0, "_y": -1}, {"_time": 34.967, "_x": 0, "_y": -1}, {"_time": 34.979, "_x": -1, "_y": -1}, {"_time": 34.992, "_x": -1, "_y": -1}, {"_time": 35.004, "_x": -1, "_y": 0}, {"_time": 35.017, "_x": -1, "_y": 0}, {"_time": 35.029, "_x": -1, "_y": 1}, {"_time": 35.042, "_x": -1, "_y": 1}, {"_time": 35.054, "_x": 0, "_y": 1}, {"_time": 35.067, "_x": 0, "_y": 1}, {"_time": 35.079, "_x": 0, "_y": 0}, {"_time": 35.092, "_x": 0, "_y": 0}, {"_time": 35.104, "_x": 0, "_y": -1}, {"_time": 35.117, "_x": 0, "_y": -1}, {"_time": 35.13, "_x": 1, "_y": -1}, {"_time": 35.142, "_x": 1, "_y": -1}, {"_time": 35.154, "_x": 1, "_y": 0}, {"_time": 35.167, "_x": 1, "_y": 0}, {"_time": 35.179, "_x": 1, "_y": 1}, {"_time": 35.192, "_x": 1, "_y": 1}, {"_time": 35.204, "_x": 0, "_y": 1}, {"_time": 35.217, "_x": 0, "_y": 1}, {"_time": 35.229, "_x": -1, "_y": 1}, {"_time": 35.242, "_x": -1, "_y": 1}, {"_time": 35.254, "_x": -1, "_y": 0}, {"_time": 35.267, "_x": -1, "_y": 0}, {"_time": 35.279, "_x": -1, "_y": -1}, {"_time": 35.292, "_x": -1, "_y": -1}, {"_time": 35.305, "_x": 0, "_y": -1}, {"_time": 35.317, "_x": 0, "_y": -1}, {"_time": 35.33, "_x": 1, "_y": -1}, {"_time": 35.342, "_x": 1, "_y": -1}, {"_time": 35.354, "_x": 1, "_y": 0}, {"_time": 35.367, "_x": 1, "_y": 0}, {"_time": 35.379, "_x": 0, "_y": 0}, {"_time": 35.392, "_x": 0, "_y": 0}, {"_time": 35.404, "_x": -1, "_y": 0}, {"_time": 35.417, "_x": -1, "_y": 0}, {"_time": 35.429, "_x": -1, "_y": 1}, {"_time": 35.442, "_x": -1, "_y": 1}, {"_time": 35.454, "_x": 0, "_y": 1}, {"_time": 35.467, "_x": 0, "_y": 1}, {"_time": 35.479, "_x": 1, "_y": 1}, {"_time": 35.492, "_x": 1, "_y": 1}, {"_time": 35.504, "_x": 1, "_y": 0}, {"_time": 35.517, "_x": 1, "_y": 0}, {"_time": 35.53, "_x": 1, "_y": -1}, {"_time": 35.542, "_x": 1, "_y": -1}, {"_time": 35.554, "_x": -1, "_y": -1}, {"_time": 35.567, "_x": -1, "_y": -1}, {"_time": 35.579, "_x": -1, "_y": 1}, {"_time": 35.592, "_x": -1, "_y": 1}, {"_time": 35.604, "_x": 1, "_y": 1}, {"_time": 35.617, "_x": 1, "_y": 1}, {"_time": 35.629, "_x": 1, "_y": -1}, {"_time": 35.642, "_x": 1, "_y": -1}, {"_time": 35.654, "_x": -1, "_y": -1}, {"_time": 35.667, "_x": -1, "_y": -1}, {"_time": 35.679, "_x": -1, "_y": 1}, {"_time": 35.692, "_x": -1, "_y": 1}, {"_time": 35.704, "_x": 1, "_y": 1}, {"_time": 35.717, "_x": 1, "_y": 1}, {"_time": 35.73, "_x": 1, "_y": -1}, {"_time": 35.742, "_x": 1, "_y": -1}, {"_time": 35.754, "_x": -1, "_y": -1}, {"_time": 35.767, "_x": -1, "_y": -1}, {"_time": 35.779, "_x": -1, "_y": 1}, {"_time": 35.792, "_x": -1, "_y": 1}, {"_time": 35.804, "_x": 1, "_y": 1}, {"_time": 35.817, "_x": 1, "_y": 1}, {"_time": 35.829, "_x": 1, "_y": -1}, {"_time": 35.842, "_x": 1, "_y": -1}, {"_time": 35.854, "_x": -1, "_y": -1}, {"_time": 35.867, "_x": -1, "_y": -1}, {"_time": 35.879, "_x": -1, "_y": 1}, {"_time": 35.892, "_x": -1, "_y": 1}, {"_time": 35.904, "_x": 1, "_y": 1}, {"_time": 35.917, "_x": 1, "_y": 1}, {"_time": 35.93, "_x": 1, "_y": -1}, {"_time": 35.942, "_x": 1, "_y": -1}, {"_time": 35.954, "_x": -1, "_y": -1}, {"_time": 35.967, "_x": -1, "_y": -1}, {"_time": 35.979, "_x": -1, "_y": 1}, {"_time": 35.992, "_x": -1, "_y": 1}, {"_time": 36.004, "_x": 1, "_y": 1}, {"_time": 36.017, "_x": 1, "_y": 1}, {"_time": 36.029, "_x": 1, "_y": -1}, {"_time": 36.042, "_x": 1, "_y": -1}, {"_time": 36.054, "_x": -1, "_y": -1}, {"_time": 36.067, "_x": -1, "_y": -1}, {"_time": 36.079, "_x": -1, "_y": 1}, {"_time": 36.092, "_x": -1, "_y": 1}, {"_time": 36.104, "_x": 1, "_y": 1}, {"_time": 36.117, "_x": 1, "_y": 1}, {"_time": 36.13, "_x": 1, "_y": -1}, {"_time": 36.142, "_x": 1, "_y": -1}, {"_time": 36.154, "_x": -1, "_y": -1}, {"_time": 36.167, "_x": -1, "_y": -1}, {"_time": 36.179, "_x": -1, "_y": 1}, {"_time": 36.192, "_x": -1, "_y": 1}, {"_time": 36.204, "_x": 1, "_y": 1}, {"_time": 36.217, "_x": 1, "_y": 1}, {"_time": 36.229, "_x": 1, "_y": -1}, {"_time": 36.242, "_x": 1, "_y": -1}, {"_time": 36.254, "_x": -1, "_y": -1}, {"_time": 36.267, "_x": -1, "_y": -1}, {"_time": 36.279, "_x": -1, "_y": 1}, {"_time": 36.292, "_x": -1, "_y": 1}, {"_time": 36.304, "_x": 1, "_y": 1}, {"_time": 36.317, "_x": 1, "_y": 1}, {"_time": 36.33, "_x": 0, "_y": 0}, {"_time": 36.342, "_x": -1, "_y": 0}, {"_time": 49.13, "_x": 1, "_y": 1}, {"_time": 49.178, "_x": 0, "_y": -1}, {"_time": 49.229, "_x": -1, "_y": 1}, {"_time": 49.279, "_x": 1, "_y": 0}, {"_time": 49.33, "_x": -1, "_y": -1}, {"_time": 49.378, "_x": 0, "_y": 1}, {"_time": 49.405, "_x": 0, "_y": 1}, {"_time": 49.429, "_x": 0, "_y": -1}, {"_time": 49.454, "_x": 0, "_y": -1}, {"_time": 49.479, "_x": -1, "_y": 1}, {"_time": 49.504, "_x": -1, "_y": 1}, {"_time": 49.53, "_x": 1, "_y": -1}, {"_time": 49.555, "_x": 1, "_y": -1}, {"_time": 50.73, "_x": 1, "_y": 1}, {"_time": 50.754, "_x": 0, "_y": 1}, {"_time": 50.779, "_x": -1, "_y": 1}, {"_time": 50.804, "_x": -1, "_y": 0}, {"_time": 50.829, "_x": 0, "_y": 0}, {"_time": 50.854, "_x": 1, "_y": 0}, {"_time": 50.879, "_x": 1, "_y": -1}, {"_time": 50.904, "_x": 0, "_y": -1}, {"_time": 50.93, "_x": -1, "_y": -1}, {"_time": 50.98, "_x": -1, "_y": 1}, {"_time": 51.03, "_x": 1, "_y": 1}, {"_time": 51.054, "_x": 1, "_y": 0}, {"_time": 51.079, "_x": 1, "_y": -1}, {"_time": 51.105, "_x": 0, "_y": -1}, {"_time": 51.13, "_x": -1, "_y": -1}, {"_time": 52.33, "_x": 1, "_y": 1}, {"_time": 52.354, "_x": 0, "_y": 1}, {"_time": 52.379, "_x": -1, "_y": 1}, {"_time": 52.404, "_x": -1, "_y": 0}, {"_time": 52.429, "_x": 0, "_y": 0}, {"_time": 52.454, "_x": 1, "_y": 0}, {"_time": 52.479, "_x": 1, "_y": -1}, {"_time": 52.504, "_x": 0, "_y": -1}, {"_time": 52.53, "_x": -1, "_y": -1}, {"_time": 52.579, "_x": 0, "_y": 1}, {"_time": 52.629, "_x": 0, "_y": -1}, {"_time": 52.679, "_x": -1, "_y": 1}, {"_time": 52.73, "_x": 1, "_y": 0}, {"_time": 52.779, "_x": -1, "_y": -1}, {"_time": 52.805, "_x": -1, "_y": -1}, {"_time": 52.829, "_x": 0, "_y": 1}, {"_time": 52.854, "_x": 0, "_y": 1}, {"_time": 52.879, "_x": 1, "_y": -1}, {"_time": 52.93, "_x": -1, "_y": 0}, {"_time": 52.98, "_x": 1, "_y": 0}, {"_time": 53.03, "_x": -1, "_y": -1}, {"_time": 53.08, "_x": 0, "_y": 1}, {"_time": 53.105, "_x": 0, "_y": 0}, {"_time": 53.13, "_x": 0, "_y": -1}, {"_time": 53.93, "_x": -1, "_y": 1}, {"_time": 53.979, "_x": 1, "_y": 1}, {"_time": 54.029, "_x": -1, "_y": 0}, {"_time": 54.079, "_x": 1, "_y": -1}, {"_time": 54.13, "_x": 0, "_y": 1}, {"_time": 54.179, "_x": -1, "_y": -1}, {"_time": 54.229, "_x": 1, "_y": 0}, {"_time": 54.255, "_x": 1, "_y": 0}, {"_time": 54.279, "_x": -1, "_y": 0}, {"_time": 54.305, "_x": -1, "_y": 0}, {"_time": 54.33, "_x": 1, "_y": 1}, {"_time": 54.379, "_x": 0, "_y": -1}, {"_time": 54.429, "_x": -1, "_y": 1}, {"_time": 54.454, "_x": 0, "_y": 1}, {"_time": 54.479, "_x": 1, "_y": 1}, {"_time": 54.504, "_x": 1, "_y": 0}, {"_time": 54.53, "_x": 0, "_y": 0}, {"_time": 54.554, "_x": -1, "_y": 0}, {"_time": 54.579, "_x": -1, "_y": -1}, {"_time": 54.604, "_x": 0, "_y": -1}, {"_time": 54.629, "_x": 1, "_y": -1}, {"_time": 54.654, "_x": 1, "_y": 0}, {"_time": 54.679, "_x": 1, "_y": 1}, {"_time": 54.704, "_x": 0, "_y": 1}, {"_time": 54.73, "_x": -1, "_y": 1}, {"_time": 55.53, "_x": 1, "_y": 0}, {"_time": 55.554, "_x": 1, "_y": 0}, {"_time": 55.579, "_x": -1, "_y": -1}, {"_time": 55.604, "_x": -1, "_y": -1}, {"_time": 55.629, "_x": 0, "_y": 1}, {"_time": 55.654, "_x": 0, "_y": 1}, {"_time": 55.679, "_x": 1, "_y": -1}, {"_time": 55.704, "_x": 1, "_y": -1}, {"_time": 55.729, "_x": -1, "_y": 0}, {"_time": 55.754, "_x": -1, "_y": 0}, {"_time": 55.779, "_x": 1, "_y": 1}, {"_time": 55.804, "_x": 1, "_y": 1}, {"_time": 55.83, "_x": 0, "_y": -1}, {"_time": 55.854, "_x": 0, "_y": -1}, {"_time": 55.879, "_x": -1, "_y": 1}, {"_time": 55.904, "_x": -1, "_y": 1}, {"_time": 55.929, "_x": 1, "_y": 1}, {"_time": 55.954, "_x": 1, "_y": 0}, {"_time": 55.979, "_x": 1, "_y": -1}, {"_time": 56.004, "_x": 0, "_y": -1}, {"_time": 56.029, "_x": 0, "_y": 0}, {"_time": 56.054, "_x": 0, "_y": 1}, {"_time": 56.079, "_x": -1, "_y": 1}, {"_time": 56.104, "_x": -1, "_y": 0}, {"_time": 56.129, "_x": -1, "_y": -1}, {"_time": 56.154, "_x": 0, "_y": -1}, {"_time": 56.179, "_x": 1, "_y": -1}, {"_time": 56.204, "_x": 1, "_y": 0}, {"_time": 56.229, "_x": 0, "_y": 0}, {"_time": 56.254, "_x": -1, "_y": 0}, {"_time": 56.279, "_x": -1, "_y": 1}, {"_time": 56.304, "_x": 0, "_y": 1}, {"_time": 56.329, "_x": 1, "_y": 1}, {"_time": 57.129, "_x": -1, "_y": 1}, {"_time": 57.154, "_x": 0, "_y": 1}, {"_time": 57.179, "_x": 1, "_y": 1}, {"_time": 57.204, "_x": 1, "_y": 0}, {"_time": 57.229, "_x": 0, "_y": 0}, {"_time": 57.254, "_x": -1, "_y": 0}, {"_time": 57.279, "_x": -1, "_y": -1}, {"_time": 57.304, "_x": 0, "_y": -1}, {"_time": 57.329, "_x": 1, "_y": -1}, {"_time": 57.38, "_x": 1, "_y": 1}, {"_time": 57.43, "_x": -1, "_y": 1}, {"_time": 57.454, "_x": -1, "_y": 0}, {"_time": 57.479, "_x": 0, "_y": 0}, {"_time": 57.504, "_x": 1, "_y": 0}, {"_time": 57.529, "_x": 1, "_y": -1}, {"_time": 58.729, "_x": -1, "_y": -1}, {"_time": 58.779, "_x": 0, "_y": 1}, {"_time": 58.829, "_x": 1, "_y": -1}, {"_time": 58.879, "_x": -1, "_y": 0}, {"_time": 58.929, "_x": 1, "_y": 1}, {"_time": 58.955, "_x": 1, "_y": 0}, {"_time": 58.979, "_x": 1, "_y": -1}, {"_time": 59.004, "_x": 0, "_y": -1}, {"_time": 59.029, "_x": 0, "_y": 0}, {"_time": 59.054, "_x": 0, "_y": 1}, {"_time": 59.079, "_x": -1, "_y": 1}, {"_time": 59.104, "_x": -1, "_y": 0}, {"_time": 59.129, "_x": -1, "_y": -1}, {"_time": 60.33, "_x": 1, "_y": 0}, {"_time": 60.38, "_x": -1, "_y": -1}, {"_time": 60.404, "_x": -1, "_y": 0}, {"_time": 60.429, "_x": -1, "_y": 1}, {"_time": 60.454, "_x": 0, "_y": 1}, {"_time": 60.479, "_x": 0, "_y": 0}, {"_time": 60.504, "_x": 0, "_y": -1}, {"_time": 60.529, "_x": 1, "_y": -1}, {"_time": 60.554, "_x": 1, "_y": 0}, {"_time": 60.579, "_x": 1, "_y": 1}, {"_time": 60.604, "_x": 0, "_y": 1}, {"_time": 60.629, "_x": -1, "_y": 1}, {"_time": 60.654, "_x": -1, "_y": 0}, {"_time": 60.679, "_x": 0, "_y": 0}, {"_time": 60.704, "_x": 1, "_y": 0}, {"_time": 60.729, "_x": 1, "_y": -1}, {"_time": 60.755, "_x": 0, "_y": -1}, {"_time": 60.779, "_x": -1, "_y": -1}, {"_time": 60.804, "_x": -1, "_y": 0}, {"_time": 60.829, "_x": -1, "_y": 1}, {"_time": 60.854, "_x": 0, "_y": 1}, {"_time": 60.879, "_x": 1, "_y": 1}, {"_time": 60.904, "_x": 1, "_y": 0}, {"_time": 60.93, "_x": 0, "_y": 0}, {"_time": 60.954, "_x": -1, "_y": 0}, {"_time": 60.979, "_x": -1, "_y": -1}, {"_time": 61.004, "_x": 0, "_y": -1}, {"_time": 61.029, "_x": 1, "_y": -1}, {"_time": 61.054, "_x": 1, "_y": 0}, {"_time": 61.079, "_x": 1, "_y": 1}, {"_time": 61.104, "_x": -1, "_y": 1}, {"_time": 61.13, "_x": -1, "_y": 0}, {"_time": 61.93, "_x": 0, "_y": 1}, {"_time": 61.979, "_x": 1, "_y": -1}, {"_time": 62.029, "_x": -1, "_y": 0}, {"_time": 62.079, "_x": 1, "_y": 1}, {"_time": 62.13, "_x": 0, "_y": -1}, {"_time": 62.18, "_x": 0, "_y": 1}, {"_time": 62.229, "_x": 1, "_y": -1}, {"_time": 62.279, "_x": -1, "_y": 0}, {"_time": 62.33, "_x": 1, "_y": 0}, {"_time": 62.379, "_x": -1, "_y": 1}, {"_time": 62.429, "_x": 0, "_y": -1}, {"_time": 62.479, "_x": 0, "_y": 1}, {"_time": 62.53, "_x": -1, "_y": -1}, {"_time": 62.579, "_x": 1, "_y": 1}, {"_time": 62.629, "_x": -1, "_y": 0}, {"_time": 62.655, "_x": -1, "_y": 0}, {"_time": 62.679, "_x": 1, "_y": -1}, {"_time": 62.705, "_x": 1, "_y": -1}, {"_time": 62.73, "_x": 0, "_y": 1}, {"_time": 62.779, "_x": 0, "_y": -1}, {"_time": 62.829, "_x": -1, "_y": 1}, {"_time": 62.879, "_x": 1, "_y": 0}, {"_time": 62.93, "_x": -1, "_y": -1}, {"_time": 62.979, "_x": 0, "_y": 1}, {"_time": 63.029, "_x": 0, "_y": -1}, {"_time": 63.08, "_x": 1, "_y": 1}, {"_time": 63.13, "_x": -1, "_y": 0}, {"_time": 63.179, "_x": 1, "_y": -1}, {"_time": 63.229, "_x": 0, "_y": 1}, {"_time": 63.255, "_x": 0, "_y": 1}, {"_time": 63.279, "_x": -1, "_y": -1}, {"_time": 63.305, "_x": -1, "_y": -1}, {"_time": 63.33, "_x": 1, "_y": 0}, {"_time": 63.38, "_x": -1, "_y": 0}, {"_time": 63.429, "_x": 1, "_y": -1}, {"_time": 63.479, "_x": 0, "_y": 1}, {"_time": 63.53, "_x": 0, "_y": -1}, {"_time": 63.579, "_x": -1, "_y": 1}, {"_time": 63.629, "_x": 1, "_y": 0}, {"_time": 63.679, "_x": -1, "_y": -1}, {"_time": 63.73, "_x": 0, "_y": 1}, {"_time": 63.78, "_x": 1, "_y": -1}, {"_time": 63.829, "_x": -1, "_y": 0}, {"_time": 63.879, "_x": 1, "_y": 0}, {"_time": 63.93, "_x": -1, "_y": 1}, {"_time": 63.979, "_x": 0, "_y": -1}, {"_time": 64.029, "_x": 0, "_y": 1}, {"_time": 64.079, "_x": -1, "_y": -1}, {"_time": 64.13, "_x": 1, "_y": 1}, {"_time": 64.179, "_x": -1, "_y": 0}, {"_time": 64.229, "_x": 1, "_y": -1}, {"_time": 64.255, "_x": 1, "_y": -1}, {"_time": 64.279, "_x": 0, "_y": 1}, {"_time": 64.305, "_x": 0, "_y": 1}, {"_time": 64.33, "_x": -1, "_y": -1}, {"_time": 64.38, "_x": 1, "_y": 0}, {"_time": 64.429, "_x": -1, "_y": 0}, {"_time": 64.479, "_x": 1, "_y": -1}, {"_time": 64.53, "_x": -1, "_y": 1}, {"_time": 64.579, "_x": 1, "_y": 0}, {"_time": 64.629, "_x": -1, "_y": -1}, {"_time": 64.679, "_x": 0, "_y": 1}, {"_time": 64.73, "_x": 1, "_y": -1}, {"_time": 64.755, "_x": 0, "_y": -1}, {"_time": 64.78, "_x": -1, "_y": 0}, {"_time": 65.13, "_x": 1, "_y": 1}, {"_time": 65.179, "_x": -1, "_y": 0}, {"_time": 65.229, "_x": 1, "_y": -1}, {"_time": 65.279, "_x": 0, "_y": 1}, {"_time": 65.33, "_x": 0, "_y": -1}, {"_time": 65.379, "_x": 1, "_y": 1}, {"_time": 65.429, "_x": -1, "_y": 0}, {"_time": 65.479, "_x": 1, "_y": -1}, {"_time": 65.53, "_x": 0, "_y": 1}, {"_time": 65.579, "_x": -1, "_y": -1}, {"_time": 65.629, "_x": 1, "_y": 0}, {"_time": 65.679, "_x": -1, "_y": 0}, {"_time": 65.73, "_x": 1, "_y": 1}, {"_time": 65.779, "_x": 0, "_y": -1}, {"_time": 65.829, "_x": -1, "_y": 1}, {"_time": 65.855, "_x": 0, "_y": 1}, {"_time": 65.879, "_x": 1, "_y": 1}, {"_time": 65.904, "_x": 1, "_y": 0}, {"_time": 65.93, "_x": 1, "_y": -1}, {"_time": 65.979, "_x": -1, "_y": 0}, {"_time": 66.029, "_x": 1, "_y": 0}, {"_time": 66.079, "_x": -1, "_y": -1}, {"_time": 66.13, "_x": 0, "_y": 1}, {"_time": 66.18, "_x": 0, "_y": -1}, {"_time": 66.229, "_x": 1, "_y": 1}, {"_time": 66.279, "_x": -1, "_y": 0}, {"_time": 66.33, "_x": 1, "_y": -1}, {"_time": 66.354, "_x": 1, "_y": 0}, {"_time": 66.379, "_x": 1, "_y": 1}, {"_time": 66.404, "_x": 0, "_y": 1}, {"_time": 66.429, "_x": -1, "_y": 1}, {"_time": 66.454, "_x": -1, "_y": 0}, {"_time": 66.479, "_x": 0, "_y": 0}, {"_time": 66.504, "_x": 1, "_y": 0}, {"_time": 66.529, "_x": 1, "_y": -1}, {"_time": 66.579, "_x": -1, "_y": -1}, {"_time": 66.629, "_x": -1, "_y": 1}, {"_time": 66.654, "_x": 0, "_y": 1}, {"_time": 66.679, "_x": 0, "_y": 0}, {"_time": 66.704, "_x": 0, "_y": -1}, {"_time": 66.729, "_x": 1, "_y": -1}, {"_time": 66.779, "_x": 1, "_y": 1}, {"_time": 66.829, "_x": -1, "_y": 0}, {"_time": 66.879, "_x": 1, "_y": 0}, {"_time": 66.929, "_x": -1, "_y": 1}, {"_time": 66.979, "_x": 0, "_y": -1}, {"_time": 67.029, "_x": 0, "_y": 1}, {"_time": 67.079, "_x": 1, "_y": -1}, {"_time": 67.129, "_x": -1, "_y": 0}, {"_time": 67.179, "_x": 1, "_y": 1}, {"_time": 67.229, "_x": -1, "_y": -1}, {"_time": 67.279, "_x": 0, "_y": 1}, {"_time": 67.33, "_x": 1, "_y": -1}, {"_time": 67.379, "_x": -1, "_y": 0}, {"_time": 67.429, "_x": 1, "_y": 1}, {"_time": 67.454, "_x": 1, "_y": 1}, {"_time": 67.479, "_x": 0, "_y": -1}, {"_time": 67.504, "_x": 0, "_y": -1}, {"_time": 67.529, "_x": -1, "_y": 1}, {"_time": 67.58, "_x": 1, "_y": 0}, {"_time": 67.629, "_x": -1, "_y": 0}, {"_time": 67.679, "_x": 1, "_y": -1}, {"_time": 67.729, "_x": 0, "_y": 1}, {"_time": 67.779, "_x": 0, "_y": -1}, {"_time": 67.829, "_x": 1, "_y": 1}, {"_time": 67.879, "_x": -1, "_y": 0}, {"_time": 67.929, "_x": 1, "_y": -1}, {"_time": 67.979, "_x": 0, "_y": 1}, {"_time": 68.029, "_x": 0, "_y": -1}, {"_time": 68.055, "_x": 0, "_y": -1}, {"_time": 68.079, "_x": -1, "_y": 1}, {"_time": 68.105, "_x": -1, "_y": 1}, {"_time": 68.129, "_x": 1, "_y": 0}, {"_time": 68.179, "_x": -1, "_y": -1}, {"_time": 68.23, "_x": 0, "_y": 1}, {"_time": 68.28, "_x": 1, "_y": -1}, {"_time": 68.329, "_x": -1, "_y": 0}, {"_time": 68.379, "_x": 1, "_y": 0}, {"_time": 68.429, "_x": -1, "_y": 1}, {"_time": 68.479, "_x": 0, "_y": -1}, {"_time": 68.529, "_x": 0, "_y": 1}, {"_time": 68.58, "_x": -1, "_y": -1}, {"_time": 68.629, "_x": 1, "_y": 1}, {"_time": 68.679, "_x": -1, "_y": 0}, {"_time": 68.729, "_x": 1, "_y": -1}, {"_time": 68.779, "_x": 0, "_y": 1}, {"_time": 68.829, "_x": -1, "_y": -1}, {"_time": 68.879, "_x": 1, "_y": 0}, {"_time": 68.93, "_x": -1, "_y": 1}, {"_time": 68.979, "_x": 0, "_y": -1}, {"_time": 69.029, "_x": 1, "_y": 1}, {"_time": 69.054, "_x": 0, "_y": 1}, {"_time": 69.079, "_x": -1, "_y": 1}, {"_time": 69.104, "_x": -1, "_y": 0}, {"_time": 69.129, "_x": -1, "_y": -1}, {"_time": 69.18, "_x": 1, "_y": -1}, {"_time": 69.229, "_x": 0, "_y": 1}, {"_time": 69.279, "_x": 0, "_y": -1}, {"_time": 69.329, "_x": -1, "_y": 1}, {"_time": 69.379, "_x": 1, "_y": 0}, {"_time": 69.429, "_x": -1, "_y": -1}, {"_time": 69.479, "_x": 0, "_y": 1}, {"_time": 69.53, "_x": 1, "_y": -1}, {"_time": 69.555, "_x": 0, "_y": -1}, {"_time": 69.58, "_x": -1, "_y": 0}, {"_time": 69.93, "_x": 1, "_y": 1}, {"_time": 69.979, "_x": -1, "_y": 0}, {"_time": 70.029, "_x": 1, "_y": -1}, {"_time": 70.079, "_x": 0, "_y": 1}, {"_time": 70.13, "_x": -1, "_y": -1}, {"_time": 70.179, "_x": 1, "_y": 0}, {"_time": 70.229, "_x": -1, "_y": 0}, {"_time": 70.279, "_x": 1, "_y": 1}, {"_time": 70.33, "_x": 0, "_y": -1}, {"_time": 70.379, "_x": -1, "_y": 1}, {"_time": 70.429, "_x": 1, "_y": 0}, {"_time": 70.479, "_x": -1, "_y": -1}, {"_time": 70.53, "_x": 0, "_y": 1}, {"_time": 70.579, "_x": 1, "_y": -1}, {"_time": 70.629, "_x": -1, "_y": 0}, {"_time": 70.679, "_x": 1, "_y": 1}, {"_time": 70.705, "_x": 1, "_y": 1}, {"_time": 70.73, "_x": 0, "_y": -1}, {"_time": 70.754, "_x": 0, "_y": -1}, {"_time": 70.779, "_x": -1, "_y": 1}, {"_time": 70.829, "_x": -1, "_y": -1}, {"_time": 70.879, "_x": 0, "_y": 1}, {"_time": 70.93, "_x": 1, "_y": -1}, {"_time": 70.979, "_x": -1, "_y": 0}, {"_time": 71.029, "_x": 1, "_y": 0}, {"_time": 71.08, "_x": -1, "_y": -1}, {"_time": 71.13, "_x": -1, "_y": 1}, {"_time": 71.154, "_x": 0, "_y": 1}, {"_time": 71.179, "_x": 1, "_y": 1}, {"_time": 71.204, "_x": 1, "_y": 0}, {"_time": 71.229, "_x": 1, "_y": -1}, {"_time": 71.28, "_x": -1, "_y": -1}, {"_time": 71.33, "_x": -1, "_y": 1}, {"_time": 71.38, "_x": 1, "_y": 1}, {"_time": 71.43, "_x": 1, "_y": -1}, {"_time": 71.454, "_x": 0, "_y": -1}, {"_time": 71.479, "_x": -1, "_y": -1}, {"_time": 71.504, "_x": -1, "_y": 0}, {"_time": 71.53, "_x": -1, "_y": 1}, {"_time": 71.58, "_x": 1, "_y": 0}, {"_time": 71.629, "_x": -1, "_y": 0}, {"_time": 71.679, "_x": 1, "_y": 1}, {"_time": 71.73, "_x": -1, "_y": -1}, {"_time": 71.779, "_x": 0, "_y": 1}, {"_time": 71.829, "_x": 1, "_y": -1}, {"_time": 71.879, "_x": -1, "_y": 1}, {"_time": 71.93, "_x": 1, "_y": 0}, {"_time": 71.979, "_x": -1, "_y": 0}, {"_time": 72.029, "_x": 1, "_y": -1}, {"_time": 72.079, "_x": 0, "_y": 1}, {"_time": 72.13, "_x": -1, "_y": -1}, {"_time": 72.18, "_x": 1, "_y": 0}, {"_time": 72.23, "_x": -1, "_y": 1}, {"_time": 72.254, "_x": -1, "_y": 0}, {"_time": 72.279, "_x": -1, "_y": -1}, {"_time": 72.304, "_x": 0, "_y": -1}, {"_time": 72.33, "_x": 1, "_y": -1}, {"_time": 72.379, "_x": 1, "_y": 1}, {"_time": 72.429, "_x": -1, "_y": 0}, {"_time": 72.479, "_x": 1, "_y": 0}, {"_time": 72.53, "_x": -1, "_y": 1}, {"_time": 72.579, "_x": 0, "_y": -1}, {"_time": 72.629, "_x": 0, "_y": 1}, {"_time": 72.679, "_x": 1, "_y": -1}, {"_time": 72.73, "_x": -1, "_y": 0}, {"_time": 72.754, "_x": -1, "_y": 1}, {"_time": 72.779, "_x": 0, "_y": 1}, {"_time": 72.804, "_x": 1, "_y": 1}, {"_time": 72.83, "_x": 1, "_y": 0}, {"_time": 72.88, "_x": -1, "_y": -1}, {"_time": 72.93, "_x": 0, "_y": 1}, {"_time": 72.98, "_x": 1, "_y": -1}, {"_time": 73.029, "_x": -1, "_y": -1}, {"_time": 73.054, "_x": -1, "_y": 0}, {"_time": 73.079, "_x": 0, "_y": 0}, {"_time": 73.104, "_x": 1, "_y": 0}, {"_time": 73.13, "_x": 1, "_y": 1}, {"_time": 73.179, "_x": -1, "_y": 1}, {"_time": 73.229, "_x": 1, "_y": -1}, {"_time": 73.279, "_x": 0, "_y": 1}, {"_time": 73.33, "_x": -1, "_y": -1}, {"_time": 73.379, "_x": 1, "_y": 0}, {"_time": 73.429, "_x": -1, "_y": 0}, {"_time": 73.479, "_x": 1, "_y": -1}, {"_time": 73.53, "_x": 0, "_y": 1}, {"_time": 73.579, "_x": 0, "_y": -1}, {"_time": 73.629, "_x": -1, "_y": 1}, {"_time": 73.679, "_x": 1, "_y": 0}, {"_time": 73.73, "_x": -1, "_y": -1}, {"_time": 73.779, "_x": 0, "_y": 1}, {"_time": 73.829, "_x": 1, "_y": -1}, {"_time": 73.854, "_x": 0, "_y": -1}, {"_time": 73.879, "_x": -1, "_y": -1}, {"_time": 73.904, "_x": -1, "_y": 0}, {"_time": 73.93, "_x": -1, "_y": 1}, {"_time": 74.73, "_x": 1, "_y": 1}, {"_time": 74.779, "_x": 0, "_y": -1}, {"_time": 74.829, "_x": -1, "_y": 1}, {"_time": 74.879, "_x": 1, "_y": 0}, {"_time": 74.929, "_x": -1, "_y": -1}, {"_time": 74.955, "_x": -1, "_y": 0}, {"_time": 74.979, "_x": -1, "_y": 1}, {"_time": 75.029, "_x": 1, "_y": -1}, {"_time": 75.08, "_x": -1, "_y": -1}, {"_time": 75.104, "_x": -1, "_y": 0}, {"_time": 75.129, "_x": -1, "_y": 1}, {"_time": 75.18, "_x": 1, "_y": 0}, {"_time": 75.229, "_x": -1, "_y": 0}, {"_time": 75.279, "_x": 1, "_y": 1}, {"_time": 75.329, "_x": 0, "_y": -1}, {"_time": 75.379, "_x": 0, "_y": 1}, {"_time": 75.429, "_x": 1, "_y": -1}, {"_time": 75.455, "_x": 0, "_y": -1}, {"_time": 75.479, "_x": -1, "_y": 0}, {"_time": 75.505, "_x": -1, "_y": 1}, {"_time": 75.529, "_x": 1, "_y": 1}, {"_time": 75.579, "_x": 0, "_y": -1}, {"_time": 75.629, "_x": -1, "_y": 1}, {"_time": 75.679, "_x": 1, "_y": 0}, {"_time": 75.73, "_x": -1, "_y": -1}, {"_time": 75.779, "_x": 0, "_y": 1}, {"_time": 75.829, "_x": 0, "_y": -1}, {"_time": 75.855, "_x": 0, "_y": -1}, {"_time": 75.879, "_x": -1, "_y": 1}, {"_time": 75.904, "_x": -1, "_y": 1}, {"_time": 75.929, "_x": -1, "_y": -1}, {"_time": 75.979, "_x": 0, "_y": 1}, {"_time": 76.004, "_x": 0, "_y": 1}, {"_time": 76.029, "_x": 1, "_y": -1}, {"_time": 76.054, "_x": 1, "_y": -1}, {"_time": 76.079, "_x": 1, "_y": 1}, {"_time": 76.129, "_x": -1, "_y": -1}, {"_time": 76.155, "_x": -1, "_y": -1}, {"_time": 76.179, "_x": 1, "_y": 0}, {"_time": 76.204, "_x": 1, "_y": 0}, {"_time": 76.229, "_x": -1, "_y": 1}, {"_time": 76.254, "_x": -1, "_y": 1}, {"_time": 76.279, "_x": 0, "_y": -1}, {"_time": 76.304, "_x": 0, "_y": -1}, {"_time": 76.329, "_x": 1, "_y": 1}, {"_time": 76.38, "_x": -1, "_y": 0}, {"_time": 76.429, "_x": 1, "_y": 0}, {"_time": 76.479, "_x": -1, "_y": 1}, {"_time": 76.529, "_x": 1, "_y": 1}, {"_time": 76.554, "_x": 1, "_y": 0}, {"_time": 76.579, "_x": 1, "_y": -1}, {"_time": 76.604, "_x": 0, "_y": -1}, {"_time": 76.629, "_x": 0, "_y": 0}, {"_time": 76.654, "_x": 0, "_y": 1}, {"_time": 76.679, "_x": -1, "_y": 1}, {"_time": 76.704, "_x": -1, "_y": 0}, {"_time": 76.729, "_x": -1, "_y": -1}, {"_time": 76.779, "_x": 1, "_y": 0}, {"_time": 76.829, "_x": -1, "_y": 1}, {"_time": 76.854, "_x": -1, "_y": 0}, {"_time": 76.879, "_x": -1, "_y": -1}, {"_time": 76.904, "_x": 0, "_y": -1}, {"_time": 76.93, "_x": 1, "_y": -1}, {"_time": 76.98, "_x": 1, "_y": 1}, {"_time": 77.004, "_x": 1, "_y": 1}, {"_time": 77.029, "_x": -1, "_y": 0}, {"_time": 77.054, "_x": -1, "_y": 0}, {"_time": 77.079, "_x": 1, "_y": 0}, {"_time": 77.104, "_x": 1, "_y": 0}, {"_time": 77.13, "_x": -1, "_y": 1}, {"_time": 77.18, "_x": 0, "_y": -1}, {"_time": 77.229, "_x": 0, "_y": 1}, {"_time": 77.279, "_x": 1, "_y": -1}, {"_time": 77.33, "_x": -1, "_y": 0}, {"_time": 77.379, "_x": 1, "_y": 1}, {"_time": 77.429, "_x": 0, "_y": -1}, {"_time": 77.479, "_x": -1, "_y": 1}, {"_time": 77.505, "_x": -1, "_y": 1}, {"_time": 77.53, "_x": 1, "_y": 0}, {"_time": 77.555, "_x": 0, "_y": -1}, {"_time": 77.58, "_x": -1, "_y": -1}, {"_time": 77.93, "_x": 0, "_y": 1}, {"_time": 77.979, "_x": 1, "_y": -1}, {"_time": 78.029, "_x": -1, "_y": 0}, {"_time": 78.079, "_x": 1, "_y": 1}, {"_time": 78.13, "_x": 1, "_y": -1}, {"_time": 78.154, "_x": 0, "_y": -1}, {"_time": 78.179, "_x": 0, "_y": 0}, {"_time": 78.204, "_x": 0, "_y": 1}, {"_time": 78.229, "_x": -1, "_y": 1}, {"_time": 78.28, "_x": -1, "_y": -1}, {"_time": 78.33, "_x": 1, "_y": 0}, {"_time": 78.379, "_x": -1, "_y": 0}, {"_time": 78.429, "_x": 1, "_y": 1}, {"_time": 78.48, "_x": 0, "_y": -1}, {"_time": 78.53, "_x": -1, "_y": 1}, {"_time": 78.554, "_x": 0, "_y": 1}, {"_time": 78.579, "_x": 1, "_y": 1}, {"_time": 78.604, "_x": 1, "_y": 0}, {"_time": 78.629, "_x": 0, "_y": 0}, {"_time": 78.654, "_x": -1, "_y": 0}, {"_time": 78.679, "_x": -1, "_y": -1}, {"_time": 78.704, "_x": 0, "_y": -1}, {"_time": 78.73, "_x": 1, "_y": -1}, {"_time": 78.779, "_x": 0, "_y": 1}, {"_time": 78.829, "_x": 0, "_y": -1}, {"_time": 78.879, "_x": 1, "_y": 1}, {"_time": 78.93, "_x": -1, "_y": 0}, {"_time": 78.954, "_x": -1, "_y": 0}, {"_time": 78.979, "_x": 1, "_y": -1}, {"_time": 79.004, "_x": 1, "_y": -1}, {"_time": 79.029, "_x": 0, "_y": 1}, {"_time": 79.054, "_x": 0, "_y": 1}, {"_time": 79.079, "_x": -1, "_y": -1}, {"_time": 79.104, "_x": -1, "_y": -1}, {"_time": 79.13, "_x": 1, "_y": 0}, {"_time": 79.154, "_x": 1, "_y": 1}, {"_time": 79.179, "_x": 0, "_y": 1}, {"_time": 79.204, "_x": 0, "_y": 0}, {"_time": 79.229, "_x": 0, "_y": -1}, {"_time": 79.254, "_x": 1, "_y": -1}, {"_time": 79.279, "_x": 1, "_y": 0}, {"_time": 79.304, "_x": 0, "_y": 0}, {"_time": 79.33, "_x": -1, "_y": 0}, {"_time": 79.38, "_x": 0, "_y": -1}, {"_time": 79.429, "_x": 0, "_y": 1}, {"_time": 79.454, "_x": 0, "_y": 1}, {"_time": 79.479, "_x": -1, "_y": -1}, {"_time": 79.504, "_x": -1, "_y": -1}, {"_time": 79.53, "_x": 1, "_y": 0}, {"_time": 79.579, "_x": -1, "_y": 1}, {"_time": 79.629, "_x": 0, "_y": -1}, {"_time": 79.679, "_x": 0, "_y": 1}, {"_time": 79.73, "_x": 1, "_y": -1}, {"_time": 79.779, "_x": -1, "_y": 0}, {"_time": 79.829, "_x": 1, "_y": 1}, {"_time": 79.855, "_x": 1, "_y": 1}, {"_time": 79.879, "_x": 0, "_y": -1}, {"_time": 79.905, "_x": 0, "_y": -1}, {"_time": 79.93, "_x": -1, "_y": 1}, {"_time": 79.98, "_x": -1, "_y": -1}, {"_time": 80.029, "_x": 0, "_y": 1}, {"_time": 80.079, "_x": 0, "_y": -1}, {"_time": 80.13, "_x": 1, "_y": 1}, {"_time": 80.154, "_x": 1, "_y": 1}, {"_time": 80.179, "_x": 1, "_y": -1}, {"_time": 80.204, "_x": 1, "_y": -1}, {"_time": 80.229, "_x": 0, "_y": 1}, {"_time": 80.254, "_x": 0, "_y": 1}, {"_time": 80.279, "_x": 0, "_y": -1}, {"_time": 80.304, "_x": 0, "_y": -1}, {"_time": 80.33, "_x": -1, "_y": 1}, {"_time": 80.43, "_x": 1, "_y": 0}, {"_time": 80.48, "_x": 0, "_y": -1}, {"_time": 80.53, "_x": -1, "_y": -1}, {"_time": 80.554, "_x": -1, "_y": 0}, {"_time": 80.579, "_x": -1, "_y": 1}, {"_time": 80.604, "_x": 0, "_y": 1}, {"_time": 80.629, "_x": 0, "_y": 0}, {"_time": 80.654, "_x": 0, "_y": -1}, {"_time": 80.679, "_x": 1, "_y": -1}, {"_time": 80.704, "_x": 1, "_y": 0}, {"_time": 80.73, "_x": 1, "_y": 1}, {"_time": 80.78, "_x": 0, "_y": -1}, {"_time": 80.83, "_x": -1, "_y": 1}, {"_time": 80.854, "_x": 0, "_y": 1}, {"_time": 80.879, "_x": 1, "_y": 1}, {"_time": 80.904, "_x": 1, "_y": 0}, {"_time": 80.93, "_x": 1, "_y": -1}, {"_time": 80.954, "_x": 1, "_y": -1}, {"_time": 80.979, "_x": -1, "_y": 0}, {"_time": 81.004, "_x": -1, "_y": 0}, {"_time": 81.029, "_x": 1, "_y": 0}, {"_time": 81.054, "_x": 1, "_y": 0}, {"_time": 81.079, "_x": -1, "_y": 1}, {"_time": 81.104, "_x": -1, "_y": 1}, {"_time": 81.13, "_x": 0, "_y": -1}, {"_time": 81.179, "_x": 0, "_y": 1}, {"_time": 81.229, "_x": -1, "_y": -1}, {"_time": 81.279, "_x": 1, "_y": 0}, {"_time": 81.33, "_x": -1, "_y": 1}, {"_time": 81.379, "_x": 0, "_y": -1}, {"_time": 81.429, "_x": 0, "_y": 1}, {"_time": 81.479, "_x": 1, "_y": -1}, {"_time": 81.53, "_x": -1, "_y": 0}, {"_time": 81.579, "_x": 1, "_y": 1}, {"_time": 81.629, "_x": 0, "_y": -1}, {"_time": 81.68, "_x": 0, "_y": 1}, {"_time": 81.73, "_x": 1, "_y": -1}, {"_time": 81.78, "_x": -1, "_y": 0}, {"_time": 81.829, "_x": 1, "_y": 1}, {"_time": 81.854, "_x": 1, "_y": 0}, {"_time": 81.879, "_x": 1, "_y": -1}, {"_time": 81.904, "_x": 0, "_y": -1}, {"_time": 81.93, "_x": -1, "_y": -1}, {"_time": 81.98, "_x": -1, "_y": 1}, {"_time": 82.03, "_x": 1, "_y": 0}, {"_time": 82.08, "_x": -1, "_y": 0}, {"_time": 82.13, "_x": 1, "_y": -1}, {"_time": 82.179, "_x": 0, "_y": 1}, {"_time": 82.229, "_x": 0, "_y": -1}, {"_time": 82.279, "_x": 1, "_y": 1}, {"_time": 82.33, "_x": -1, "_y": -1}, {"_time": 82.355, "_x": 0, "_y": -1}, {"_time": 82.38, "_x": 1, "_y": 0}, {"_time": 82.73, "_x": 1, "_y": 1}, {"_time": 82.779, "_x": -1, "_y": 0}, {"_time": 82.829, "_x": 1, "_y": -1}, {"_time": 82.879, "_x": 0, "_y": 1}, {"_time": 82.93, "_x": -1, "_y": -1}, {"_time": 82.979, "_x": 1, "_y": 0}, {"_time": 83.029, "_x": -1, "_y": 0}, {"_time": 83.079, "_x": 1, "_y": 1}, {"_time": 83.13, "_x": 0, "_y": -1}, {"_time": 83.179, "_x": 0, "_y": 1}, {"_time": 83.229, "_x": 1, "_y": -1}, {"_time": 83.279, "_x": -1, "_y": 0}, {"_time": 83.33, "_x": 1, "_y": 0}, {"_time": 83.379, "_x": -1, "_y": 1}, {"_time": 83.429, "_x": 0, "_y": -1}, {"_time": 83.455, "_x": 0, "_y": -1}, {"_time": 83.479, "_x": 1, "_y": 1}, {"_time": 83.505, "_x": 1, "_y": 1}, {"_time": 83.53, "_x": -1, "_y": 0}, {"_time": 83.579, "_x": 1, "_y": -1}, {"_time": 83.629, "_x": 0, "_y": 1}, {"_time": 83.679, "_x": 0, "_y": -1}, {"_time": 83.73, "_x": -1, "_y": 1}, {"_time": 83.779, "_x": 1, "_y": 0}, {"_time": 83.829, "_x": -1, "_y": 0}, {"_time": 83.879, "_x": 1, "_y": 1}, {"_time": 83.93, "_x": -1, "_y": -1}, {"_time": 83.955, "_x": -1, "_y": -1}, {"_time": 83.979, "_x": 0, "_y": 1}, {"_time": 84.005, "_x": 0, "_y": 1}, {"_time": 84.03, "_x": 1, "_y": -1}, {"_time": 84.054, "_x": 1, "_y": -1}, {"_time": 84.079, "_x": -1, "_y": -1}, {"_time": 84.104, "_x": -1, "_y": -1}, {"_time": 84.13, "_x": 1, "_y": 0}, {"_time": 84.179, "_x": -1, "_y": 0}, {"_time": 84.229, "_x": 1, "_y": 1}, {"_time": 84.279, "_x": 0, "_y": -1}, {"_time": 84.304, "_x": 0, "_y": 0}, {"_time": 84.33, "_x": 0, "_y": 1}, {"_time": 84.355, "_x": 1, "_y": 0}, {"_time": 84.38, "_x": 1, "_y": -1}, {"_time": 84.43, "_x": -1, "_y": 0}, {"_time": 84.479, "_x": 1, "_y": 1}, {"_time": 84.53, "_x": 0, "_y": -1}, {"_time": 84.58, "_x": 0, "_y": 1}, {"_time": 84.63, "_x": 1, "_y": -1}, {"_time": 84.679, "_x": -1, "_y": 0}, {"_time": 84.73, "_x": 1, "_y": 0}, {"_time": 84.779, "_x": -1, "_y": 1}, {"_time": 84.829, "_x": 0, "_y": -1}, {"_time": 84.879, "_x": 0, "_y": 1}, {"_time": 84.93, "_x": -1, "_y": -1}, {"_time": 84.979, "_x": 1, "_y": 0}, {"_time": 85.029, "_x": -1, "_y": 0}, {"_time": 85.055, "_x": 0, "_y": -1}, {"_time": 85.079, "_x": 1, "_y": -1}, {"_time": 85.105, "_x": 1, "_y": 0}, {"_time": 85.13, "_x": 0, "_y": 1}, {"_time": 85.18, "_x": -1, "_y": -1}, {"_time": 85.229, "_x": 1, "_y": 1}, {"_time": 85.279, "_x": -1, "_y": 0}, {"_time": 85.33, "_x": 1, "_y": -1}, {"_time": 85.379, "_x": 0, "_y": 1}, {"_time": 85.429, "_x": 0, "_y": -1}, {"_time": 85.479, "_x": -1, "_y": 1}, {"_time": 85.53, "_x": 1, "_y": 0}, {"_time": 85.554, "_x": 1, "_y": 0}, {"_time": 85.579, "_x": -1, "_y": 0}, {"_time": 85.604, "_x": -1, "_y": 0}, {"_time": 85.629, "_x": 1, "_y": -1}, {"_time": 85.655, "_x": 1, "_y": -1}, {"_time": 85.679, "_x": 0, "_y": 1}, {"_time": 85.705, "_x": 0, "_y": 1}, {"_time": 85.73, "_x": -1, "_y": -1}, {"_time": 85.78, "_x": 1, "_y": 0}, {"_time": 85.83, "_x": -1, "_y": 1}, {"_time": 85.854, "_x": -1, "_y": 0}, {"_time": 85.879, "_x": -1, "_y": -1}, {"_time": 85.904, "_x": 0, "_y": -1}, {"_time": 85.93, "_x": 1, "_y": -1}, {"_time": 85.98, "_x": 0, "_y": 1}, {"_time": 86.029, "_x": 0, "_y": -1}, {"_time": 86.079, "_x": 1, "_y": 1}, {"_time": 86.13, "_x": -1, "_y": 0}, {"_time": 86.179, "_x": 1, "_y": -1}, {"_time": 86.229, "_x": 0, "_y": 1}, {"_time": 86.279, "_x": 0, "_y": -1}, {"_time": 86.33, "_x": -1, "_y": 1}, {"_time": 86.379, "_x": 1, "_y": -1}, {"_time": 86.429, "_x": -1, "_y": 0}, {"_time": 86.479, "_x": 1, "_y": 0}, {"_time": 86.53, "_x": -1, "_y": -1}, {"_time": 86.579, "_x": 0, "_y": 1}, {"_time": 86.629, "_x": 1, "_y": -1}, {"_time": 86.654, "_x": 0, "_y": -1}, {"_time": 86.679, "_x": -1, "_y": 0}, {"_time": 86.73, "_x": 1, "_y": 0}, {"_time": 87.53, "_x": -1, "_y": -1}, {"_time": 87.542, "_x": -1, "_y": 0}, {"_time": 104.33, "_x": 1, "_y": 1}, {"_time": 104.379, "_x": 0, "_y": -1}, {"_time": 104.429, "_x": 0, "_y": 1}, {"_time": 104.479, "_x": 1, "_y": -1}, {"_time": 104.53, "_x": -1, "_y": 0}, {"_time": 104.555, "_x": 0, "_y": 0}, {"_time": 104.579, "_x": 1, "_y": 0}, {"_time": 104.629, "_x": -1, "_y": -1}, {"_time": 104.654, "_x": -1, "_y": 0}, {"_time": 104.679, "_x": -1, "_y": 1}, {"_time": 104.73, "_x": 0, "_y": -1}, {"_time": 104.779, "_x": 0, "_y": 1}, {"_time": 104.829, "_x": 1, "_y": -1}, {"_time": 104.879, "_x": -1, "_y": 0}, {"_time": 104.93, "_x": 1, "_y": 1}, {"_time": 104.98, "_x": 0, "_y": -1}, {"_time": 105.029, "_x": 0, "_y": 1}, {"_time": 105.054, "_x": 1, "_y": 0}, {"_time": 105.079, "_x": 1, "_y": -1}, {"_time": 105.13, "_x": -1, "_y": 0}, {"_time": 105.179, "_x": 1, "_y": 1}, {"_time": 105.229, "_x": 0, "_y": -1}, {"_time": 105.28, "_x": 0, "_y": 1}, {"_time": 105.33, "_x": -1, "_y": -1}, {"_time": 105.38, "_x": 1, "_y": 0}, {"_time": 105.429, "_x": -1, "_y": 1}, {"_time": 105.454, "_x": -1, "_y": 0}, {"_time": 105.479, "_x": 0, "_y": -1}, {"_time": 105.53, "_x": 1, "_y": 1}, {"_time": 105.579, "_x": -1, "_y": 0}, {"_time": 105.629, "_x": 1, "_y": -1}, {"_time": 105.654, "_x": 1, "_y": 0}, {"_time": 105.679, "_x": 1, "_y": 1}, {"_time": 105.73, "_x": -1, "_y": 1}, {"_time": 105.754, "_x": -1, "_y": 0}, {"_time": 105.779, "_x": -1, "_y": -1}, {"_time": 105.804, "_x": 0, "_y": -1}, {"_time": 105.829, "_x": 0, "_y": 0}, {"_time": 105.854, "_x": 0, "_y": 1}, {"_time": 105.879, "_x": 1, "_y": 1}, {"_time": 105.904, "_x": 1, "_y": 0}, {"_time": 105.93, "_x": 1, "_y": -1}, {"_time": 105.979, "_x": -1, "_y": 0}, {"_time": 106.029, "_x": 1, "_y": 1}, {"_time": 106.079, "_x": 0, "_y": -1}, {"_time": 106.13, "_x": 0, "_y": 1}, {"_time": 106.155, "_x": 0, "_y": 1}, {"_time": 106.179, "_x": 1, "_y": -1}, {"_time": 106.205, "_x": 1, "_y": -1}, {"_time": 106.229, "_x": -1, "_y": 0}, {"_time": 106.255, "_x": -1, "_y": 0}, {"_time": 106.279, "_x": 1, "_y": 0}, {"_time": 106.33, "_x": -1, "_y": 1}, {"_time": 106.379, "_x": 0, "_y": -1}, {"_time": 106.429, "_x": 0, "_y": 1}, {"_time": 106.455, "_x": 0, "_y": 1}, {"_time": 106.479, "_x": -1, "_y": -1}, {"_time": 106.505, "_x": -1, "_y": -1}, {"_time": 106.53, "_x": 1, "_y": 1}, {"_time": 106.58, "_x": 0, "_y": -1}, {"_time": 106.629, "_x": -1, "_y": 1}, {"_time": 106.655, "_x": 0, "_y": 1}, {"_time": 106.679, "_x": 1, "_y": 1}, {"_time": 106.704, "_x": 1, "_y": 0}, {"_time": 106.73, "_x": 1, "_y": -1}, {"_time": 106.779, "_x": -1, "_y": 0}, {"_time": 106.829, "_x": 1, "_y": 0}, {"_time": 106.879, "_x": -1, "_y": 1}, {"_time": 106.93, "_x": 0, "_y": -1}, {"_time": 106.979, "_x": 0, "_y": 1}, {"_time": 107.029, "_x": 1, "_y": -1}, {"_time": 107.08, "_x": -1, "_y": 0}, {"_time": 107.105, "_x": 0, "_y": 1}, {"_time": 107.13, "_x": 1, "_y": 1}, {"_time": 107.23, "_x": -1, "_y": -1}, {"_time": 107.53, "_x": -1, "_y": 1}, {"_time": 107.579, "_x": 1, "_y": -1}, {"_time": 107.629, "_x": -1, "_y": 0}, {"_time": 107.679, "_x": 1, "_y": 1}, {"_time": 107.73, "_x": 0, "_y": -1}, {"_time": 107.78, "_x": 0, "_y": 1}, {"_time": 107.804, "_x": 0, "_y": 1}, {"_time": 107.829, "_x": 1, "_y": -1}, {"_time": 107.855, "_x": 1, "_y": -1}, {"_time": 107.879, "_x": -1, "_y": 0}, {"_time": 107.93, "_x": 1, "_y": 1}, {"_time": 107.979, "_x": -1, "_y": 1}, {"_time": 108.029, "_x": 1, "_y": 0}, {"_time": 108.08, "_x": -1, "_y": -1}, {"_time": 108.13, "_x": -1, "_y": 1}, {"_time": 108.154, "_x": 0, "_y": 1}, {"_time": 108.179, "_x": 1, "_y": 1}, {"_time": 108.204, "_x": 1, "_y": 0}, {"_time": 108.229, "_x": 0, "_y": 0}, {"_time": 108.254, "_x": -1, "_y": 0}, {"_time": 108.279, "_x": -1, "_y": -1}, {"_time": 108.304, "_x": 0, "_y": -1}, {"_time": 108.33, "_x": 1, "_y": -1}, {"_time": 108.379, "_x": 0, "_y": 1}, {"_time": 108.429, "_x": -1, "_y": -1}, {"_time": 108.479, "_x": 1, "_y": 0}, {"_time": 108.53, "_x": -1, "_y": 0}, {"_time": 108.555, "_x": 0, "_y": -1}, {"_time": 108.579, "_x": 1, "_y": -1}, {"_time": 108.604, "_x": 1, "_y": 1}, {"_time": 108.629, "_x": 0, "_y": 1}, {"_time": 108.654, "_x": -1, "_y": 0}, {"_time": 108.679, "_x": 1, "_y": -1}, {"_time": 108.704, "_x": 1, "_y": 0}, {"_time": 108.73, "_x": 0, "_y": 1}, {"_time": 108.755, "_x": 0, "_y": 1}, {"_time": 108.779, "_x": 0, "_y": -1}, {"_time": 108.804, "_x": 0, "_y": -1}, {"_time": 108.829, "_x": 1, "_y": 1}, {"_time": 108.854, "_x": 1, "_y": 1}, {"_time": 108.879, "_x": -1, "_y": 0}, {"_time": 108.904, "_x": -1, "_y": 0}, {"_time": 108.93, "_x": 1, "_y": -1}, {"_time": 108.979, "_x": 0, "_y": 1}, {"_time": 109.03, "_x": 0, "_y": -1}, {"_time": 109.054, "_x": 0, "_y": -1}, {"_time": 109.079, "_x": 1, "_y": 1}, {"_time": 109.104, "_x": 1, "_y": 1}, {"_time": 109.13, "_x": -1, "_y": -1}, {"_time": 109.179, "_x": 1, "_y": 0}, {"_time": 109.23, "_x": -1, "_y": 1}, {"_time": 109.28, "_x": 0, "_y": -1}, {"_time": 109.33, "_x": 0, "_y": 1}, {"_time": 109.38, "_x": 1, "_y": -1}, {"_time": 109.43, "_x": -1, "_y": -1}, {"_time": 109.454, "_x": -1, "_y": 0}, {"_time": 109.479, "_x": -1, "_y": 1}, {"_time": 109.505, "_x": 0, "_y": 1}, {"_time": 109.53, "_x": 1, "_y": 1}, {"_time": 109.579, "_x": 0, "_y": -1}, {"_time": 109.629, "_x": 0, "_y": 1}, {"_time": 109.679, "_x": 1, "_y": -1}, {"_time": 109.73, "_x": -1, "_y": 0}, {"_time": 109.755, "_x": -1, "_y": 0}, {"_time": 109.779, "_x": 1, "_y": 0}, {"_time": 109.804, "_x": 1, "_y": 0}, {"_time": 109.829, "_x": -1, "_y": 1}, {"_time": 109.854, "_x": -1, "_y": 1}, {"_time": 109.879, "_x": 0, "_y": -1}, {"_time": 109.904, "_x": 0, "_y": -1}, {"_time": 109.93, "_x": 0, "_y": 1}, {"_time": 110.03, "_x": 1, "_y": -1}, {"_time": 110.13, "_x": -1, "_y": 0}, {"_time": 110.154, "_x": -1, "_y": 1}, {"_time": 110.179, "_x": 0, "_y": 1}, {"_time": 110.204, "_x": 0, "_y": 0}, {"_time": 110.229, "_x": 0, "_y": -1}, {"_time": 110.255, "_x": 1, "_y": -1}, {"_time": 110.279, "_x": 1, "_y": 0}, {"_time": 110.304, "_x": 1, "_y": 1}, {"_time": 110.33, "_x": -1, "_y": 1}, {"_time": 110.379, "_x": 1, "_y": 0}, {"_time": 110.43, "_x": -1, "_y": -1}, {"_time": 110.455, "_x": -1, "_y": 0}, {"_time": 110.479, "_x": -1, "_y": 1}, {"_time": 110.504, "_x": 0, "_y": 1}, {"_time": 110.53, "_x": 1, "_y": 1}, {"_time": 110.554, "_x": 1, "_y": 1}, {"_time": 110.579, "_x": 1, "_y": -1}, {"_time": 110.604, "_x": 1, "_y": -1}, {"_time": 110.629, "_x": -1, "_y": 0}, {"_time": 110.654, "_x": -1, "_y": 0}, {"_time": 110.679, "_x": 1, "_y": 0}, {"_time": 110.704, "_x": 1, "_y": 0}, {"_time": 110.73, "_x": -1, "_y": -1}, {"_time": 110.78, "_x": 0, "_y": 1}, {"_time": 110.829, "_x": 0, "_y": -1}, {"_time": 110.879, "_x": 1, "_y": 1}, {"_time": 110.93, "_x": -1, "_y": 0}, {"_time": 110.979, "_x": 1, "_y": -1}, {"_time": 111.029, "_x": 0, "_y": 1}, {"_time": 111.079, "_x": 0, "_y": -1}, {"_time": 111.13, "_x": -1, "_y": 1}, {"_time": 111.18, "_x": 1, "_y": 0}, {"_time": 111.229, "_x": -1, "_y": 0}, {"_time": 111.279, "_x": 1, "_y": 1}, {"_time": 111.33, "_x": -1, "_y": -1}, {"_time": 111.38, "_x": 0, "_y": 1}, {"_time": 111.429, "_x": 1, "_y": -1}, {"_time": 111.454, "_x": 1, "_y": -1}, {"_time": 111.479, "_x": -1, "_y": 0}, {"_time": 111.504, "_x": -1, "_y": 0}, {"_time": 111.53, "_x": 1, "_y": 0}, {"_time": 111.58, "_x": -1, "_y": 1}, {"_time": 111.63, "_x": 0, "_y": -1}, {"_time": 111.68, "_x": 1, "_y": 1}, {"_time": 111.73, "_x": -1, "_y": 0}, {"_time": 111.78, "_x": 1, "_y": -1}, {"_time": 111.83, "_x": 0, "_y": 1}, {"_time": 111.88, "_x": -1, "_y": -1}, {"_time": 111.93, "_x": 1, "_y": 0}, {"_time": 111.955, "_x": 0, "_y": 0}, {"_time": 111.98, "_x": -1, "_y": 0}, {"_time": 112.33, "_x": 1, "_y": 1}, {"_time": 112.379, "_x": -1, "_y": 0}, {"_time": 112.429, "_x": 1, "_y": -1}, {"_time": 112.479, "_x": 0, "_y": 1}, {"_time": 112.53, "_x": -1, "_y": -1}, {"_time": 112.58, "_x": 1, "_y": 0}, {"_time": 112.629, "_x": -1, "_y": 0}, {"_time": 112.679, "_x": 1, "_y": 1}, {"_time": 112.73, "_x": 0, "_y": -1}, {"_time": 112.779, "_x": -1, "_y": 1}, {"_time": 112.829, "_x": 1, "_y": 0}, {"_time": 112.88, "_x": -1, "_y": -1}, {"_time": 112.93, "_x": 0, "_y": 1}, {"_time": 112.98, "_x": 1, "_y": -1}, {"_time": 113.029, "_x": -1, "_y": 0}, {"_time": 113.08, "_x": 1, "_y": 1}, {"_time": 113.13, "_x": 0, "_y": -1}, {"_time": 113.18, "_x": 0, "_y": 0}, {"_time": 113.229, "_x": 0, "_y": 1}, {"_time": 113.279, "_x": 1, "_y": 0}, {"_time": 113.33, "_x": 0, "_y": 0}, {"_time": 113.379, "_x": -1, "_y": 0}, {"_time": 113.429, "_x": 0, "_y": -1}, {"_time": 113.479, "_x": 0, "_y": 0}, {"_time": 113.53, "_x": 0, "_y": 1}, {"_time": 113.554, "_x": 0, "_y": 1}, {"_time": 113.579, "_x": 1, "_y": -1}, {"_time": 113.604, "_x": 1, "_y": -1}, {"_time": 113.629, "_x": 0, "_y": 1}, {"_time": 113.654, "_x": 0, "_y": 1}, {"_time": 113.679, "_x": 1, "_y": -1}, {"_time": 113.704, "_x": 1, "_y": -1}, {"_time": 113.73, "_x": -1, "_y": 0}, {"_time": 113.754, "_x": -1, "_y": 0}, {"_time": 113.779, "_x": 1, "_y": 1}, {"_time": 113.804, "_x": 1, "_y": 1}, {"_time": 113.829, "_x": -1, "_y": 1}, {"_time": 113.854, "_x": -1, "_y": 1}, {"_time": 113.879, "_x": 1, "_y": 0}, {"_time": 113.904, "_x": 1, "_y": 0}, {"_time": 113.93, "_x": -1, "_y": -1}, {"_time": 113.98, "_x": 0, "_y": 1}, {"_time": 114.029, "_x": -1, "_y": -1}, {"_time": 114.079, "_x": 0, "_y": 1}, {"_time": 114.13, "_x": 1, "_y": -1}, {"_time": 114.23, "_x": -1, "_y": 0}, {"_time": 114.33, "_x": 0, "_y": -1}, {"_time": 114.53, "_x": -1, "_y": 1}, {"_time": 114.554, "_x": 0, "_y": 1}, {"_time": 114.579, "_x": 1, "_y": 1}, {"_time": 114.604, "_x": 1, "_y": 0}, {"_time": 114.629, "_x": 1, "_y": -1}, {"_time": 114.654, "_x": 0, "_y": -1}, {"_time": 114.679, "_x": 0, "_y": 0}, {"_time": 114.704, "_x": 0, "_y": 1}, {"_time": 114.73, "_x": -1, "_y": 1}, {"_time": 115.13, "_x": 1, "_y": 0}, {"_time": 115.154, "_x": 0, "_y": 1}, {"_time": 115.179, "_x": -1, "_y": 1}, {"_time": 115.53, "_x": 0, "_y": -1}, {"_time": 115.554, "_x": 0, "_y": 0}, {"_time": 115.579, "_x": 0, "_y": 1}, {"_time": 115.83, "_x": -1, "_y": -1}, {"_time": 115.854, "_x": 0, "_y": -1}, {"_time": 115.879, "_x": 1, "_y": -1}, {"_time": 115.93, "_x": -1, "_y": 0}, {"_time": 116.03, "_x": 1, "_y": 0}, {"_time": 116.13, "_x": -1, "_y": 1}, {"_time": 116.179, "_x": -1, "_y": 0}, {"_time": 116.229, "_x": -1, "_y": -1}, {"_time": 116.279, "_x": 0, "_y": -1}, {"_time": 116.33, "_x": 1, "_y": -1}, {"_time": 117.13, "_x": 1, "_y": 0}, {"_time": 117.179, "_x": -1, "_y": 1}, {"_time": 117.229, "_x": 0, "_y": -1}, {"_time": 117.279, "_x": 0, "_y": 1}, {"_time": 117.33, "_x": 1, "_y": -1}, {"_time": 117.379, "_x": -1, "_y": 0}, {"_time": 117.405, "_x": -1, "_y": 0}, {"_time": 117.429, "_x": 1, "_y": 1}, {"_time": 117.455, "_x": 1, "_y": 1}, {"_time": 117.48, "_x": 0, "_y": -1}, {"_time": 117.53, "_x": -1, "_y": 1}, {"_time": 117.554, "_x": -1, "_y": 1}, {"_time": 117.579, "_x": 1, "_y": 0}, {"_time": 117.604, "_x": 1, "_y": 0}, {"_time": 117.629, "_x": -1, "_y": -1}, {"_time": 117.679, "_x": 1, "_y": -1}, {"_time": 117.73, "_x": -1, "_y": 0}, {"_time": 117.779, "_x": 1, "_y": 0}, {"_time": 117.829, "_x": -1, "_y": 1}, {"_time": 117.855, "_x": -1, "_y": 1}, {"_time": 117.879, "_x": 1, "_y": 1}, {"_time": 117.904, "_x": 1, "_y": 1}, {"_time": 117.93, "_x": -1, "_y": -1}, {"_time": 117.979, "_x": 0, "_y": 1}, {"_time": 118.029, "_x": 1, "_y": -1}, {"_time": 118.08, "_x": -1, "_y": 0}, {"_time": 118.13, "_x": 1, "_y": 1}, {"_time": 118.179, "_x": 0, "_y": -1}, {"_time": 118.229, "_x": -1, "_y": 1}, {"_time": 118.254, "_x": 0, "_y": 1}, {"_time": 118.279, "_x": 1, "_y": 0}, {"_time": 118.304, "_x": 1, "_y": -1}, {"_time": 118.33, "_x": -1, "_y": -1}, {"_time": 118.38, "_x": 0, "_y": 1}, {"_time": 118.429, "_x": 1, "_y": -1}, {"_time": 118.454, "_x": 0, "_y": -1}, {"_time": 118.479, "_x": -1, "_y": 0}, {"_time": 118.504, "_x": -1, "_y": 1}, {"_time": 118.53, "_x": 1, "_y": 1}, {"_time": 118.555, "_x": 1, "_y": 1}, {"_time": 118.579, "_x": 1, "_y": -1}, {"_time": 118.604, "_x": 1, "_y": -1}, {"_time": 118.629, "_x": -1, "_y": -1}, {"_time": 118.654, "_x": -1, "_y": -1}, {"_time": 118.679, "_x": -1, "_y": 1}, {"_time": 118.704, "_x": -1, "_y": 1}, {"_time": 118.73, "_x": 1, "_y": 0}, {"_time": 118.779, "_x": -1, "_y": 0}, {"_time": 118.829, "_x": 1, "_y": -1}, {"_time": 118.879, "_x": 0, "_y": 1}, {"_time": 118.93, "_x": -1, "_y": -1}, {"_time": 118.954, "_x": 0, "_y": -1}, {"_time": 118.979, "_x": 1, "_y": 0}, {"_time": 119.004, "_x": 1, "_y": 1}, {"_time": 119.029, "_x": -1, "_y": 1}, {"_time": 119.055, "_x": -1, "_y": 0}, {"_time": 119.079, "_x": -1, "_y": -1}, {"_time": 119.104, "_x": 1, "_y": -1}, {"_time": 119.13, "_x": 0, "_y": 1}, {"_time": 119.179, "_x": 0, "_y": -1}, {"_time": 119.229, "_x": 1, "_y": 1}, {"_time": 119.254, "_x": 1, "_y": 1}, {"_time": 119.279, "_x": -1, "_y": 0}, {"_time": 119.304, "_x": -1, "_y": 0}, {"_time": 119.33, "_x": 1, "_y": -1}, {"_time": 119.38, "_x": -1, "_y": -1}, {"_time": 119.429, "_x": 1, "_y": 0}, {"_time": 119.454, "_x": 1, "_y": 0}, {"_time": 119.479, "_x": -1, "_y": 0}, {"_time": 119.504, "_x": -1, "_y": 0}, {"_time": 119.53, "_x": 1, "_y": 1}, {"_time": 119.58, "_x": 0, "_y": -1}, {"_time": 119.629, "_x": 0, "_y": 1}, {"_time": 119.679, "_x": -1, "_y": -1}, {"_time": 119.73, "_x": 1, "_y": 0}, {"_time": 119.779, "_x": -1, "_y": 0}, {"_time": 119.829, "_x": 1, "_y": -1}, {"_time": 119.88, "_x": 0, "_y": 1}, {"_time": 119.93, "_x": -1, "_y": -1}, {"_time": 119.955, "_x": -1, "_y": 0}, {"_time": 119.98, "_x": -1, "_y": 1}, {"_time": 120.33, "_x": 0, "_y": -1}, {"_time": 120.379, "_x": 1, "_y": 1}, {"_time": 120.429, "_x": -1, "_y": 0}, {"_time": 120.479, "_x": 1, "_y": 0}, {"_time": 120.53, "_x": -1, "_y": -1}, {"_time": 120.555, "_x": -1, "_y": -1}, {"_time": 120.579, "_x": 0, "_y": 1}, {"_time": 120.605, "_x": 0, "_y": 1}, {"_time": 120.629, "_x": 1, "_y": -1}, {"_time": 120.679, "_x": -1, "_y": 0}, {"_time": 120.73, "_x": 1, "_y": 0}, {"_time": 120.779, "_x": -1, "_y": 1}, {"_time": 120.829, "_x": 0, "_y": -1}, {"_time": 120.879, "_x": 1, "_y": 1}, {"_time": 120.93, "_x": -1, "_y": 1}, {"_time": 120.954, "_x": -1, "_y": 0}, {"_time": 120.979, "_x": 0, "_y": 0}, {"_time": 121.004, "_x": 1, "_y": 0}, {"_time": 121.029, "_x": 1, "_y": -1}, {"_time": 121.055, "_x": 1, "_y": -1}, {"_time": 121.079, "_x": 0, "_y": 1}, {"_time": 121.104, "_x": 0, "_y": 1}, {"_time": 121.13, "_x": -1, "_y": -1}, {"_time": 121.18, "_x": 1, "_y": 0}, {"_time": 121.229, "_x": -1, "_y": 0}, {"_time": 121.279, "_x": 1, "_y": 1}, {"_time": 121.33, "_x": -1, "_y": 1}, {"_time": 121.354, "_x": -1, "_y": 0}, {"_time": 121.379, "_x": -1, "_y": -1}, {"_time": 121.404, "_x": 0, "_y": -1}, {"_time": 121.429, "_x": 0, "_y": 0}, {"_time": 121.454, "_x": 0, "_y": 1}, {"_time": 121.479, "_x": 1, "_y": 1}, {"_time": 121.504, "_x": 1, "_y": 0}, {"_time": 121.53, "_x": 1, "_y": -1}, {"_time": 121.555, "_x": 1, "_y": -1}, {"_time": 121.579, "_x": -1, "_y": 0}, {"_time": 121.604, "_x": -1, "_y": 0}, {"_time": 121.629, "_x": 1, "_y": -1}, {"_time": 121.654, "_x": 1, "_y": -1}, {"_time": 121.679, "_x": -1, "_y": 0}, {"_time": 121.704, "_x": -1, "_y": 0}, {"_time": 121.73, "_x": 1, "_y": -1}, {"_time": 121.78, "_x": 0, "_y": 1}, {"_time": 121.829, "_x": 0, "_y": -1}, {"_time": 121.854, "_x": 0, "_y": -1}, {"_time": 121.879, "_x": 1, "_y": 1}, {"_time": 121.904, "_x": 1, "_y": 1}, {"_time": 121.93, "_x": -1, "_y": 0}, {"_time": 121.979, "_x": 1, "_y": -1}, {"_time": 122.029, "_x": -1, "_y": -1}, {"_time": 122.079, "_x": 1, "_y": 0}, {"_time": 122.13, "_x": -1, "_y": 1}, {"_time": 122.18, "_x": 0, "_y": -1}, {"_time": 122.23, "_x": 0, "_y": 1}, {"_time": 122.254, "_x": 0, "_y": 1}, {"_time": 122.279, "_x": 1, "_y": -1}, {"_time": 122.304, "_x": 1, "_y": -1}, {"_time": 122.33, "_x": -1, "_y": 0}, {"_time": 122.38, "_x": 1, "_y": 0}, {"_time": 122.429, "_x": -1, "_y": 1}, {"_time": 122.479, "_x": 0, "_y": -1}, {"_time": 122.53, "_x": 0, "_y": 1}, {"_time": 122.555, "_x": 0, "_y": 1}, {"_time": 122.579, "_x": -1, "_y": -1}, {"_time": 122.604, "_x": -1, "_y": -1}, {"_time": 122.629, "_x": 1, "_y": -1}, {"_time": 122.654, "_x": 1, "_y": -1}, {"_time": 122.679, "_x": -1, "_y": 1}, {"_time": 122.704, "_x": -1, "_y": 1}, {"_time": 122.73, "_x": 0, "_y": -1}, {"_time": 122.78, "_x": 0, "_y": 1}, {"_time": 122.83, "_x": 1, "_y": -1}, {"_time": 122.88, "_x": -1, "_y": 0}, {"_time": 122.93, "_x": 1, "_y": 1}, {"_time": 122.954, "_x": 1, "_y": 0}, {"_time": 122.979, "_x": 1, "_y": -1}, {"_time": 123.004, "_x": 0, "_y": -1}, {"_time": 123.03, "_x": -1, "_y": -1}, {"_time": 123.055, "_x": -1, "_y": 0}, {"_time": 123.079, "_x": 0, "_y": 0}, {"_time": 123.104, "_x": 1, "_y": 0}, {"_time": 123.13, "_x": 1, "_y": -1}, {"_time": 123.179, "_x": -1, "_y": -1}, {"_time": 123.229, "_x": 0, "_y": 1}, {"_time": 123.255, "_x": 0, "_y": 1}, {"_time": 123.279, "_x": 0, "_y": -1}, {"_time": 123.305, "_x": 0, "_y": -1}, {"_time": 123.33, "_x": -1, "_y": 1}, {"_time": 123.354, "_x": -1, "_y": 1}, {"_time": 123.379, "_x": 1, "_y": 1}, {"_time": 123.404, "_x": 1, "_y": 1}, {"_time": 123.429, "_x": 0, "_y": -1}, {"_time": 123.454, "_x": 0, "_y": -1}, {"_time": 123.479, "_x": 0, "_y": 1}, {"_time": 123.504, "_x": 0, "_y": 1}, {"_time": 123.53, "_x": 1, "_y": -1}, {"_time": 123.579, "_x": -1, "_y": 0}, {"_time": 123.629, "_x": 1, "_y": 0}, {"_time": 123.679, "_x": -1, "_y": 1}, {"_time": 123.73, "_x": 0, "_y": -1}, {"_time": 123.779, "_x": 0, "_y": 1}, {"_time": 123.829, "_x": -1, "_y": -1}, {"_time": 123.879, "_x": 1, "_y": 0}, {"_time": 123.93, "_x": -1, "_y": 0}, {"_time": 123.979, "_x": 1, "_y": 1}, {"_time": 124.029, "_x": 0, "_y": -1}, {"_time": 124.079, "_x": -1, "_y": 1}, {"_time": 124.13, "_x": 1, "_y": -1}, {"_time": 124.18, "_x": -1, "_y": 0}, {"_time": 124.23, "_x": 1, "_y": 1}, {"_time": 124.254, "_x": 1, "_y": 0}, {"_time": 124.279, "_x": 1, "_y": -1}, {"_time": 124.33, "_x": 0, "_y": 1}, {"_time": 124.73, "_x": -1, "_y": -1}, {"_time": 124.754, "_x": 0, "_y": -1}, {"_time": 124.779, "_x": 1, "_y": 0}, {"_time": 125.13, "_x": -1, "_y": 1}, {"_time": 125.179, "_x": -1, "_y": -1}, {"_time": 125.229, "_x": 0, "_y": 1}, {"_time": 125.279, "_x": 1, "_y": -1}, {"_time": 125.33, "_x": -1, "_y": 0}, {"_time": 125.379, "_x": 1, "_y": 1}, {"_time": 125.429, "_x": 0, "_y": -1}, {"_time": 125.479, "_x": 0, "_y": 1}, {"_time": 125.53, "_x": 1, "_y": -1}, {"_time": 125.579, "_x": -1, "_y": 0}, {"_time": 125.629, "_x": 1, "_y": 0}, {"_time": 125.679, "_x": -1, "_y": 1}, {"_time": 125.73, "_x": 0, "_y": -1}, {"_time": 125.78, "_x": 0, "_y": 1}, {"_time": 125.83, "_x": -1, "_y": -1}, {"_time": 125.855, "_x": -1, "_y": -1}, {"_time": 125.879, "_x": 1, "_y": 0}, {"_time": 125.904, "_x": 1, "_y": 0}, {"_time": 125.93, "_x": -1, "_y": 0}, {"_time": 126.33, "_x": 1, "_y": 1}, {"_time": 126.354, "_x": 1, "_y": 1}, {"_time": 126.379, "_x": -1, "_y": 1}, {"_time": 126.404, "_x": -1, "_y": 1}, {"_time": 126.429, "_x": 0, "_y": 0}, {"_time": 126.454, "_x": 0, "_y": 0}, {"_time": 126.479, "_x": 1, "_y": 0}, {"_time": 126.504, "_x": 1, "_y": 0}, {"_time": 126.53, "_x": 0, "_y": -1}, {"_time": 126.554, "_x": 0, "_y": -1}, {"_time": 126.579, "_x": -1, "_y": -1}, {"_time": 126.604, "_x": -1, "_y": -1}, {"_time": 126.629, "_x": 0, "_y": 0}, {"_time": 126.653, "_x": 0, "_y": 0}, {"_time": 126.679, "_x": 1, "_y": 0}, {"_time": 126.703, "_x": 1, "_y": 0}, {"_time": 126.729, "_x": 0, "_y": 1}, {"_time": 126.753, "_x": 0, "_y": 1}, {"_time": 126.779, "_x": -1, "_y": 0}, {"_time": 126.803, "_x": -1, "_y": 0}, {"_time": 126.829, "_x": 0, "_y": -1}, {"_time": 126.853, "_x": 0, "_y": -1}, {"_time": 126.879, "_x": 1, "_y": 0}, {"_time": 126.903, "_x": 1, "_y": 0}, {"_time": 126.929, "_x": 1, "_y": 1}, {"_time": 126.954, "_x": 0, "_y": 1}, {"_time": 126.978, "_x": -1, "_y": 1}, {"_time": 127.004, "_x": -1, "_y": 0}, {"_time": 127.028, "_x": 0, "_y": 0}, {"_time": 127.054, "_x": 1, "_y": 0}, {"_time": 127.078, "_x": 1, "_y": -1}, {"_time": 127.104, "_x": 0, "_y": -1}, {"_time": 127.129, "_x": -1, "_y": -1}, {"_time": 127.179, "_x": -1, "_y": 1}, {"_time": 127.229, "_x": -1, "_y": -1}, {"_time": 127.279, "_x": -1, "_y": 1}, {"_time": 127.329, "_x": -1, "_y": -1}, {"_time": 127.379, "_x": -1, "_y": 1}, {"_time": 127.429, "_x": -1, "_y": -1}, {"_time": 127.479, "_x": -1, "_y": 1}, {"_time": 127.53, "_x": 1, "_y": 0}, {"_time": 127.555, "_x": 1, "_y": -1}, {"_time": 127.93, "_x": 1, "_y": 1}, {"_time": 127.954, "_x": 0, "_y": 1}, {"_time": 127.978, "_x": -1, "_y": 0}, {"_time": 128.33, "_x": 1, "_y": 0}, {"_time": 128.341, "_x": 1, "_y": 0}, {"_time": 128.355, "_x": 1, "_y": 0}, {"_time": 128.367, "_x": 1, "_y": 0}, {"_time": 128.379, "_x": -1, "_y": -1}, {"_time": 128.392, "_x": -1, "_y": -1}, {"_time": 128.404, "_x": -1, "_y": -1}, {"_time": 128.417, "_x": -1, "_y": -1}, {"_time": 128.429, "_x": 0, "_y": 1}, {"_time": 128.442, "_x": 0, "_y": 1}, {"_time": 128.454, "_x": 0, "_y": 1}, {"_time": 128.467, "_x": 0, "_y": 1}, {"_time": 128.479, "_x": 1, "_y": -1}, {"_time": 128.492, "_x": 1, "_y": -1}, {"_time": 128.504, "_x": 1, "_y": -1}, {"_time": 128.517, "_x": 1, "_y": -1}, {"_time": 128.53, "_x": -1, "_y": 0}, {"_time": 128.542, "_x": -1, "_y": 0}, {"_time": 128.554, "_x": -1, "_y": 0}, {"_time": 128.567, "_x": -1, "_y": 0}, {"_time": 128.579, "_x": 1, "_y": 1}, {"_time": 128.592, "_x": 1, "_y": 1}, {"_time": 128.604, "_x": 1, "_y": 1}, {"_time": 128.617, "_x": 1, "_y": 1}, {"_time": 128.629, "_x": 1, "_y": -1}, {"_time": 128.642, "_x": 1, "_y": -1}, {"_time": 128.654, "_x": 1, "_y": -1}, {"_time": 128.667, "_x": 1, "_y": -1}, {"_time": 128.679, "_x": -1, "_y": -1}, {"_time": 128.692, "_x": -1, "_y": -1}, {"_time": 128.704, "_x": -1, "_y": -1}, {"_time": 128.717, "_x": -1, "_y": -1}, {"_time": 128.73, "_x": -1, "_y": 1}, {"_time": 128.754, "_x": -1, "_y": 1}, {"_time": 128.779, "_x": 1, "_y": 0}, {"_time": 128.804, "_x": 1, "_y": 0}, {"_time": 128.829, "_x": -1, "_y": 0}, {"_time": 128.854, "_x": -1, "_y": 0}, {"_time": 128.879, "_x": 1, "_y": 1}, {"_time": 128.904, "_x": 1, "_y": 1}, {"_time": 128.93, "_x": 0, "_y": -1}, {"_time": 128.954, "_x": 0, "_y": -1}, {"_time": 128.98, "_x": 0, "_y": 1}, {"_time": 129.004, "_x": 0, "_y": 1}, {"_time": 129.029, "_x": 1, "_y": -1}, {"_time": 129.054, "_x": 1, "_y": -1}, {"_time": 129.08, "_x": -1, "_y": 0}, {"_time": 129.105, "_x": -1, "_y": 0}, {"_time": 129.13, "_x": 1, "_y": 1}, {"_time": 129.142, "_x": 1, "_y": 1}, {"_time": 129.154, "_x": 1, "_y": -1}, {"_time": 129.167, "_x": 1, "_y": -1}, {"_time": 129.179, "_x": -1, "_y": -1}, {"_time": 129.192, "_x": -1, "_y": -1}, {"_time": 129.204, "_x": -1, "_y": 1}, {"_time": 129.217, "_x": -1, "_y": 1}, {"_time": 129.229, "_x": 1, "_y": 1}, {"_time": 129.242, "_x": 1, "_y": 1}, {"_time": 129.254, "_x": 1, "_y": -1}, {"_time": 129.267, "_x": 1, "_y": -1}, {"_time": 129.279, "_x": -1, "_y": -1}, {"_time": 129.292, "_x": -1, "_y": -1}, {"_time": 129.304, "_x": -1, "_y": 1}, {"_time": 129.317, "_x": -1, "_y": 1}, {"_time": 129.33, "_x": 1, "_y": 1}, {"_time": 129.341, "_x": 1, "_y": 1}, {"_time": 129.354, "_x": 1, "_y": -1}, {"_time": 129.367, "_x": 1, "_y": -1}, {"_time": 129.379, "_x": -1, "_y": -1}, {"_time": 129.392, "_x": -1, "_y": -1}, {"_time": 129.404, "_x": -1, "_y": 1}, {"_time": 129.417, "_x": -1, "_y": 1}, {"_time": 129.429, "_x": 1, "_y": 1}, {"_time": 129.442, "_x": 1, "_y": 1}, {"_time": 129.454, "_x": 1, "_y": -1}, {"_time": 129.467, "_x": 1, "_y": -1}, {"_time": 129.479, "_x": -1, "_y": -1}, {"_time": 129.492, "_x": -1, "_y": -1}, {"_time": 129.504, "_x": -1, "_y": 1}, {"_time": 129.517, "_x": -1, "_y": 1}, {"_time": 129.53, "_x": 1, "_y": 1}, {"_time": 129.541, "_x": 1, "_y": 1}, {"_time": 129.554, "_x": 1, "_y": -1}, {"_time": 129.567, "_x": 1, "_y": -1}, {"_time": 129.579, "_x": -1, "_y": -1}, {"_time": 129.592, "_x": -1, "_y": -1}, {"_time": 129.604, "_x": -1, "_y": 1}, {"_time": 129.617, "_x": -1, "_y": 1}, {"_time": 129.629, "_x": 1, "_y": 1}, {"_time": 129.642, "_x": 1, "_y": 1}, {"_time": 129.655, "_x": 1, "_y": -1}, {"_time": 129.667, "_x": 1, "_y": -1}, {"_time": 129.679, "_x": -1, "_y": -1}, {"_time": 129.692, "_x": -1, "_y": -1}, {"_time": 129.704, "_x": -1, "_y": 1}, {"_time": 129.717, "_x": -1, "_y": 1}, {"_time": 129.73, "_x": 1, "_y": 1}, {"_time": 129.742, "_x": 1, "_y": 1}, {"_time": 129.754, "_x": 1, "_y": -1}, {"_time": 129.767, "_x": 1, "_y": -1}, {"_time": 129.779, "_x": -1, "_y": -1}, {"_time": 129.792, "_x": -1, "_y": -1}, {"_time": 129.804, "_x": -1, "_y": 1}, {"_time": 129.817, "_x": -1, "_y": 1}, {"_time": 129.829, "_x": 1, "_y": 1}, {"_time": 129.842, "_x": 1, "_y": 1}, {"_time": 129.854, "_x": 1, "_y": -1}, {"_time": 129.867, "_x": 1, "_y": -1}, {"_time": 129.879, "_x": -1, "_y": -1}, {"_time": 129.892, "_x": -1, "_y": -1}, {"_time": 129.904, "_x": -1, "_y": 1}, {"_time": 129.917, "_x": -1, "_y": 1}, {"_time": 129.93, "_x": 0, "_y": 0}, {"_time": 129.942, "_x": 0, "_y": -1}, {"_time": 131.53, "_x": 0, "_y": -1}, {"_time": 132.33, "_x": 0, "_y": -1}, {"_time": 133.13, "_x": 0, "_y": 0}, {"_time": 134.73, "_x": 1, "_y": -1}, {"_time": 135.53, "_x": 1, "_y": -1}, {"_time": 136.33, "_x": 0, "_y": 0}, {"_time": 137.93, "_x": 1, "_y": 0}, {"_time": 138.73, "_x": 1, "_y": 0}, {"_time": 139.53, "_x": 0, "_y": 0}, {"_time": 141.13, "_x": 1, "_y": 1}, {"_time": 141.93, "_x": 1, "_y": 1}, {"_time": 142.73, "_x": 0, "_y": 0}, {"_time": 144.33, "_x": 0, "_y": 1}, {"_time": 145.13, "_x": 0, "_y": 1}, {"_time": 145.93, "_x": 0, "_y": 0}, {"_time": 147.53, "_x": -1, "_y": 1}, {"_time": 148.33, "_x": -1, "_y": 1}, {"_time": 149.13, "_x": 0, "_y": 0}, {"_time": 150.73, "_x": -1, "_y": 0}, {"_time": 151.53, "_x": -1, "_y": 0}, {"_time": 152.33, "_x": 0, "_y": 0}, {"_time": 153.93, "_x": -1, "_y": -1}, {"_time": 154.73, "_x": -1, "_y": -1}, {"_time": 155.53, "_x": 0, "_y": 0}]}