{"_approachDistance":50,"_approachTime":1,"_name":"Official Ver.","_notes":[{"_time":2.333,"_x":1,"_y":-1},{"_time":2.475,"_x":-1,"_y":0},{"_time":2.618,"_x":1,"_y":0},{"_time":2.761,"_x":-1,"_y":-1},{"_time":2.904,"_x":1,"_y":1},{"_time":3.047,"_x":0,"_y":-1},{"_time":3.118,"_x":0,"_y":0},{"_time":3.19,"_x":0,"_y":1},{"_time":3.333,"_x":1,"_y":-1},{"_time":3.475,"_x":-1,"_y":-1},{"_time":3.618,"_x":1,"_y":1},{"_time":3.761,"_x":0,"_y":-1},{"_time":3.904,"_x":-1,"_y":1},{"_time":3.975,"_x":-1,"_y":0},{"_time":4.047,"_x":-1,"_y":-1},{"_time":4.19,"_x":0,"_y":1},{"_time":4.333,"_x":1,"_y":-1},{"_time":4.404,"_x":0,"_y":-1},{"_time":4.475,"_x":-1,"_y":-1},{"_time":4.511,"_x":-1,"_y":-1},{"_time":4.547,"_x":-1,"_y":0},{"_time":4.583,"_x":-1,"_y":0},{"_time":4.618,"_x":-1,"_y":1},{"_time":4.904,"_x":1,"_y":-1},{"_time":5.19,"_x":0,"_y":0},{"_time":5.475,"_x":0,"_y":-1},{"_time":5.761,"_x":-1,"_y":0},{"_time":6.047,"_x":0,"_y":1},{"_time":6.904,"_x":-1,"_y":-1},{"_time":8.047,"_x":1,"_y":-1},{"_time":8.19,"_x":0,"_y":1},{"_time":8.333,"_x":0,"_y":-1},{"_time":8.475,"_x":-1,"_y":1},{"_time":8.618,"_x":1,"_y":0},{"_time":8.761,"_x":-1,"_y":-1},{"_time":8.833,"_x":-1,"_y":0},{"_time":8.904,"_x":0,"_y":0},{"_time":8.975,"_x":1,"_y":0},{"_time":9.047,"_x":1,"_y":1},{"_time":9.118,"_x":0,"_y":1},{"_time":9.19,"_x":-1,"_y":1},{"_time":9.333,"_x":1,"_y":0},{"_time":9.475,"_x":-1,"_y":-1},{"_time":9.618,"_x":0,"_y":1},{"_time":9.761,"_x":0,"_y":-1},{"_time":9.904,"_x":1,"_y":1},{"_time":10.047,"_x":-1,"_y":0},{"_time":10.118,"_x":0,"_y":0},{"_time":10.19,"_x":1,"_y":0},{"_time":10.261,"_x":1,"_y":-1},{"_time":10.333,"_x":0,"_y":-1},{"_time":10.475,"_x":-1,"_y":1},{"_time":10.618,"_x":1,"_y":-1},{"_time":10.69,"_x":1,"_y":0},{"_time":10.761,"_x":0,"_y":0},{"_time":10.833,"_x":-1,"_y":0},{"_time":10.904,"_x":-1,"_y":1},{"_time":11.047,"_x":1,"_y":0},{"_time":11.19,"_x":-1,"_y":-1},{"_time":11.333,"_x":0,"_y":1},{"_time":11.475,"_x":1,"_y":-1},{"_time":11.618,"_x":-1,"_y":1},{"_time":11.761,"_x":0,"_y":-1},{"_time":11.904,"_x":1,"_y":1},{"_time":12.047,"_x":-1,"_y":-1},{"_time":12.19,"_x":1,"_y":0},{"_time":12.333,"_x":-1,"_y":0},{"_time":12.475,"_x":1,"_y":-1},{"_time":12.618,"_x":-1,"_y":1},{"_time":12.761,"_x":0,"_y":-1},{"_time":12.904,"_x":-1,"_y":1},{"_time":13.047,"_x":1,"_y":0},{"_time":13.19,"_x":-1,"_y":1},{"_time":13.475,"_x":1,"_y":-1},{"_time":13.618,"_x":0,"_y":1},{"_time":13.761,"_x":-1,"_y":-1},{"_time":13.904,"_x":1,"_y":0},{"_time":14.047,"_x":-1,"_y":1},{"_time":14.118,"_x":-1,"_y":0},{"_time":14.19,"_x":0,"_y":0},{"_time":14.261,"_x":1,"_y":0},{"_time":14.333,"_x":1,"_y":1},{"_time":14.475,"_x":-1,"_y":0},{"_time":14.618,"_x":1,"_y":-1},{"_time":14.761,"_x":0,"_y":1},{"_time":14.904,"_x":-1,"_y":-1},{"_time":15.047,"_x":1,"_y":-1},{"_time":15.19,"_x":-1,"_y":-1},{"_time":15.333,"_x":1,"_y":-1},{"_time":15.475,"_x":-1,"_y":1},{"_time":15.547,"_x":-1,"_y":0},{"_time":15.618,"_x":0,"_y":-1},{"_time":15.69,"_x":1,"_y":0},{"_time":15.761,"_x":0,"_y":1},{"_time":15.833,"_x":-1,"_y":1},{"_time":15.904,"_x":-1,"_y":0},{"_time":15.975,"_x":-1,"_y":-1},{"_time":16.047,"_x":0,"_y":-1},{"_time":16.19,"_x":0,"_y":1},{"_time":16.333,"_x":0,"_y":-1},{"_time":16.475,"_x":0,"_y":1},{"_time":16.618,"_x":1,"_y":-1},{"_time":16.69,"_x":1,"_y":0},{"_time":16.761,"_x":0,"_y":0},{"_time":16.833,"_x":-1,"_y":0},{"_time":16.904,"_x":-1,"_y":-1},{"_time":16.975,"_x":0,"_y":-1},{"_time":17.047,"_x":1,"_y":0},{"_time":17.118,"_x":0,"_y":1},{"_time":17.19,"_x":-1,"_y":1},{"_time":17.333,"_x":1,"_y":-1},{"_time":17.475,"_x":-1,"_y":0},{"_time":17.618,"_x":1,"_y":0},{"_time":17.761,"_x":-1,"_y":1},{"_time":17.904,"_x":-1,"_y":-1},{"_time":17.975,"_x":0,"_y":-1},{"_time":18.047,"_x":1,"_y":0},{"_time":18.118,"_x":0,"_y":1},{"_time":18.19,"_x":-1,"_y":1},{"_time":18.261,"_x":-1,"_y":0},{"_time":18.333,"_x":0,"_y":-1},{"_time":18.475,"_x":1,"_y":1},{"_time":18.618,"_x":-1,"_y":-1},{"_time":18.761,"_x":0,"_y":1},{"_time":18.904,"_x":1,"_y":-1},{"_time":19.047,"_x":-1,"_y":0},{"_time":19.19,"_x":1,"_y":1},{"_time":19.261,"_x":1,"_y":0},{"_time":19.333,"_x":0,"_y":-1},{"_time":19.404,"_x":0,"_y":0},{"_time":19.475,"_x":0,"_y":1},{"_time":19.618,"_x":1,"_y":-1},{"_time":19.761,"_x":-1,"_y":1},{"_time":19.833,"_x":-1,"_y":0},{"_time":19.904,"_x":0,"_y":0},{"_time":19.975,"_x":1,"_y":1},{"_time":20.047,"_x":0,"_y":1},{"_time":20.19,"_x":-1,"_y":-1},{"_time":20.333,"_x":1,"_y":0},{"_time":20.475,"_x":-1,"_y":0},{"_time":20.618,"_x":1,"_y":1},{"_time":20.761,"_x":0,"_y":-1},{"_time":20.904,"_x":-1,"_y":1},{"_time":21.047,"_x":0,"_y":-1},{"_time":21.19,"_x":1,"_y":1},{"_time":21.333,"_x":-1,"_y":0},{"_time":21.475,"_x":1,"_y":-1},{"_time":21.618,"_x":0,"_y":1},{"_time":21.761,"_x":-1,"_y":-1},{"_time":21.904,"_x":1,"_y":0},{"_time":22.047,"_x":-1,"_y":0},{"_time":22.19,"_x":1,"_y":1},{"_time":22.225,"_x":1,"_y":1},{"_time":22.261,"_x":0,"_y":1},{"_time":22.297,"_x":0,"_y":1},{"_time":22.333,"_x":-1,"_y":1},{"_time":22.475,"_x":0,"_y":-1},{"_time":22.618,"_x":1,"_y":1},{"_time":22.761,"_x":1,"_y":-1},{"_time":22.904,"_x":-1,"_y":0},{"_time":23.047,"_x":1,"_y":0},{"_time":23.19,"_x":-1,"_y":1},{"_time":23.261,"_x":0,"_y":0},{"_time":23.333,"_x":1,"_y":0},{"_time":23.404,"_x":1,"_y":1},{"_time":23.475,"_x":0,"_y":1},{"_time":23.618,"_x":0,"_y":-1},{"_time":23.761,"_x":-1,"_y":1},{"_time":23.904,"_x":1,"_y":-1},{"_time":24.047,"_x":-1,"_y":0},{"_time":24.19,"_x":1,"_y":0},{"_time":24.333,"_x":-1,"_y":0},{"_time":24.368,"_x":-1,"_y":0},{"_time":24.404,"_x":0,"_y":0},{"_time":24.44,"_x":0,"_y":0},{"_time":24.475,"_x":1,"_y":-1},{"_time":24.511,"_x":1,"_y":-1},{"_time":24.547,"_x":0,"_y":-1},{"_time":24.583,"_x":0,"_y":-1},{"_time":24.618,"_x":-1,"_y":-1},{"_time":24.69,"_x":-1,"_y":0},{"_time":24.761,"_x":0,"_y":1},{"_time":24.833,"_x":1,"_y":0},{"_time":24.904,"_x":1,"_y":-1},{"_time":24.975,"_x":0,"_y":-1},{"_time":25.047,"_x":0,"_y":0},{"_time":25.118,"_x":0,"_y":1},{"_time":25.19,"_x":-1,"_y":0},{"_time":25.261,"_x":-1,"_y":0},{"_time":25.333,"_x":1,"_y":1},{"_time":25.404,"_x":1,"_y":1},{"_time":25.475,"_x":-1,"_y":-1},{"_time":25.618,"_x":-1,"_y":1},{"_time":25.69,"_x":-1,"_y":1},{"_time":25.761,"_x":1,"_y":-1},{"_time":25.904,"_x":0,"_y":1},{"_time":25.975,"_x":0,"_y":1},{"_time":26.047,"_x":0,"_y":-1},{"_time":26.19,"_x":1,"_y":1},{"_time":26.333,"_x":-1,"_y":-1},{"_time":26.475,"_x":1,"_y":0},{"_time":26.618,"_x":-1,"_y":0},{"_time":26.761,"_x":1,"_y":1},{"_time":26.904,"_x":0,"_y":-1},{"_time":27.047,"_x":-1,"_y":1},{"_time":27.118,"_x":0,"_y":1},{"_time":27.19,"_x":1,"_y":0},{"_time":27.261,"_x":0,"_y":0},{"_time":27.333,"_x":-1,"_y":-1},{"_time":27.404,"_x":0,"_y":-1},{"_time":27.475,"_x":1,"_y":-1},{"_time":27.618,"_x":0,"_y":1},{"_time":27.761,"_x":-1,"_y":-1},{"_time":27.904,"_x":1,"_y":1},{"_time":28.047,"_x":0,"_y":-1},{"_time":28.19,"_x":0,"_y":1},{"_time":28.333,"_x":1,"_y":-1},{"_time":28.404,"_x":0,"_y":-1},{"_time":28.475,"_x":-1,"_y":0},{"_time":28.547,"_x":-1,"_y":1},{"_time":28.618,"_x":-1,"_y":-1},{"_time":28.761,"_x":1,"_y":1},{"_time":28.904,"_x":-1,"_y":0},{"_time":28.975,"_x":0,"_y":0},{"_time":29.047,"_x":1,"_y":1},{"_time":29.118,"_x":0,"_y":1},{"_time":29.19,"_x":-1,"_y":0},{"_time":29.333,"_x":1,"_y":1},{"_time":29.475,"_x":0,"_y":-1},{"_time":29.618,"_x":-1,"_y":1},{"_time":29.761,"_x":1,"_y":-1},{"_time":29.904,"_x":-1,"_y":0},{"_time":30.047,"_x":1,"_y":1},{"_time":30.19,"_x":-1,"_y":0},{"_time":30.333,"_x":1,"_y":0},{"_time":30.475,"_x":-1,"_y":0},{"_time":30.618,"_x":1,"_y":-1},{"_time":30.761,"_x":-1,"_y":1},{"_time":30.904,"_x":0,"_y":-1},{"_time":31.047,"_x":-1,"_y":1},{"_time":31.19,"_x":1,"_y":1},{"_time":31.333,"_x":-1,"_y":-1},{"_time":31.368,"_x":-1,"_y":-1},{"_time":31.404,"_x":-1,"_y":0},{"_time":31.44,"_x":-1,"_y":0},{"_time":31.475,"_x":0,"_y":1},{"_time":31.618,"_x":1,"_y":-1},{"_time":31.761,"_x":-1,"_y":1},{"_time":31.904,"_x":-1,"_y":-1},{"_time":32.047,"_x":1,"_y":0},{"_time":32.19,"_x":-1,"_y":0},{"_time":32.333,"_x":1,"_y":-1},{"_time":32.404,"_x":0,"_y":-1},{"_time":32.475,"_x":-1,"_y":0},{"_time":32.547,"_x":0,"_y":1},{"_time":32.618,"_x":1,"_y":1},{"_time":32.761,"_x":-1,"_y":1},{"_time":32.904,"_x":0,"_y":-1},{"_time":33.047,"_x":1,"_y":1},{"_time":33.19,"_x":-1,"_y":-1},{"_time":33.261,"_x":-1,"_y":-1},{"_time":33.333,"_x":1,"_y":0},{"_time":33.404,"_x":1,"_y":0},{"_time":33.475,"_x":-1,"_y":0},{"_time":33.511,"_x":-1,"_y":0},{"_time":33.547,"_x":0,"_y":1},{"_time":33.583,"_x":0,"_y":1},{"_time":33.618,"_x":0,"_y":0},{"_time":33.69,"_x":0,"_y":-1},{"_time":33.761,"_x":1,"_y":-1},{"_time":33.833,"_x":1,"_y":0},{"_time":33.904,"_x":0,"_y":1},{"_time":33.975,"_x":-1,"_y":1},{"_time":34.047,"_x":-1,"_y":0},{"_time":34.118,"_x":-1,"_y":-1},{"_time":34.19,"_x":0,"_y":0},{"_time":34.261,"_x":0,"_y":1},{"_time":34.333,"_x":1,"_y":1},{"_time":34.404,"_x":1,"_y":1},{"_time":34.475,"_x":-1,"_y":1},{"_time":34.547,"_x":-1,"_y":1},{"_time":34.618,"_x":1,"_y":-1},{"_time":34.69,"_x":1,"_y":-1},{"_time":34.761,"_x":0,"_y":1},{"_time":34.833,"_x":0,"_y":1},{"_time":34.904,"_x":0,"_y":-1},{"_time":34.975,"_x":-1,"_y":0},{"_time":35.047,"_x":0,"_y":1},{"_time":35.118,"_x":1,"_y":1},{"_time":35.19,"_x":1,"_y":0},{"_time":35.261,"_x":0,"_y":0},{"_time":35.333,"_x":-1,"_y":-1},{"_time":35.404,"_x":-1,"_y":0},{"_time":35.475,"_x":-1,"_y":1},{"_time":35.618,"_x":1,"_y":1},{"_time":35.761,"_x":0,"_y":-1},{"_time":35.904,"_x":0,"_y":1},{"_time":36.047,"_x":1,"_y":-1},{"_time":36.19,"_x":-1,"_y":0},{"_time":36.261,"_x":0,"_y":0},{"_time":36.333,"_x":1,"_y":1},{"_time":36.404,"_x":0,"_y":1},{"_time":36.475,"_x":0,"_y":0},{"_time":36.547,"_x":0,"_y":-1},{"_time":36.618,"_x":1,"_y":0},{"_time":36.761,"_x":-1,"_y":1},{"_time":36.904,"_x":-1,"_y":-1},{"_time":37.047,"_x":1,"_y":1},{"_time":37.19,"_x":-1,"_y":0},{"_time":37.333,"_x":1,"_y":-1},{"_time":37.475,"_x":0,"_y":1},{"_time":37.547,"_x":0,"_y":0},{"_time":37.618,"_x":-1,"_y":-1},{"_time":37.69,"_x":-1,"_y":0},{"_time":37.761,"_x":-1,"_y":1},{"_time":37.904,"_x":1,"_y":0},{"_time":38.047,"_x":-1,"_y":-1},{"_time":38.118,"_x":0,"_y":-1},{"_time":38.19,"_x":0,"_y":0},{"_time":38.261,"_x":1,"_y":1},{"_time":38.333,"_x":1,"_y":0},{"_time":38.475,"_x":-1,"_y":1},{"_time":38.618,"_x":1,"_y":-1},{"_time":38.761,"_x":0,"_y":1},{"_time":38.904,"_x":-1,"_y":-1},{"_time":39.047,"_x":1,"_y":0},{"_time":39.19,"_x":-1,"_y":-1},{"_time":39.333,"_x":1,"_y":1},{"_time":39.475,"_x":1,"_y":-1},{"_time":39.618,"_x":-1,"_y":1},{"_time":39.761,"_x":1,"_y":-1},{"_time":39.904,"_x":1,"_y":1},{"_time":40.047,"_x":0,"_y":-1},{"_time":40.19,"_x":0,"_y":1},{"_time":40.333,"_x":1,"_y":-1},{"_time":40.475,"_x":-1,"_y":1},{"_time":40.511,"_x":-1,"_y":1},{"_time":40.547,"_x":-1,"_y":0},{"_time":40.583,"_x":-1,"_y":0},{"_time":40.618,"_x":0,"_y":-1},{"_time":40.761,"_x":1,"_y":1},{"_time":40.904,"_x":-1,"_y":-1},{"_time":41.047,"_x":0,"_y":1},{"_time":41.19,"_x":1,"_y":-1},{"_time":41.333,"_x":-1,"_y":1},{"_time":41.475,"_x":0,"_y":-1},{"_time":41.547,"_x":1,"_y":0},{"_time":41.618,"_x":0,"_y":1},{"_time":41.69,"_x":-1,"_y":0},{"_time":41.761,"_x":-1,"_y":-1},{"_time":41.904,"_x":1,"_y":1},{"_time":42.047,"_x":1,"_y":-1},{"_time":42.19,"_x":-1,"_y":1},{"_time":42.333,"_x":0,"_y":-1},{"_time":42.404,"_x":0,"_y":-1},{"_time":42.475,"_x":1,"_y":1},{"_time":42.547,"_x":1,"_y":1},{"_time":42.618,"_x":-1,"_y":-1},{"_time":42.654,"_x":-1,"_y":-1},{"_time":42.69,"_x":-1,"_y":0},{"_time":42.725,"_x":-1,"_y":0},{"_time":42.761,"_x":0,"_y":1},{"_time":42.833,"_x":0,"_y":1},{"_time":42.904,"_x":1,"_y":-1},{"_time":42.975,"_x":0,"_y":-1},{"_time":43.046,"_x":-1,"_y":0},{"_time":43.118,"_x":-1,"_y":1},{"_time":43.19,"_x":0,"_y":1},{"_time":43.261,"_x":1,"_y":0},{"_time":43.333,"_x":0,"_y":0},{"_time":43.404,"_x":-1,"_y":0},{"_time":43.475,"_x":-1,"_y":-1},{"_time":43.547,"_x":-1,"_y":-1},{"_time":43.618,"_x":1,"_y":1},{"_time":43.69,"_x":1,"_y":1},{"_time":43.761,"_x":-1,"_y":0},{"_time":43.833,"_x":-1,"_y":0},{"_time":43.904,"_x":1,"_y":-1},{"_time":43.975,"_x":1,"_y":-1},{"_time":44.047,"_x":-1,"_y":1},{"_time":44.118,"_x":0,"_y":1},{"_time":44.19,"_x":1,"_y":0},{"_time":44.261,"_x":0,"_y":-1},{"_time":44.333,"_x":-1,"_y":-1},{"_time":44.404,"_x":-1,"_y":0},{"_time":44.475,"_x":0,"_y":0},{"_time":44.547,"_x":1,"_y":-1},{"_time":44.618,"_x":0,"_y":-1},{"_time":44.69,"_x":-1,"_y":-1},{"_time":44.761,"_x":-1,"_y":1},{"_time":44.833,"_x":0,"_y":1},{"_time":44.904,"_x":1,"_y":0},{"_time":44.975,"_x":1,"_y":-1},{"_time":45.047,"_x":0,"_y":-1},{"_time":45.118,"_x":-1,"_y":0},{"_time":45.19,"_x":1,"_y":1},{"_time":45.261,"_x":1,"_y":0},{"_time":45.333,"_x":-1,"_y":-1},{"_time":45.404,"_x":-1,"_y":0},{"_time":45.475,"_x":0,"_y":1},{"_time":45.547,"_x":1,"_y":1},{"_time":45.618,"_x":1,"_y":0},{"_time":45.69,"_x":1,"_y":-1},{"_time":45.761,"_x":-1,"_y":1},{"_time":45.833,"_x":-1,"_y":0},{"_time":45.904,"_x":-1,"_y":-1},{"_time":45.975,"_x":0,"_y":-1},{"_time":46.047,"_x":1,"_y":0},{"_time":46.118,"_x":1,"_y":1},{"_time":46.19,"_x":-1,"_y":0},{"_time":46.261,"_x":-1,"_y":-1},{"_time":46.333,"_x":0,"_y":-1},{"_time":46.404,"_x":1,"_y":0},{"_time":46.475,"_x":1,"_y":1},{"_time":46.547,"_x":0,"_y":1},{"_time":46.618,"_x":0,"_y":-1},{"_time":46.69,"_x":1,"_y":0},{"_time":46.761,"_x":1,"_y":1},{"_time":46.833,"_x":0,"_y":1},{"_time":46.904,"_x":-1,"_y":1},{"_time":46.975,"_x":-1,"_y":1},{"_time":47.047,"_x":1,"_y":-1},{"_time":47.118,"_x":1,"_y":-1},{"_time":47.19,"_x":-1,"_y":0},{"_time":47.261,"_x":0,"_y":0},{"_time":47.333,"_x":1,"_y":1},{"_time":47.404,"_x":0,"_y":1},{"_time":47.475,"_x":-1,"_y":-1},{"_time":47.547,"_x":0,"_y":-1},{"_time":47.618,"_x":1,"_y":0},{"_time":47.69,"_x":1,"_y":1},{"_time":47.761,"_x":0,"_y":1},{"_time":47.833,"_x":-1,"_y":1},{"_time":47.904,"_x":-1,"_y":0},{"_time":47.975,"_x":0,"_y":-1},{"_time":48.047,"_x":1,"_y":-1},{"_time":48.118,"_x":1,"_y":0},{"_time":48.19,"_x":-1,"_y":1},{"_time":48.261,"_x":-1,"_y":0},{"_time":48.333,"_x":1,"_y":1},{"_time":48.404,"_x":0,"_y":1},{"_time":48.475,"_x":-1,"_y":-1},{"_time":48.547,"_x":0,"_y":-1},{"_time":48.618,"_x":-1,"_y":1},{"_time":48.69,"_x":-1,"_y":0},{"_time":48.761,"_x":0,"_y":-1},{"_time":48.833,"_x":0,"_y":0},{"_time":48.904,"_x":0,"_y":1},{"_time":48.975,"_x":1,"_y":0},{"_time":49.047,"_x":1,"_y":-1},{"_time":49.118,"_x":0,"_y":-1},{"_time":49.19,"_x":-1,"_y":0},{"_time":49.261,"_x":-1,"_y":1},{"_time":49.333,"_x":1,"_y":-1},{"_time":49.404,"_x":0,"_y":-1},{"_time":49.475,"_x":1,"_y":1},{"_time":49.547,"_x":1,"_y":0},{"_time":49.618,"_x":-1,"_y":1},{"_time":49.654,"_x":-1,"_y":1},{"_time":49.69,"_x":0,"_y":1},{"_time":49.725,"_x":0,"_y":1},{"_time":49.761,"_x":1,"_y":0},{"_time":49.833,"_x":0,"_y":-1},{"_time":49.904,"_x":-1,"_y":-1},{"_time":49.975,"_x":-1,"_y":0},{"_time":50.047,"_x":0,"_y":0},{"_time":50.118,"_x":1,"_y":0},{"_time":50.19,"_x":1,"_y":1},{"_time":50.261,"_x":0,"_y":1},{"_time":50.333,"_x":-1,"_y":1},{"_time":50.404,"_x":-1,"_y":1},{"_time":50.475,"_x":0,"_y":-1},{"_time":50.547,"_x":0,"_y":-1},{"_time":50.618,"_x":1,"_y":1},{"_time":50.69,"_x":1,"_y":1},{"_time":50.761,"_x":-1,"_y":0},{"_time":50.833,"_x":-1,"_y":0},{"_time":50.904,"_x":1,"_y":-1},{"_time":50.975,"_x":1,"_y":0},{"_time":51.047,"_x":0,"_y":1},{"_time":51.118,"_x":-1,"_y":1},{"_time":51.19,"_x":-1,"_y":0},{"_time":51.261,"_x":0,"_y":0},{"_time":51.333,"_x":1,"_y":0},{"_time":51.404,"_x":0,"_y":-1},{"_time":51.475,"_x":-1,"_y":-1},{"_time":51.547,"_x":-1,"_y":0},{"_time":51.618,"_x":1,"_y":1},{"_time":51.69,"_x":0,"_y":1},{"_time":51.761,"_x":-1,"_y":1},{"_time":51.797,"_x":-1,"_y":1},{"_time":51.833,"_x":-1,"_y":0},{"_time":51.868,"_x":-1,"_y":0},{"_time":51.904,"_x":0,"_y":-1},{"_time":51.975,"_x":1,"_y":0},{"_time":52.047,"_x":1,"_y":1},{"_time":52.118,"_x":0,"_y":1},{"_time":52.19,"_x":0,"_y":0},{"_time":52.261,"_x":0,"_y":-1},{"_time":52.333,"_x":-1,"_y":0},{"_time":52.404,"_x":-1,"_y":1},{"_time":52.475,"_x":0,"_y":1},{"_time":52.547,"_x":0,"_y":0},{"_time":52.618,"_x":0,"_y":-1},{"_time":52.69,"_x":1,"_y":-1},{"_time":52.761,"_x":0,"_y":1},{"_time":52.833,"_x":-1,"_y":1},{"_time":52.904,"_x":-1,"_y":-1},{"_time":52.975,"_x":0,"_y":-1},{"_time":53.047,"_x":1,"_y":1},{"_time":53.118,"_x":0,"_y":1},{"_time":53.19,"_x":-1,"_y":0},{"_time":53.261,"_x":0,"_y":-1},{"_time":53.333,"_x":1,"_y":0},{"_time":53.404,"_x":1,"_y":1},{"_time":53.475,"_x":0,"_y":1},{"_time":53.547,"_x":0,"_y":0},{"_time":53.618,"_x":0,"_y":-1},{"_time":53.69,"_x":-1,"_y":-1},{"_time":53.761,"_x":-1,"_y":0},{"_time":53.833,"_x":-1,"_y":1},{"_time":53.904,"_x":1,"_y":1},{"_time":53.976,"_x":1,"_y":0},{"_time":54.047,"_x":0,"_y":-1},{"_time":54.118,"_x":-1,"_y":-1},{"_time":54.19,"_x":-1,"_y":0},{"_time":54.261,"_x":0,"_y":1},{"_time":54.333,"_x":1,"_y":-1},{"_time":54.404,"_x":0,"_y":-1},{"_time":54.476,"_x":-1,"_y":1},{"_time":54.547,"_x":0,"_y":1},{"_time":54.618,"_x":1,"_y":0},{"_time":54.69,"_x":1,"_y":-1},{"_time":54.761,"_x":0,"_y":-1},{"_time":54.833,"_x":-1,"_y":-1},{"_time":54.904,"_x":1,"_y":1},{"_time":54.976,"_x":0,"_y":1},{"_time":55.047,"_x":-1,"_y":1},{"_time":55.118,"_x":-1,"_y":0},{"_time":55.19,"_x":0,"_y":-1},{"_time":55.261,"_x":1,"_y":-1},{"_time":55.333,"_x":0,"_y":1},{"_time":55.404,"_x":-1,"_y":1},{"_time":55.476,"_x":-1,"_y":0},{"_time":55.547,"_x":0,"_y":-1},{"_time":55.618,"_x":1,"_y":-1},{"_time":55.69,"_x":1,"_y":0},{"_time":55.761,"_x":-1,"_y":0},{"_time":55.833,"_x":0,"_y":-1},{"_time":55.904,"_x":1,"_y":-1},{"_time":55.976,"_x":1,"_y":0},{"_time":56.047,"_x":1,"_y":1},{"_time":56.118,"_x":1,"_y":1},{"_time":56.19,"_x":-1,"_y":-1},{"_time":56.261,"_x":-1,"_y":-1},{"_time":56.333,"_x":0,"_y":1},{"_time":56.404,"_x":0,"_y":0},{"_time":56.476,"_x":1,"_y":-1},{"_time":56.547,"_x":1,"_y":0},{"_time":56.618,"_x":-1,"_y":1},{"_time":56.69,"_x":-1,"_y":0},{"_time":56.761,"_x":0,"_y":-1},{"_time":56.833,"_x":1,"_y":-1},{"_time":56.904,"_x":1,"_y":0},{"_time":56.976,"_x":1,"_y":1},{"_time":57.047,"_x":0,"_y":1},{"_time":57.118,"_x":-1,"_y":0},{"_time":57.19,"_x":-1,"_y":-1},{"_time":57.261,"_x":0,"_y":-1},{"_time":57.333,"_x":1,"_y":1},{"_time":57.404,"_x":0,"_y":1},{"_time":57.476,"_x":1,"_y":-1},{"_time":57.547,"_x":1,"_y":0},{"_time":57.618,"_x":-1,"_y":1},{"_time":57.69,"_x":-1,"_y":0},{"_time":57.761,"_x":1,"_y":1},{"_time":57.833,"_x":0,"_y":1},{"_time":57.904,"_x":-1,"_y":0},{"_time":57.976,"_x":0,"_y":0},{"_time":58.047,"_x":1,"_y":0},{"_time":58.118,"_x":0,"_y":-1},{"_time":58.19,"_x":-1,"_y":-1},{"_time":58.261,"_x":-1,"_y":0},{"_time":58.333,"_x":0,"_y":1},{"_time":58.404,"_x":1,"_y":1},{"_time":58.476,"_x":-1,"_y":-1},{"_time":58.547,"_x":-1,"_y":0},{"_time":58.618,"_x":1,"_y":-1},{"_time":58.69,"_x":0,"_y":-1},{"_time":58.761,"_x":1,"_y":1},{"_time":58.797,"_x":1,"_y":1},{"_time":58.833,"_x":1,"_y":0},{"_time":58.868,"_x":1,"_y":0},{"_time":58.904,"_x":0,"_y":-1},{"_time":58.976,"_x":-1,"_y":0},{"_time":59.047,"_x":-1,"_y":1},{"_time":59.118,"_x":0,"_y":1},{"_time":59.19,"_x":0,"_y":0},{"_time":59.261,"_x":0,"_y":-1},{"_time":59.333,"_x":1,"_y":-1},{"_time":59.404,"_x":1,"_y":0},{"_time":59.476,"_x":1,"_y":1},{"_time":59.547,"_x":1,"_y":1},{"_time":59.618,"_x":-1,"_y":0},{"_time":59.69,"_x":-1,"_y":0},{"_time":59.761,"_x":1,"_y":-1},{"_time":59.833,"_x":1,"_y":-1},{"_time":59.904,"_x":0,"_y":1},{"_time":59.976,"_x":0,"_y":1},{"_time":60.047,"_x":-1,"_y":-1},{"_time":60.118,"_x":0,"_y":-1},{"_time":60.19,"_x":1,"_y":0},{"_time":60.261,"_x":1,"_y":1},{"_time":60.333,"_x":0,"_y":1},{"_time":60.404,"_x":0,"_y":0},{"_time":60.476,"_x":0,"_y":-1},{"_time":60.547,"_x":-1,"_y":0},{"_time":60.618,"_x":-1,"_y":1},{"_time":60.69,"_x":0,"_y":1},{"_time":60.761,"_x":1,"_y":-1},{"_time":60.833,"_x":1,"_y":0},{"_time":60.904,"_x":1,"_y":1},{"_time":60.94,"_x":1,"_y":1},{"_time":60.976,"_x":0,"_y":1},{"_time":61.011,"_x":0,"_y":1},{"_time":61.047,"_x":-1,"_y":0},{"_time":61.118,"_x":0,"_y":-1},{"_time":61.19,"_x":1,"_y":-1},{"_time":61.261,"_x":1,"_y":0},{"_time":61.333,"_x":0,"_y":0},{"_time":61.404,"_x":-1,"_y":0},{"_time":61.476,"_x":0,"_y":1},{"_time":61.547,"_x":1,"_y":1},{"_time":61.618,"_x":1,"_y":0},{"_time":61.69,"_x":0,"_y":0},{"_time":61.761,"_x":-1,"_y":0},{"_time":61.833,"_x":-1,"_y":-1},{"_time":61.904,"_x":1,"_y":0},{"_time":61.976,"_x":1,"_y":1},{"_time":62.047,"_x":-1,"_y":1},{"_time":62.118,"_x":-1,"_y":0},{"_time":62.19,"_x":1,"_y":-1},{"_time":62.261,"_x":1,"_y":0},{"_time":62.333,"_x":0,"_y":1},{"_time":62.404,"_x":-1,"_y":0},{"_time":62.476,"_x":0,"_y":-1},{"_time":62.547,"_x":1,"_y":-1},{"_time":62.618,"_x":1,"_y":0},{"_time":62.69,"_x":0,"_y":0},{"_time":62.761,"_x":-1,"_y":0},{"_time":62.833,"_x":0,"_y":1},{"_time":62.904,"_x":1,"_y":1},{"_time":62.975,"_x":1,"_y":0},{"_time":63.047,"_x":-1,"_y":-1},{"_time":63.118,"_x":-1,"_y":0},{"_time":63.19,"_x":1,"_y":-1},{"_time":63.261,"_x":0,"_y":-1},{"_time":63.333,"_x":-1,"_y":0},{"_time":63.404,"_x":-1,"_y":1},{"_time":63.475,"_x":0,"_y":1},{"_time":63.547,"_x":1,"_y":0},{"_time":63.618,"_x":-1,"_y":-1},{"_time":63.69,"_x":-1,"_y":0},{"_time":63.761,"_x":1,"_y":1},{"_time":63.833,"_x":1,"_y":0},{"_time":63.904,"_x":-1,"_y":1},{"_time":63.975,"_x":0,"_y":1},{"_time":64.047,"_x":1,"_y":-1},{"_time":64.118,"_x":0,"_y":-1},{"_time":64.19,"_x":-1,"_y":0},{"_time":64.261,"_x":-1,"_y":1},{"_time":64.333,"_x":0,"_y":1},{"_time":64.404,"_x":1,"_y":0},{"_time":64.475,"_x":-1,"_y":-1},{"_time":64.547,"_x":-1,"_y":0},{"_time":64.618,"_x":0,"_y":1},{"_time":64.69,"_x":1,"_y":0},{"_time":64.761,"_x":0,"_y":-1},{"_time":64.833,"_x":-1,"_y":-1},{"_time":64.904,"_x":1,"_y":1},{"_time":64.975,"_x":1,"_y":0},{"_time":65.047,"_x":0,"_y":-1},{"_time":65.118,"_x":-1,"_y":0},{"_time":65.19,"_x":0,"_y":1},{"_time":65.261,"_x":1,"_y":1},{"_time":65.333,"_x":0,"_y":-1},{"_time":65.404,"_x":-1,"_y":-1},{"_time":65.475,"_x":-1,"_y":1},{"_time":65.547,"_x":0,"_y":1},{"_time":65.618,"_x":1,"_y":-1},{"_time":65.69,"_x":0,"_y":-1},{"_time":65.761,"_x":-1,"_y":1},{"_time":65.833,"_x":0,"_y":1},{"_time":65.904,"_x":1,"_y":0},{"_time":65.975,"_x":0,"_y":0},{"_time":66.047,"_x":-1,"_y":-1},{"_time":66.118,"_x":0,"_y":-1},{"_time":66.19,"_x":1,"_y":0},{"_time":66.261,"_x":1,"_y":1},{"_time":66.333,"_x":0,"_y":1},{"_time":66.404,"_x":-1,"_y":0},{"_time":66.475,"_x":1,"_y":-1},{"_time":66.547,"_x":1,"_y":0},{"_time":66.618,"_x":-1,"_y":0},{"_time":66.69,"_x":-1,"_y":-1},{"_time":66.761,"_x":1,"_y":0},{"_time":66.833,"_x":0,"_y":1},{"_time":66.904,"_x":-1,"_y":0},{"_time":66.975,"_x":0,"_y":-1},{"_time":67.047,"_x":0,"_y":0},{"_time":67.118,"_x":0,"_y":1},{"_time":67.19,"_x":1,"_y":1},{"_time":67.261,"_x":1,"_y":0},{"_time":67.333,"_x":0,"_y":-1},{"_time":67.404,"_x":-1,"_y":-1},{"_time":67.475,"_x":-1,"_y":0},{"_time":67.547,"_x":0,"_y":1},{"_time":67.618,"_x":1,"_y":-1},{"_time":67.69,"_x":0,"_y":-1},{"_time":67.761,"_x":-1,"_y":1},{"_time":67.833,"_x":-1,"_y":0},{"_time":67.904,"_x":-1,"_y":-1},{"_time":67.94,"_x":-1,"_y":-1},{"_time":67.975,"_x":0,"_y":-1},{"_time":68.011,"_x":0,"_y":-1},{"_time":68.047,"_x":1,"_y":0},{"_time":68.118,"_x":0,"_y":1},{"_time":68.19,"_x":0,"_y":0},{"_time":68.261,"_x":0,"_y":-1},{"_time":68.333,"_x":-1,"_y":-1},{"_time":68.404,"_x":-1,"_y":0},{"_time":68.475,"_x":0,"_y":1},{"_time":68.547,"_x":1,"_y":0},{"_time":68.618,"_x":0,"_y":0},{"_time":68.69,"_x":-1,"_y":1},{"_time":68.761,"_x":-1,"_y":0},{"_time":68.833,"_x":1,"_y":-1},{"_time":68.904,"_x":0,"_y":-1},{"_time":68.975,"_x":1,"_y":1},{"_time":69.047,"_x":0,"_y":1},{"_time":69.118,"_x":-1,"_y":-1},{"_time":69.19,"_x":-1,"_y":0},{"_time":69.261,"_x":-1,"_y":1},{"_time":69.333,"_x":1,"_y":0},{"_time":69.404,"_x":1,"_y":-1},{"_time":69.475,"_x":-1,"_y":1},{"_time":69.547,"_x":0,"_y":1},{"_time":69.618,"_x":1,"_y":-1},{"_time":69.69,"_x":0,"_y":-1},{"_time":69.761,"_x":1,"_y":1},{"_time":69.833,"_x":0,"_y":1},{"_time":69.904,"_x":-1,"_y":0},{"_time":69.975,"_x":-1,"_y":-1},{"_time":70.047,"_x":0,"_y":-1},{"_time":70.083,"_x":0,"_y":-1},{"_time":70.118,"_x":1,"_y":0},{"_time":70.154,"_x":1,"_y":0},{"_time":70.19,"_x":1,"_y":1},{"_time":70.261,"_x":0,"_y":1},{"_time":70.333,"_x":0,"_y":0},{"_time":70.404,"_x":0,"_y":-1},{"_time":70.475,"_x":-1,"_y":0},{"_time":70.547,"_x":0,"_y":1},{"_time":70.618,"_x":1,"_y":0},{"_time":70.69,"_x":1,"_y":-1},{"_time":70.761,"_x":0,"_y":-1},{"_time":70.833,"_x":-1,"_y":-1},{"_time":70.904,"_x":-1,"_y":0},{"_time":70.975,"_x":-1,"_y":1},{"_time":71.047,"_x":1,"_y":1},{"_time":71.118,"_x":1,"_y":0},{"_time":71.19,"_x":-1,"_y":-1},{"_time":71.261,"_x":-1,"_y":0},{"_time":71.333,"_x":1,"_y":0},{"_time":71.404,"_x":1,"_y":-1},{"_time":71.475,"_x":-1,"_y":1},{"_time":71.547,"_x":0,"_y":1},{"_time":71.618,"_x":1,"_y":0},{"_time":71.69,"_x":0,"_y":0},{"_time":71.761,"_x":-1,"_y":0},{"_time":71.833,"_x":0,"_y":-1},{"_time":71.904,"_x":1,"_y":0},{"_time":71.975,"_x":1,"_y":1},{"_time":72.047,"_x":0,"_y":1},{"_time":72.118,"_x":-1,"_y":0},{"_time":72.19,"_x":1,"_y":-1},{"_time":72.261,"_x":1,"_y":0},{"_time":72.333,"_x":-1,"_y":1},{"_time":72.404,"_x":-1,"_y":-1},{"_time":72.475,"_x":1,"_y":-1},{"_time":72.547,"_x":1,"_y":0},{"_time":72.618,"_x":0,"_y":1},{"_time":72.69,"_x":-1,"_y":1},{"_time":72.761,"_x":0,"_y":-1},{"_time":72.833,"_x":1,"_y":-1},{"_time":72.904,"_x":-1,"_y":1},{"_time":72.975,"_x":-1,"_y":-1},{"_time":73.047,"_x":1,"_y":-1},{"_time":73.118,"_x":1,"_y":1},{"_time":73.19,"_x":-1,"_y":0},{"_time":73.261,"_x":0,"_y":-1},{"_time":73.333,"_x":1,"_y":0},{"_time":73.404,"_x":0,"_y":1},{"_time":73.475,"_x":0,"_y":0},{"_time":73.547,"_x":0,"_y":-1},{"_time":73.618,"_x":-1,"_y":1},{"_time":73.69,"_x":0,"_y":1},{"_time":73.761,"_x":1,"_y":1},{"_time":73.833,"_x":1,"_y":0},{"_time":73.904,"_x":0,"_y":-1},{"_time":73.975,"_x":-1,"_y":-1},{"_time":74.047,"_x":0,"_y":1},{"_time":74.118,"_x":1,"_y":0},{"_time":74.19,"_x":1,"_y":-1},{"_time":74.261,"_x":0,"_y":-1},{"_time":74.333,"_x":-1,"_y":1},{"_time":74.404,"_x":0,"_y":1},{"_time":74.475,"_x":0,"_y":-1},{"_time":74.547,"_x":-1,"_y":0},{"_time":74.618,"_x":0,"_y":1},{"_time":74.69,"_x":1,"_y":1},{"_time":74.761,"_x":1,"_y":0},{"_time":74.833,"_x":-1,"_y":-1},{"_time":74.904,"_x":-1,"_y":0},{"_time":74.975,"_x":0,"_y":0},{"_time":75.047,"_x":1,"_y":0},{"_time":75.118,"_x":1,"_y":1},{"_time":75.19,"_x":-1,"_y":1},{"_time":75.261,"_x":-1,"_y":0},{"_time":75.333,"_x":0,"_y":-1},{"_time":75.404,"_x":1,"_y":-1},{"_time":75.475,"_x":1,"_y":1},{"_time":75.547,"_x":0,"_y":1},{"_time":75.618,"_x":-1,"_y":0},{"_time":75.69,"_x":-1,"_y":-1},{"_time":75.761,"_x":1,"_y":-1},{"_time":75.833,"_x":1,"_y":0},{"_time":75.904,"_x":0,"_y":0},{"_time":75.975,"_x":-1,"_y":1},{"_time":76.047,"_x":1,"_y":1},{"_time":76.118,"_x":1,"_y":0},{"_time":76.19,"_x":0,"_y":0},{"_time":76.261,"_x":-1,"_y":-1},{"_time":76.333,"_x":1,"_y":-1},{"_time":76.404,"_x":1,"_y":0},{"_time":76.475,"_x":1,"_y":1},{"_time":76.547,"_x":0,"_y":1},{"_time":76.618,"_x":0,"_y":-1},{"_time":76.69,"_x":-1,"_y":-1},{"_time":76.761,"_x":-1,"_y":0},{"_time":76.833,"_x":-1,"_y":1},{"_time":76.904,"_x":1,"_y":1},{"_time":76.94,"_x":1,"_y":1},{"_time":76.975,"_x":1,"_y":0},{"_time":77.011,"_x":1,"_y":0},{"_time":77.047,"_x":0,"_y":-1},{"_time":77.118,"_x":-1,"_y":0},{"_time":77.19,"_x":1,"_y":1},{"_time":77.261,"_x":1,"_y":0},{"_time":77.333,"_x":0,"_y":-1},{"_time":77.404,"_x":-1,"_y":-1},{"_time":77.475,"_x":-1,"_y":1},{"_time":77.547,"_x":0,"_y":1},{"_time":77.618,"_x":0,"_y":0},{"_time":77.69,"_x":0,"_y":-1},{"_time":77.761,"_x":1,"_y":0},{"_time":77.833,"_x":1,"_y":1},{"_time":77.904,"_x":-1,"_y":0},{"_time":77.975,"_x":-1,"_y":-1},{"_time":78.047,"_x":1,"_y":-1},{"_time":78.118,"_x":1,"_y":0},{"_time":78.19,"_x":0,"_y":1},{"_time":78.261,"_x":-1,"_y":1},{"_time":78.333,"_x":0,"_y":-1},{"_time":78.404,"_x":0,"_y":0},{"_time":78.475,"_x":0,"_y":1},{"_time":78.547,"_x":1,"_y":1},{"_time":78.618,"_x":1,"_y":-1},{"_time":78.69,"_x":0,"_y":-1},{"_time":78.761,"_x":-1,"_y":0},{"_time":78.833,"_x":0,"_y":1},{"_time":78.904,"_x":1,"_y":-1},{"_time":78.975,"_x":0,"_y":-1},{"_time":79.047,"_x":0,"_y":0},{"_time":79.118,"_x":0,"_y":1},{"_time":79.19,"_x":-1,"_y":1},{"_time":79.225,"_x":-1,"_y":1},{"_time":79.261,"_x":-1,"_y":-1},{"_time":79.297,"_x":-1,"_y":-1},{"_time":79.333,"_x":1,"_y":-1},{"_time":79.404,"_x":1,"_y":1},{"_time":79.475,"_x":-1,"_y":1},{"_time":79.547,"_x":-1,"_y":0},{"_time":79.618,"_x":0,"_y":-1},{"_time":79.69,"_x":1,"_y":0},{"_time":79.761,"_x":0,"_y":1},{"_time":79.833,"_x":0,"_y":0},{"_time":79.904,"_x":0,"_y":-1},{"_time":79.975,"_x":1,"_y":-1},{"_time":80.047,"_x":1,"_y":1},{"_time":80.118,"_x":-1,"_y":1},{"_time":80.19,"_x":-1,"_y":0},{"_time":80.261,"_x":0,"_y":-1},{"_time":80.333,"_x":0,"_y":0},{"_time":80.404,"_x":0,"_y":1},{"_time":80.475,"_x":1,"_y":1},{"_time":80.547,"_x":1,"_y":-1},{"_time":80.618,"_x":-1,"_y":-1},{"_time":80.69,"_x":-1,"_y":0},{"_time":80.761,"_x":0,"_y":1},{"_time":80.833,"_x":0,"_y":0},{"_time":80.904,"_x":0,"_y":-1},{"_time":80.975,"_x":1,"_y":1},{"_time":81.047,"_x":-1,"_y":-1},{"_time":81.118,"_x":-1,"_y":1},{"_time":81.19,"_x":1,"_y":-1},{"_time":81.333,"_x":0,"_y":-1},{"_time":81.475,"_x":-1,"_y":-1}]}