{"_approachDistance": 50, "_approachTime": 1, "_name": "Dyamodash Ver.", "_notes": [{"_time": 14.269, "_x": -1, "_y": -1}, {"_time": 14.487, "_x": -1, "_y": 1}, {"_time": 14.705, "_x": -1, "_y": -1}, {"_time": 14.923, "_x": -1, "_y": 1}, {"_time": 15.141, "_x": -1, "_y": -1}, {"_time": 15.359, "_x": -1, "_y": 1}, {"_time": 15.578, "_x": -1, "_y": -1}, {"_time": 15.796, "_x": -1, "_y": 1}, {"_time": 15.905, "_x": -1, "_y": 0}, {"_time": 16.014, "_x": 1, "_y": -1}, {"_time": 16.232, "_x": -1, "_y": -1}, {"_time": 16.451, "_x": 1, "_y": -1}, {"_time": 16.669, "_x": -1, "_y": -1}, {"_time": 16.887, "_x": 1, "_y": -1}, {"_time": 17.105, "_x": -1, "_y": -1}, {"_time": 17.323, "_x": 1, "_y": -1}, {"_time": 17.541, "_x": -1, "_y": -1}, {"_time": 17.65, "_x": 1, "_y": 1}, {"_time": 17.705, "_x": 1, "_y": 0}, {"_time": 17.759, "_x": 1, "_y": -1}, {"_time": 17.978, "_x": 1, "_y": 1}, {"_time": 18.196, "_x": 1, "_y": -1}, {"_time": 18.414, "_x": 1, "_y": 1}, {"_time": 18.632, "_x": 1, "_y": -1}, {"_time": 18.85, "_x": 1, "_y": 1}, {"_time": 19.069, "_x": 1, "_y": -1}, {"_time": 19.287, "_x": 1, "_y": 1}, {"_time": 19.341, "_x": 0, "_y": 1}, {"_time": 19.396, "_x": -1, "_y": 1}, {"_time": 19.45, "_x": -1, "_y": 0}, {"_time": 19.505, "_x": -1, "_y": -1}, {"_time": 19.723, "_x": 1, "_y": -1}, {"_time": 19.941, "_x": -1, "_y": -1}, {"_time": 20.159, "_x": 1, "_y": -1}, {"_time": 20.378, "_x": -1, "_y": -1}, {"_time": 20.596, "_x": 1, "_y": -1}, {"_time": 20.814, "_x": -1, "_y": -1}, {"_time": 21.033, "_x": 1, "_y": -1}, {"_time": 21.25, "_x": -1, "_y": -1}, {"_time": 21.469, "_x": 1, "_y": 0}, {"_time": 21.687, "_x": -1, "_y": 1}, {"_time": 21.905, "_x": 1, "_y": 1}, {"_time": 22.123, "_x": -1, "_y": 0}, {"_time": 22.341, "_x": 1, "_y": -1}, {"_time": 22.559, "_x": -1, "_y": 1}, {"_time": 22.778, "_x": 0, "_y": -1}, {"_time": 22.996, "_x": 1, "_y": 1}, {"_time": 23.214, "_x": 1, "_y": -1}, {"_time": 23.432, "_x": 0, "_y": 1}, {"_time": 23.65, "_x": -1, "_y": -1}, {"_time": 23.869, "_x": 1, "_y": 1}, {"_time": 24.087, "_x": -1, "_y": 0}, {"_time": 24.305, "_x": 1, "_y": -1}, {"_time": 24.523, "_x": -1, "_y": -1}, {"_time": 24.741, "_x": 1, "_y": 0}, {"_time": 24.85, "_x": -1, "_y": 1}, {"_time": 24.959, "_x": 0, "_y": -1}, {"_time": 25.069, "_x": 1, "_y": 1}, {"_time": 25.178, "_x": -1, "_y": 0}, {"_time": 25.287, "_x": 1, "_y": -1}, {"_time": 25.396, "_x": 0, "_y": 1}, {"_time": 25.505, "_x": -1, "_y": -1}, {"_time": 25.614, "_x": 1, "_y": 0}, {"_time": 25.723, "_x": -1, "_y": 1}, {"_time": 25.832, "_x": 0, "_y": -1}, {"_time": 25.941, "_x": 1, "_y": 1}, {"_time": 26.05, "_x": -1, "_y": 0}, {"_time": 26.159, "_x": 1, "_y": -1}, {"_time": 26.269, "_x": 0, "_y": 1}, {"_time": 26.378, "_x": -1, "_y": -1}, {"_time": 26.487, "_x": 1, "_y": 0}, {"_time": 26.541, "_x": 1, "_y": 0}, {"_time": 26.596, "_x": -1, "_y": 0}, {"_time": 26.65, "_x": -1, "_y": 0}, {"_time": 26.705, "_x": 1, "_y": 1}, {"_time": 26.759, "_x": 1, "_y": 1}, {"_time": 26.814, "_x": 0, "_y": -1}, {"_time": 26.869, "_x": 0, "_y": -1}, {"_time": 26.923, "_x": -1, "_y": 1}, {"_time": 26.978, "_x": -1, "_y": 1}, {"_time": 27.032, "_x": 1, "_y": 0}, {"_time": 27.087, "_x": 1, "_y": 0}, {"_time": 27.141, "_x": -1, "_y": -1}, {"_time": 27.196, "_x": -1, "_y": -1}, {"_time": 27.25, "_x": 0, "_y": 1}, {"_time": 27.305, "_x": 0, "_y": 1}, {"_time": 27.359, "_x": 1, "_y": -1}, {"_time": 27.387, "_x": 1, "_y": -1}, {"_time": 27.414, "_x": 1, "_y": -1}, {"_time": 27.441, "_x": 1, "_y": -1}, {"_time": 27.469, "_x": -1, "_y": 1}, {"_time": 27.496, "_x": -1, "_y": 1}, {"_time": 27.523, "_x": -1, "_y": 1}, {"_time": 27.55, "_x": -1, "_y": 1}, {"_time": 27.578, "_x": 1, "_y": 0}, {"_time": 27.605, "_x": 1, "_y": 0}, {"_time": 27.632, "_x": 1, "_y": 0}, {"_time": 27.659, "_x": 1, "_y": 0}, {"_time": 27.687, "_x": -1, "_y": 0}, {"_time": 27.714, "_x": -1, "_y": 0}, {"_time": 27.741, "_x": -1, "_y": 0}, {"_time": 27.769, "_x": -1, "_y": 0}, {"_time": 27.796, "_x": 1, "_y": 1}, {"_time": 27.823, "_x": 1, "_y": 1}, {"_time": 27.85, "_x": 1, "_y": 1}, {"_time": 27.878, "_x": 1, "_y": 1}, {"_time": 27.905, "_x": -1, "_y": -1}, {"_time": 27.932, "_x": -1, "_y": -1}, {"_time": 27.959, "_x": -1, "_y": -1}, {"_time": 27.987, "_x": -1, "_y": -1}, {"_time": 28.014, "_x": 0, "_y": 1}, {"_time": 28.041, "_x": 0, "_y": 1}, {"_time": 28.069, "_x": 0, "_y": 1}, {"_time": 28.096, "_x": 0, "_y": 1}, {"_time": 28.123, "_x": 0, "_y": -1}, {"_time": 28.15, "_x": 0, "_y": -1}, {"_time": 28.178, "_x": 0, "_y": -1}, {"_time": 28.205, "_x": 0, "_y": -1}, {"_time": 29.978, "_x": -1, "_y": 1}, {"_time": 30.305, "_x": 1, "_y": 1}, {"_time": 30.332, "_x": 1, "_y": 1}, {"_time": 30.359, "_x": 1, "_y": 0}, {"_time": 30.387, "_x": 1, "_y": 0}, {"_time": 30.414, "_x": 1, "_y": -1}, {"_time": 30.469, "_x": 0, "_y": -1}, {"_time": 30.522, "_x": -1, "_y": 1}, {"_time": 30.55, "_x": -1, "_y": 1}, {"_time": 30.578, "_x": 0, "_y": 1}, {"_time": 30.605, "_x": 0, "_y": 1}, {"_time": 30.632, "_x": 1, "_y": 1}, {"_time": 30.659, "_x": 1, "_y": 1}, {"_time": 30.687, "_x": 1, "_y": 0}, {"_time": 30.714, "_x": 1, "_y": 0}, {"_time": 30.741, "_x": 0, "_y": 0}, {"_time": 30.769, "_x": 0, "_y": 0}, {"_time": 30.796, "_x": -1, "_y": 0}, {"_time": 30.823, "_x": -1, "_y": 0}, {"_time": 30.85, "_x": -1, "_y": -1}, {"_time": 30.905, "_x": 0, "_y": -1}, {"_time": 30.959, "_x": 1, "_y": 1}, {"_time": 30.986, "_x": 1, "_y": 1}, {"_time": 31.014, "_x": 0, "_y": 1}, {"_time": 31.041, "_x": 0, "_y": 1}, {"_time": 31.069, "_x": -1, "_y": 0}, {"_time": 31.123, "_x": -1, "_y": -1}, {"_time": 31.178, "_x": 0, "_y": -1}, {"_time": 31.232, "_x": 1, "_y": 0}, {"_time": 31.287, "_x": 1, "_y": 1}, {"_time": 31.341, "_x": 0, "_y": 1}, {"_time": 31.396, "_x": -1, "_y": 1}, {"_time": 31.423, "_x": -1, "_y": 1}, {"_time": 31.45, "_x": -1, "_y": 0}, {"_time": 31.478, "_x": -1, "_y": 0}, {"_time": 31.505, "_x": -1, "_y": -1}, {"_time": 31.559, "_x": 0, "_y": -1}, {"_time": 31.614, "_x": 1, "_y": 1}, {"_time": 31.641, "_x": 1, "_y": 1}, {"_time": 31.669, "_x": 0, "_y": 1}, {"_time": 31.696, "_x": 0, "_y": 1}, {"_time": 31.723, "_x": -1, "_y": 1}, {"_time": 31.778, "_x": -1, "_y": 0}, {"_time": 31.832, "_x": 1, "_y": -1}, {"_time": 31.859, "_x": 1, "_y": -1}, {"_time": 31.887, "_x": 1, "_y": -1}, {"_time": 31.914, "_x": 1, "_y": -1}, {"_time": 31.941, "_x": 0, "_y": 1}, {"_time": 31.969, "_x": 0, "_y": 1}, {"_time": 31.996, "_x": 0, "_y": 1}, {"_time": 32.023, "_x": 0, "_y": 1}, {"_time": 32.05, "_x": -1, "_y": -1}, {"_time": 32.078, "_x": -1, "_y": -1}, {"_time": 32.105, "_x": -1, "_y": -1}, {"_time": 32.132, "_x": -1, "_y": -1}, {"_time": 32.159, "_x": 1, "_y": 1}, {"_time": 32.269, "_x": -1, "_y": 1}, {"_time": 32.323, "_x": -1, "_y": 0}, {"_time": 32.432, "_x": 1, "_y": 0}, {"_time": 32.487, "_x": 1, "_y": -1}, {"_time": 32.541, "_x": 0, "_y": -1}, {"_time": 32.596, "_x": -1, "_y": -1}, {"_time": 32.65, "_x": -1, "_y": 0}, {"_time": 32.705, "_x": 0, "_y": 1}, {"_time": 32.732, "_x": 0, "_y": 1}, {"_time": 32.759, "_x": 1, "_y": 1}, {"_time": 32.787, "_x": 1, "_y": 1}, {"_time": 32.814, "_x": 1, "_y": -1}, {"_time": 32.869, "_x": 0, "_y": -1}, {"_time": 32.923, "_x": -1, "_y": -1}, {"_time": 32.977, "_x": -1, "_y": 0}, {"_time": 33.032, "_x": -1, "_y": 1}, {"_time": 33.141, "_x": 1, "_y": 0}, {"_time": 33.195, "_x": 0, "_y": -1}, {"_time": 33.25, "_x": -1, "_y": -1}, {"_time": 33.278, "_x": -1, "_y": -1}, {"_time": 33.305, "_x": -1, "_y": 0}, {"_time": 33.332, "_x": -1, "_y": 0}, {"_time": 33.359, "_x": -1, "_y": 1}, {"_time": 33.387, "_x": -1, "_y": 1}, {"_time": 33.414, "_x": 0, "_y": 1}, {"_time": 33.441, "_x": 0, "_y": 1}, {"_time": 33.469, "_x": 1, "_y": -1}, {"_time": 33.796, "_x": -1, "_y": 0}, {"_time": 34.123, "_x": 1, "_y": 0}, {"_time": 34.341, "_x": -1, "_y": 1}, {"_time": 34.396, "_x": -1, "_y": 0}, {"_time": 34.45, "_x": -1, "_y": -1}, {"_time": 34.478, "_x": -1, "_y": -1}, {"_time": 34.505, "_x": 0, "_y": -1}, {"_time": 34.532, "_x": 0, "_y": -1}, {"_time": 34.559, "_x": 0, "_y": 1}, {"_time": 34.614, "_x": 1, "_y": 1}, {"_time": 34.669, "_x": 1, "_y": 0}, {"_time": 34.722, "_x": 0, "_y": 0}, {"_time": 34.778, "_x": -1, "_y": 0}, {"_time": 34.832, "_x": -1, "_y": -1}, {"_time": 34.887, "_x": 0, "_y": -1}, {"_time": 34.941, "_x": 1, "_y": -1}, {"_time": 34.996, "_x": 1, "_y": 1}, {"_time": 35.023, "_x": 1, "_y": 1}, {"_time": 35.05, "_x": 0, "_y": 1}, {"_time": 35.078, "_x": 0, "_y": 1}, {"_time": 35.105, "_x": -1, "_y": 0}, {"_time": 35.132, "_x": -1, "_y": 0}, {"_time": 35.159, "_x": -1, "_y": -1}, {"_time": 35.187, "_x": -1, "_y": -1}, {"_time": 35.214, "_x": 1, "_y": -1}, {"_time": 35.241, "_x": 1, "_y": -1}, {"_time": 35.323, "_x": 0, "_y": 1}, {"_time": 35.35, "_x": 0, "_y": 1}, {"_time": 35.432, "_x": 0, "_y": -1}, {"_time": 35.459, "_x": 0, "_y": -1}, {"_time": 35.541, "_x": -1, "_y": 1}, {"_time": 35.569, "_x": -1, "_y": 1}, {"_time": 35.596, "_x": 0, "_y": 1}, {"_time": 35.623, "_x": 0, "_y": 1}, {"_time": 35.65, "_x": 1, "_y": 1}, {"_time": 35.705, "_x": 1, "_y": 0}, {"_time": 35.759, "_x": -1, "_y": -1}, {"_time": 35.787, "_x": -1, "_y": -1}, {"_time": 35.814, "_x": -1, "_y": 0}, {"_time": 35.841, "_x": -1, "_y": 0}, {"_time": 35.869, "_x": 0, "_y": 0}, {"_time": 35.896, "_x": 0, "_y": 0}, {"_time": 35.923, "_x": 1, "_y": 0}, {"_time": 35.95, "_x": 1, "_y": 0}, {"_time": 35.978, "_x": 1, "_y": 1}, {"_time": 36.005, "_x": 1, "_y": 1}, {"_time": 36.087, "_x": -1, "_y": 1}, {"_time": 36.114, "_x": -1, "_y": 1}, {"_time": 36.196, "_x": -1, "_y": -1}, {"_time": 36.223, "_x": -1, "_y": -1}, {"_time": 36.25, "_x": 0, "_y": -1}, {"_time": 36.278, "_x": 0, "_y": -1}, {"_time": 36.305, "_x": 1, "_y": -1}, {"_time": 36.359, "_x": 1, "_y": 0}, {"_time": 36.414, "_x": -1, "_y": 0}, {"_time": 36.441, "_x": -1, "_y": 0}, {"_time": 36.469, "_x": -1, "_y": 1}, {"_time": 36.496, "_x": -1, "_y": 1}, {"_time": 36.523, "_x": 0, "_y": 1}, {"_time": 36.578, "_x": 1, "_y": 1}, {"_time": 36.632, "_x": 1, "_y": 0}, {"_time": 36.687, "_x": 0, "_y": 0}, {"_time": 36.741, "_x": -1, "_y": 0}, {"_time": 36.796, "_x": -1, "_y": -1}, {"_time": 36.85, "_x": 0, "_y": -1}, {"_time": 36.905, "_x": 0, "_y": 0}, {"_time": 36.959, "_x": 0, "_y": 1}, {"_time": 37.287, "_x": 1, "_y": -1}, {"_time": 37.314, "_x": 1, "_y": -1}, {"_time": 37.341, "_x": 0, "_y": -1}, {"_time": 37.369, "_x": 0, "_y": -1}, {"_time": 37.396, "_x": -1, "_y": 0}, {"_time": 37.45, "_x": -1, "_y": 1}, {"_time": 37.505, "_x": 1, "_y": 0}, {"_time": 37.532, "_x": 1, "_y": 0}, {"_time": 37.559, "_x": 1, "_y": -1}, {"_time": 37.587, "_x": 1, "_y": -1}, {"_time": 37.614, "_x": 0, "_y": -1}, {"_time": 37.641, "_x": 0, "_y": -1}, {"_time": 37.669, "_x": 0, "_y": 0}, {"_time": 37.696, "_x": 0, "_y": 0}, {"_time": 37.723, "_x": 0, "_y": 1}, {"_time": 37.778, "_x": -1, "_y": 1}, {"_time": 37.832, "_x": -1, "_y": 0}, {"_time": 37.887, "_x": -1, "_y": -1}, {"_time": 37.941, "_x": 1, "_y": 0}, {"_time": 37.969, "_x": 1, "_y": 0}, {"_time": 37.996, "_x": 0, "_y": 1}, {"_time": 38.023, "_x": 0, "_y": 1}, {"_time": 38.05, "_x": -1, "_y": 1}, {"_time": 38.105, "_x": -1, "_y": 0}, {"_time": 38.159, "_x": 0, "_y": -1}, {"_time": 38.187, "_x": 0, "_y": -1}, {"_time": 38.214, "_x": 1, "_y": -1}, {"_time": 38.241, "_x": 1, "_y": -1}, {"_time": 38.269, "_x": 1, "_y": 0}, {"_time": 38.323, "_x": 1, "_y": 1}, {"_time": 38.378, "_x": -1, "_y": 1}, {"_time": 38.405, "_x": -1, "_y": 1}, {"_time": 38.432, "_x": -1, "_y": 0}, {"_time": 38.459, "_x": -1, "_y": 0}, {"_time": 38.487, "_x": -1, "_y": -1}, {"_time": 38.541, "_x": 0, "_y": -1}, {"_time": 38.596, "_x": 1, "_y": 1}, {"_time": 38.623, "_x": 1, "_y": 1}, {"_time": 38.65, "_x": 0, "_y": 1}, {"_time": 38.678, "_x": 0, "_y": 1}, {"_time": 38.705, "_x": -1, "_y": 0}, {"_time": 38.759, "_x": 0, "_y": 0}, {"_time": 38.813, "_x": 1, "_y": -1}, {"_time": 38.841, "_x": 1, "_y": -1}, {"_time": 38.869, "_x": 1, "_y": -1}, {"_time": 38.896, "_x": 1, "_y": -1}, {"_time": 38.923, "_x": -1, "_y": -1}, {"_time": 38.95, "_x": -1, "_y": -1}, {"_time": 38.978, "_x": -1, "_y": -1}, {"_time": 39.005, "_x": -1, "_y": -1}, {"_time": 39.032, "_x": -1, "_y": 1}, {"_time": 39.059, "_x": -1, "_y": 1}, {"_time": 39.087, "_x": -1, "_y": 1}, {"_time": 39.114, "_x": -1, "_y": 1}, {"_time": 39.141, "_x": 1, "_y": 0}, {"_time": 39.196, "_x": 1, "_y": -1}, {"_time": 39.305, "_x": -1, "_y": -1}, {"_time": 39.359, "_x": -1, "_y": 0}, {"_time": 39.469, "_x": 1, "_y": 1}, {"_time": 39.523, "_x": 1, "_y": 0}, {"_time": 39.578, "_x": 1, "_y": -1}, {"_time": 39.632, "_x": 0, "_y": -1}, {"_time": 39.687, "_x": -1, "_y": 0}, {"_time": 39.714, "_x": -1, "_y": 0}, {"_time": 39.741, "_x": -1, "_y": 1}, {"_time": 39.769, "_x": -1, "_y": 1}, {"_time": 39.796, "_x": 1, "_y": 0}, {"_time": 39.85, "_x": 1, "_y": -1}, {"_time": 39.905, "_x": 0, "_y": -1}, {"_time": 39.959, "_x": -1, "_y": -1}, {"_time": 40.014, "_x": -1, "_y": 0}, {"_time": 40.069, "_x": 0, "_y": 0}, {"_time": 40.123, "_x": 1, "_y": 0}, {"_time": 40.178, "_x": 1, "_y": 1}, {"_time": 40.232, "_x": -1, "_y": 1}, {"_time": 40.259, "_x": -1, "_y": 1}, {"_time": 40.287, "_x": -1, "_y": 0}, {"_time": 40.314, "_x": -1, "_y": 0}, {"_time": 40.341, "_x": 0, "_y": -1}, {"_time": 40.369, "_x": 0, "_y": -1}, {"_time": 40.396, "_x": 1, "_y": -1}, {"_time": 40.423, "_x": 1, "_y": -1}, {"_time": 40.45, "_x": 1, "_y": 1}, {"_time": 40.778, "_x": -1, "_y": 0}, {"_time": 41.105, "_x": 1, "_y": 0}, {"_time": 41.323, "_x": -1, "_y": -1}, {"_time": 41.378, "_x": -1, "_y": 0}, {"_time": 41.432, "_x": -1, "_y": 1}, {"_time": 41.459, "_x": -1, "_y": 1}, {"_time": 41.487, "_x": 0, "_y": 1}, {"_time": 41.514, "_x": 0, "_y": 1}, {"_time": 41.541, "_x": 0, "_y": -1}, {"_time": 41.596, "_x": 1, "_y": -1}, {"_time": 41.65, "_x": 1, "_y": 0}, {"_time": 41.705, "_x": 1, "_y": 1}, {"_time": 41.759, "_x": -1, "_y": 1}, {"_time": 41.814, "_x": -1, "_y": 0}, {"_time": 41.869, "_x": -1, "_y": -1}, {"_time": 41.923, "_x": 0, "_y": -1}, {"_time": 41.978, "_x": 1, "_y": 1}, {"_time": 42.005, "_x": 1, "_y": 1}, {"_time": 42.032, "_x": 0, "_y": 1}, {"_time": 42.059, "_x": 0, "_y": 1}, {"_time": 42.087, "_x": -1, "_y": 1}, {"_time": 42.114, "_x": -1, "_y": 1}, {"_time": 42.141, "_x": -1, "_y": 0}, {"_time": 42.169, "_x": -1, "_y": 0}, {"_time": 42.196, "_x": 1, "_y": -1}, {"_time": 42.223, "_x": 1, "_y": -1}, {"_time": 42.305, "_x": 0, "_y": 1}, {"_time": 42.332, "_x": 0, "_y": 1}, {"_time": 42.414, "_x": 0, "_y": -1}, {"_time": 42.441, "_x": 0, "_y": -1}, {"_time": 42.523, "_x": -1, "_y": 1}, {"_time": 42.55, "_x": -1, "_y": 1}, {"_time": 42.578, "_x": 0, "_y": 1}, {"_time": 42.605, "_x": 0, "_y": 1}, {"_time": 42.632, "_x": 1, "_y": 0}, {"_time": 42.687, "_x": 1, "_y": -1}, {"_time": 42.741, "_x": -1, "_y": 0}, {"_time": 42.769, "_x": -1, "_y": 0}, {"_time": 42.796, "_x": -1, "_y": 1}, {"_time": 42.823, "_x": -1, "_y": 1}, {"_time": 42.85, "_x": 0, "_y": 1}, {"_time": 42.905, "_x": 1, "_y": 1}, {"_time": 42.959, "_x": 0, "_y": -1}, {"_time": 43.014, "_x": -1, "_y": -1}, {"_time": 43.069, "_x": -1, "_y": 1}, {"_time": 43.123, "_x": 0, "_y": 1}, {"_time": 43.178, "_x": 1, "_y": 1}, {"_time": 43.205, "_x": 1, "_y": 1}, {"_time": 43.232, "_x": 1, "_y": 0}, {"_time": 43.259, "_x": 1, "_y": 0}, {"_time": 43.287, "_x": -1, "_y": 0}, {"_time": 43.341, "_x": -1, "_y": -1}, {"_time": 43.396, "_x": 0, "_y": -1}, {"_time": 43.423, "_x": 0, "_y": -1}, {"_time": 43.45, "_x": 1, "_y": -1}, {"_time": 43.478, "_x": 1, "_y": -1}, {"_time": 43.506, "_x": 1, "_y": 1}, {"_time": 43.559, "_x": 0, "_y": 1}, {"_time": 43.614, "_x": -1, "_y": 1}, {"_time": 43.669, "_x": -1, "_y": 0}, {"_time": 43.723, "_x": 0, "_y": 0}, {"_time": 43.778, "_x": 1, "_y": 0}, {"_time": 43.832, "_x": 1, "_y": -1}, {"_time": 43.887, "_x": 0, "_y": -1}, {"_time": 43.941, "_x": -1, "_y": -1}, {"_time": 44.706, "_x": -1, "_y": 1}, {"_time": 44.814, "_x": 1, "_y": 1}, {"_time": 44.828, "_x": 1, "_y": 1}, {"_time": 44.841, "_x": 1, "_y": 1}, {"_time": 44.855, "_x": 1, "_y": 1}, {"_time": 44.869, "_x": 1, "_y": 0}, {"_time": 44.883, "_x": 1, "_y": 0}, {"_time": 44.896, "_x": 1, "_y": 0}, {"_time": 44.91, "_x": 1, "_y": 0}, {"_time": 44.923, "_x": -1, "_y": 0}, {"_time": 44.937, "_x": -1, "_y": 0}, {"_time": 44.95, "_x": -1, "_y": 0}, {"_time": 44.964, "_x": -1, "_y": 0}, {"_time": 44.978, "_x": -1, "_y": -1}, {"_time": 44.992, "_x": -1, "_y": -1}, {"_time": 45.005, "_x": -1, "_y": -1}, {"_time": 45.019, "_x": -1, "_y": -1}, {"_time": 45.032, "_x": 1, "_y": -1}, {"_time": 45.046, "_x": 1, "_y": -1}, {"_time": 45.059, "_x": 1, "_y": -1}, {"_time": 45.073, "_x": 1, "_y": -1}, {"_time": 45.087, "_x": 1, "_y": 0}, {"_time": 45.101, "_x": 1, "_y": 0}, {"_time": 45.114, "_x": 1, "_y": 0}, {"_time": 45.128, "_x": 1, "_y": 0}, {"_time": 45.141, "_x": -1, "_y": 0}, {"_time": 45.155, "_x": -1, "_y": 0}, {"_time": 45.168, "_x": -1, "_y": 0}, {"_time": 45.182, "_x": -1, "_y": 0}, {"_time": 45.196, "_x": -1, "_y": 1}, {"_time": 45.21, "_x": -1, "_y": 1}, {"_time": 45.223, "_x": -1, "_y": 1}, {"_time": 45.237, "_x": -1, "_y": 1}, {"_time": 45.25, "_x": 1, "_y": 1}, {"_time": 45.264, "_x": 1, "_y": 1}, {"_time": 45.277, "_x": 1, "_y": 1}, {"_time": 45.291, "_x": 1, "_y": 1}, {"_time": 45.305, "_x": 1, "_y": -1}, {"_time": 45.319, "_x": 1, "_y": -1}, {"_time": 45.332, "_x": 1, "_y": -1}, {"_time": 45.346, "_x": 1, "_y": -1}, {"_time": 45.359, "_x": 0, "_y": -1}, {"_time": 45.373, "_x": 0, "_y": -1}, {"_time": 45.386, "_x": 0, "_y": -1}, {"_time": 45.4, "_x": 0, "_y": -1}, {"_time": 45.414, "_x": 0, "_y": 1}, {"_time": 45.428, "_x": 0, "_y": 1}, {"_time": 45.441, "_x": 0, "_y": 1}, {"_time": 45.455, "_x": 0, "_y": 1}, {"_time": 45.469, "_x": -1, "_y": 1}, {"_time": 45.483, "_x": -1, "_y": 1}, {"_time": 45.496, "_x": -1, "_y": 1}, {"_time": 45.51, "_x": -1, "_y": 1}, {"_time": 45.523, "_x": -1, "_y": -1}, {"_time": 45.537, "_x": -1, "_y": -1}, {"_time": 45.55, "_x": -1, "_y": -1}, {"_time": 45.564, "_x": -1, "_y": -1}, {"_time": 45.578, "_x": 0, "_y": -1}, {"_time": 45.592, "_x": 0, "_y": -1}, {"_time": 45.605, "_x": 0, "_y": -1}, {"_time": 45.619, "_x": 0, "_y": -1}, {"_time": 45.632, "_x": 0, "_y": 1}, {"_time": 45.646, "_x": 0, "_y": 1}, {"_time": 45.659, "_x": 0, "_y": 1}, {"_time": 45.673, "_x": 0, "_y": 1}, {"_time": 45.687, "_x": 1, "_y": 1}, {"_time": 45.741, "_x": 1, "_y": 0}, {"_time": 45.796, "_x": 1, "_y": -1}, {"_time": 45.85, "_x": 0, "_y": -1}, {"_time": 45.905, "_x": -1, "_y": 1}, {"_time": 45.932, "_x": -1, "_y": 1}, {"_time": 45.959, "_x": 0, "_y": 1}, {"_time": 45.987, "_x": 0, "_y": 1}, {"_time": 46.015, "_x": 1, "_y": 1}, {"_time": 46.068, "_x": 1, "_y": 0}, {"_time": 46.123, "_x": 0, "_y": 0}, {"_time": 46.178, "_x": -1, "_y": 0}, {"_time": 46.232, "_x": -1, "_y": -1}, {"_time": 46.259, "_x": -1, "_y": -1}, {"_time": 46.287, "_x": 0, "_y": -1}, {"_time": 46.314, "_x": 0, "_y": -1}, {"_time": 46.341, "_x": 1, "_y": 1}, {"_time": 46.396, "_x": 0, "_y": 1}, {"_time": 46.45, "_x": -1, "_y": 1}, {"_time": 46.478, "_x": -1, "_y": 1}, {"_time": 46.505, "_x": -1, "_y": 0}, {"_time": 46.532, "_x": -1, "_y": 0}, {"_time": 46.559, "_x": 1, "_y": -1}, {"_time": 46.614, "_x": 1, "_y": 0}, {"_time": 46.669, "_x": 0, "_y": 1}, {"_time": 46.696, "_x": 0, "_y": 1}, {"_time": 46.723, "_x": -1, "_y": 1}, {"_time": 46.75, "_x": -1, "_y": 1}, {"_time": 46.778, "_x": -1, "_y": -1}, {"_time": 46.832, "_x": 0, "_y": -1}, {"_time": 46.887, "_x": 1, "_y": 0}, {"_time": 46.941, "_x": 0, "_y": 0}, {"_time": 46.996, "_x": -1, "_y": 0}, {"_time": 47.05, "_x": -1, "_y": 1}, {"_time": 47.105, "_x": 0, "_y": 1}, {"_time": 47.159, "_x": 1, "_y": 1}, {"_time": 47.214, "_x": 1, "_y": -1}, {"_time": 47.241, "_x": 1, "_y": -1}, {"_time": 47.269, "_x": 0, "_y": -1}, {"_time": 47.296, "_x": 0, "_y": -1}, {"_time": 47.323, "_x": -1, "_y": -1}, {"_time": 47.35, "_x": -1, "_y": -1}, {"_time": 47.378, "_x": -1, "_y": 0}, {"_time": 47.405, "_x": -1, "_y": 0}, {"_time": 47.432, "_x": 1, "_y": 0}, {"_time": 47.76, "_x": -1, "_y": 1}, {"_time": 48.087, "_x": 0, "_y": -1}, {"_time": 48.305, "_x": 1, "_y": 1}, {"_time": 48.359, "_x": 0, "_y": 1}, {"_time": 48.414, "_x": -1, "_y": -1}, {"_time": 48.441, "_x": -1, "_y": -1}, {"_time": 48.469, "_x": 0, "_y": -1}, {"_time": 48.496, "_x": 0, "_y": -1}, {"_time": 48.523, "_x": 0, "_y": 1}, {"_time": 48.578, "_x": -1, "_y": 1}, {"_time": 48.632, "_x": -1, "_y": 0}, {"_time": 48.659, "_x": -1, "_y": 0}, {"_time": 48.687, "_x": -1, "_y": -1}, {"_time": 48.714, "_x": -1, "_y": -1}, {"_time": 48.741, "_x": 1, "_y": -1}, {"_time": 48.796, "_x": 1, "_y": 0}, {"_time": 48.85, "_x": 0, "_y": 1}, {"_time": 48.905, "_x": -1, "_y": 1}, {"_time": 48.959, "_x": 0, "_y": -1}, {"_time": 48.987, "_x": 0, "_y": -1}, {"_time": 49.014, "_x": 1, "_y": -1}, {"_time": 49.041, "_x": 1, "_y": -1}, {"_time": 49.069, "_x": 1, "_y": 0}, {"_time": 49.096, "_x": 1, "_y": 0}, {"_time": 49.123, "_x": 1, "_y": 1}, {"_time": 49.15, "_x": 1, "_y": 1}, {"_time": 49.178, "_x": -1, "_y": 1}, {"_time": 49.205, "_x": -1, "_y": 1}, {"_time": 49.287, "_x": -1, "_y": -1}, {"_time": 49.314, "_x": -1, "_y": -1}, {"_time": 49.396, "_x": 1, "_y": 0}, {"_time": 49.423, "_x": 1, "_y": 0}, {"_time": 49.505, "_x": -1, "_y": 0}, {"_time": 49.532, "_x": -1, "_y": 0}, {"_time": 49.559, "_x": -1, "_y": 1}, {"_time": 49.587, "_x": -1, "_y": 1}, {"_time": 49.614, "_x": 0, "_y": 1}, {"_time": 49.669, "_x": 1, "_y": 1}, {"_time": 49.723, "_x": 0, "_y": -1}, {"_time": 49.75, "_x": 0, "_y": -1}, {"_time": 49.778, "_x": -1, "_y": -1}, {"_time": 49.805, "_x": -1, "_y": -1}, {"_time": 49.832, "_x": -1, "_y": 0}, {"_time": 49.859, "_x": -1, "_y": 0}, {"_time": 49.887, "_x": -1, "_y": 1}, {"_time": 49.914, "_x": -1, "_y": 1}, {"_time": 49.941, "_x": 1, "_y": 1}, {"_time": 49.996, "_x": 1, "_y": 0}, {"_time": 50.05, "_x": 0, "_y": 0}, {"_time": 50.105, "_x": -1, "_y": 0}, {"_time": 50.159, "_x": -1, "_y": -1}, {"_time": 50.187, "_x": -1, "_y": -1}, {"_time": 50.214, "_x": 0, "_y": -1}, {"_time": 50.241, "_x": 0, "_y": -1}, {"_time": 50.269, "_x": 0, "_y": 1}, {"_time": 50.323, "_x": -1, "_y": 1}, {"_time": 50.378, "_x": -1, "_y": 0}, {"_time": 50.405, "_x": -1, "_y": 0}, {"_time": 50.432, "_x": -1, "_y": -1}, {"_time": 50.459, "_x": -1, "_y": -1}, {"_time": 50.488, "_x": 1, "_y": -1}, {"_time": 50.541, "_x": 1, "_y": 0}, {"_time": 50.596, "_x": 0, "_y": 0}, {"_time": 50.65, "_x": -1, "_y": 0}, {"_time": 50.705, "_x": -1, "_y": 1}, {"_time": 50.759, "_x": 0, "_y": 1}, {"_time": 50.814, "_x": 1, "_y": 1}, {"_time": 50.869, "_x": 1, "_y": 0}, {"_time": 50.923, "_x": 1, "_y": -1}, {"_time": 51.25, "_x": -1, "_y": 1}, {"_time": 51.278, "_x": -1, "_y": 1}, {"_time": 51.305, "_x": -1, "_y": 0}, {"_time": 51.332, "_x": -1, "_y": 0}, {"_time": 51.359, "_x": -1, "_y": -1}, {"_time": 51.414, "_x": 0, "_y": -1}, {"_time": 51.469, "_x": 1, "_y": 1}, {"_time": 51.496, "_x": 1, "_y": 1}, {"_time": 51.523, "_x": 0, "_y": 1}, {"_time": 51.55, "_x": 0, "_y": 1}, {"_time": 51.578, "_x": -1, "_y": 0}, {"_time": 51.605, "_x": -1, "_y": 0}, {"_time": 51.632, "_x": -1, "_y": -1}, {"_time": 51.659, "_x": -1, "_y": -1}, {"_time": 51.687, "_x": 1, "_y": -1}, {"_time": 51.741, "_x": 1, "_y": 0}, {"_time": 51.796, "_x": 0, "_y": 0}, {"_time": 51.85, "_x": -1, "_y": 0}, {"_time": 51.905, "_x": -1, "_y": 1}, {"_time": 51.932, "_x": -1, "_y": 1}, {"_time": 51.959, "_x": 0, "_y": 1}, {"_time": 51.987, "_x": 0, "_y": 1}, {"_time": 52.014, "_x": 1, "_y": 0}, {"_time": 52.069, "_x": 1, "_y": -1}, {"_time": 52.123, "_x": 0, "_y": -1}, {"_time": 52.15, "_x": 0, "_y": -1}, {"_time": 52.178, "_x": -1, "_y": -1}, {"_time": 52.205, "_x": -1, "_y": -1}, {"_time": 52.233, "_x": -1, "_y": 1}, {"_time": 52.287, "_x": 0, "_y": 1}, {"_time": 52.341, "_x": 1, "_y": 1}, {"_time": 52.369, "_x": 1, "_y": 1}, {"_time": 52.396, "_x": 1, "_y": 0}, {"_time": 52.423, "_x": 1, "_y": 0}, {"_time": 52.45, "_x": -1, "_y": 0}, {"_time": 52.505, "_x": -1, "_y": -1}, {"_time": 52.559, "_x": 0, "_y": -1}, {"_time": 52.587, "_x": 0, "_y": -1}, {"_time": 52.614, "_x": 1, "_y": -1}, {"_time": 52.641, "_x": 1, "_y": -1}, {"_time": 52.669, "_x": 1, "_y": 1}, {"_time": 52.996, "_x": -1, "_y": 1}, {"_time": 53.023, "_x": -1, "_y": 1}, {"_time": 53.05, "_x": -1, "_y": 0}, {"_time": 53.078, "_x": -1, "_y": 0}, {"_time": 53.105, "_x": 1, "_y": -1}, {"_time": 53.159, "_x": 1, "_y": 0}, {"_time": 53.214, "_x": 0, "_y": 1}, {"_time": 53.241, "_x": 0, "_y": 1}, {"_time": 53.269, "_x": -1, "_y": 1}, {"_time": 53.296, "_x": -1, "_y": 1}, {"_time": 53.323, "_x": -1, "_y": -1}, {"_time": 53.378, "_x": 0, "_y": -1}, {"_time": 53.432, "_x": 1, "_y": -1}, {"_time": 53.486, "_x": 1, "_y": 0}, {"_time": 53.541, "_x": 0, "_y": 0}, {"_time": 53.596, "_x": -1, "_y": 0}, {"_time": 53.65, "_x": -1, "_y": 1}, {"_time": 53.678, "_x": -1, "_y": 1}, {"_time": 53.705, "_x": 0, "_y": 1}, {"_time": 53.732, "_x": 0, "_y": 1}, {"_time": 53.759, "_x": 1, "_y": 0}, {"_time": 53.814, "_x": 1, "_y": -1}, {"_time": 53.869, "_x": -1, "_y": -1}, {"_time": 53.896, "_x": -1, "_y": -1}, {"_time": 53.923, "_x": -1, "_y": 0}, {"_time": 53.95, "_x": -1, "_y": 0}, {"_time": 53.978, "_x": -1, "_y": 1}, {"_time": 54.032, "_x": 0, "_y": 1}, {"_time": 54.087, "_x": 0, "_y": -1}, {"_time": 54.141, "_x": 1, "_y": -1}, {"_time": 54.196, "_x": 1, "_y": 0}, {"_time": 54.223, "_x": 1, "_y": 0}, {"_time": 54.25, "_x": 0, "_y": 1}, {"_time": 54.278, "_x": 0, "_y": 1}, {"_time": 54.305, "_x": -1, "_y": 1}, {"_time": 54.332, "_x": -1, "_y": 1}, {"_time": 54.359, "_x": -1, "_y": 0}, {"_time": 54.387, "_x": -1, "_y": 0}, {"_time": 54.414, "_x": -1, "_y": -1}, {"_time": 54.741, "_x": 1, "_y": -1}, {"_time": 55.07, "_x": -1, "_y": 0}, {"_time": 55.287, "_x": 1, "_y": 1}, {"_time": 55.341, "_x": 1, "_y": 0}, {"_time": 55.396, "_x": 1, "_y": -1}, {"_time": 55.423, "_x": 1, "_y": -1}, {"_time": 55.45, "_x": 0, "_y": -1}, {"_time": 55.478, "_x": 0, "_y": -1}, {"_time": 55.505, "_x": -1, "_y": 1}, {"_time": 55.559, "_x": 0, "_y": 1}, {"_time": 55.614, "_x": 1, "_y": 1}, {"_time": 55.641, "_x": 1, "_y": 1}, {"_time": 55.669, "_x": 1, "_y": 0}, {"_time": 55.696, "_x": 1, "_y": 0}, {"_time": 55.723, "_x": 0, "_y": 0}, {"_time": 55.778, "_x": -1, "_y": 0}, {"_time": 55.832, "_x": -1, "_y": -1}, {"_time": 55.887, "_x": 0, "_y": -1}, {"_time": 55.941, "_x": 1, "_y": -1}, {"_time": 55.969, "_x": 1, "_y": -1}, {"_time": 55.996, "_x": 1, "_y": 0}, {"_time": 56.023, "_x": 1, "_y": 0}, {"_time": 56.05, "_x": 0, "_y": 1}, {"_time": 56.078, "_x": 0, "_y": 1}, {"_time": 56.105, "_x": -1, "_y": 1}, {"_time": 56.132, "_x": -1, "_y": 1}, {"_time": 56.159, "_x": -1, "_y": -1}, {"_time": 56.487, "_x": 1, "_y": 0}, {"_time": 56.514, "_x": 1, "_y": 0}, {"_time": 56.541, "_x": 1, "_y": 1}, {"_time": 56.569, "_x": 1, "_y": 1}, {"_time": 56.596, "_x": -1, "_y": 1}, {"_time": 56.65, "_x": -1, "_y": 0}, {"_time": 56.705, "_x": 1, "_y": -1}, {"_time": 56.732, "_x": 1, "_y": -1}, {"_time": 56.759, "_x": 1, "_y": 0}, {"_time": 56.787, "_x": 1, "_y": 0}, {"_time": 56.814, "_x": 0, "_y": 1}, {"_time": 56.841, "_x": 0, "_y": 1}, {"_time": 56.869, "_x": -1, "_y": 1}, {"_time": 56.896, "_x": -1, "_y": 1}, {"_time": 56.923, "_x": -1, "_y": -1}, {"_time": 57.032, "_x": 1, "_y": 0}, {"_time": 57.359, "_x": -1, "_y": 1}, {"_time": 57.387, "_x": -1, "_y": 1}, {"_time": 57.414, "_x": -1, "_y": 0}, {"_time": 57.441, "_x": -1, "_y": 0}, {"_time": 57.469, "_x": 0, "_y": -1}, {"_time": 57.496, "_x": 0, "_y": -1}, {"_time": 57.523, "_x": 1, "_y": -1}, {"_time": 57.55, "_x": 1, "_y": -1}, {"_time": 57.578, "_x": 1, "_y": 1}, {"_time": 57.632, "_x": 0, "_y": 1}, {"_time": 57.687, "_x": -1, "_y": 1}, {"_time": 57.741, "_x": -1, "_y": 0}, {"_time": 57.796, "_x": 0, "_y": 0}, {"_time": 57.85, "_x": 1, "_y": 0}, {"_time": 57.905, "_x": 1, "_y": -1}, {"_time": 58.778, "_x": -1, "_y": -1}, {"_time": 59.65, "_x": -1, "_y": 1}, {"_time": 60.523, "_x": 1, "_y": 1}, {"_time": 61.396, "_x": 1, "_y": -1}, {"_time": 62.269, "_x": -1, "_y": -1}, {"_time": 63.141, "_x": -1, "_y": 1}, {"_time": 64.014, "_x": 0, "_y": 1}, {"_time": 64.888, "_x": 0, "_y": 0}, {"_time": 65.759, "_x": 0, "_y": -1}, {"_time": 66.633, "_x": 0, "_y": 0}, {"_time": 71.869, "_x": -1, "_y": 1}, {"_time": 75.359, "_x": 1, "_y": 0}, {"_time": 77.105, "_x": -1, "_y": 0}, {"_time": 78.85, "_x": 1, "_y": -1}, {"_time": 80.596, "_x": 0, "_y": 1}, {"_time": 82.341, "_x": 0, "_y": -1}, {"_time": 84.087, "_x": -1, "_y": 1}, {"_time": 85.832, "_x": 1, "_y": -1}, {"_time": 86.05, "_x": 1, "_y": 1}, {"_time": 86.269, "_x": 0, "_y": -1}, {"_time": 86.487, "_x": 0, "_y": 1}, {"_time": 86.705, "_x": -1, "_y": -1}, {"_time": 86.923, "_x": -1, "_y": 1}, {"_time": 87.141, "_x": 0, "_y": -1}, {"_time": 87.359, "_x": 1, "_y": 1}, {"_time": 87.469, "_x": 1, "_y": 0}, {"_time": 87.578, "_x": -1, "_y": 0}, {"_time": 87.796, "_x": 1, "_y": -1}, {"_time": 88.015, "_x": -1, "_y": -1}, {"_time": 88.232, "_x": 1, "_y": 0}, {"_time": 88.45, "_x": -1, "_y": 0}, {"_time": 88.669, "_x": 1, "_y": 1}, {"_time": 88.887, "_x": -1, "_y": 1}, {"_time": 89.105, "_x": 1, "_y": 0}, {"_time": 89.214, "_x": -1, "_y": 0}, {"_time": 89.269, "_x": -1, "_y": -1}, {"_time": 89.323, "_x": 0, "_y": -1}, {"_time": 89.541, "_x": 0, "_y": 1}, {"_time": 89.759, "_x": 1, "_y": -1}, {"_time": 89.978, "_x": 1, "_y": 1}, {"_time": 90.196, "_x": 0, "_y": -1}, {"_time": 90.414, "_x": 0, "_y": 1}, {"_time": 90.632, "_x": -1, "_y": -1}, {"_time": 90.85, "_x": -1, "_y": 1}, {"_time": 90.905, "_x": 0, "_y": 1}, {"_time": 90.959, "_x": 1, "_y": 1}, {"_time": 91.014, "_x": 1, "_y": 0}, {"_time": 91.069, "_x": 1, "_y": -1}, {"_time": 91.287, "_x": -1, "_y": -1}, {"_time": 91.505, "_x": 1, "_y": 0}, {"_time": 91.723, "_x": -1, "_y": 0}, {"_time": 91.941, "_x": 1, "_y": 1}, {"_time": 92.159, "_x": -1, "_y": 1}, {"_time": 92.378, "_x": 1, "_y": 0}, {"_time": 92.596, "_x": -1, "_y": 0}, {"_time": 92.814, "_x": 1, "_y": -1}, {"_time": 93.032, "_x": 0, "_y": 1}, {"_time": 93.25, "_x": -1, "_y": -1}, {"_time": 93.469, "_x": 1, "_y": 1}, {"_time": 93.687, "_x": 0, "_y": -1}, {"_time": 93.905, "_x": -1, "_y": 1}, {"_time": 94.123, "_x": 1, "_y": -1}, {"_time": 94.341, "_x": -1, "_y": 0}, {"_time": 94.559, "_x": 1, "_y": 1}, {"_time": 94.778, "_x": -1, "_y": -1}, {"_time": 94.996, "_x": 1, "_y": 0}, {"_time": 95.214, "_x": -1, "_y": 1}, {"_time": 95.432, "_x": 1, "_y": 1}, {"_time": 95.65, "_x": 0, "_y": -1}, {"_time": 95.869, "_x": -1, "_y": 1}, {"_time": 96.087, "_x": 1, "_y": -1}, {"_time": 96.305, "_x": 0, "_y": 1}, {"_time": 96.414, "_x": -1, "_y": -1}, {"_time": 96.523, "_x": 1, "_y": 0}, {"_time": 96.632, "_x": -1, "_y": 1}, {"_time": 96.741, "_x": 0, "_y": -1}, {"_time": 96.85, "_x": 1, "_y": 1}, {"_time": 96.959, "_x": -1, "_y": 0}, {"_time": 97.069, "_x": 1, "_y": -1}, {"_time": 97.178, "_x": 0, "_y": 1}, {"_time": 97.287, "_x": -1, "_y": -1}, {"_time": 97.396, "_x": 1, "_y": 0}, {"_time": 97.505, "_x": -1, "_y": 1}, {"_time": 97.614, "_x": 0, "_y": -1}, {"_time": 97.723, "_x": 1, "_y": 1}, {"_time": 97.832, "_x": -1, "_y": 0}, {"_time": 97.941, "_x": 1, "_y": -1}, {"_time": 98.05, "_x": 0, "_y": 1}, {"_time": 98.105, "_x": 0, "_y": 1}, {"_time": 98.159, "_x": 0, "_y": -1}, {"_time": 98.214, "_x": 0, "_y": -1}, {"_time": 98.269, "_x": -1, "_y": 1}, {"_time": 98.323, "_x": -1, "_y": 1}, {"_time": 98.378, "_x": 1, "_y": 0}, {"_time": 98.432, "_x": 1, "_y": 0}, {"_time": 98.487, "_x": -1, "_y": -1}, {"_time": 98.541, "_x": -1, "_y": -1}, {"_time": 98.596, "_x": 1, "_y": 1}, {"_time": 98.65, "_x": 1, "_y": 1}, {"_time": 98.705, "_x": 0, "_y": -1}, {"_time": 98.759, "_x": 0, "_y": -1}, {"_time": 98.814, "_x": 0, "_y": 1}, {"_time": 98.869, "_x": 0, "_y": 1}, {"_time": 98.923, "_x": 1, "_y": -1}, {"_time": 98.95, "_x": 1, "_y": -1}, {"_time": 98.978, "_x": 1, "_y": -1}, {"_time": 99.005, "_x": 1, "_y": -1}, {"_time": 99.032, "_x": -1, "_y": 0}, {"_time": 99.059, "_x": -1, "_y": 0}, {"_time": 99.087, "_x": -1, "_y": 0}, {"_time": 99.114, "_x": -1, "_y": 0}, {"_time": 99.141, "_x": 1, "_y": 0}, {"_time": 99.169, "_x": 1, "_y": 0}, {"_time": 99.196, "_x": 1, "_y": 0}, {"_time": 99.223, "_x": 1, "_y": 0}, {"_time": 99.25, "_x": -1, "_y": 1}, {"_time": 99.278, "_x": -1, "_y": 1}, {"_time": 99.305, "_x": -1, "_y": 1}, {"_time": 99.332, "_x": -1, "_y": 1}, {"_time": 99.359, "_x": 1, "_y": 1}, {"_time": 99.387, "_x": 1, "_y": 1}, {"_time": 99.414, "_x": 1, "_y": 1}, {"_time": 99.441, "_x": 1, "_y": 1}, {"_time": 99.469, "_x": -1, "_y": 0}, {"_time": 99.496, "_x": -1, "_y": 0}, {"_time": 99.523, "_x": -1, "_y": 0}, {"_time": 99.55, "_x": -1, "_y": 0}, {"_time": 99.578, "_x": 1, "_y": -1}, {"_time": 99.605, "_x": 1, "_y": -1}, {"_time": 99.632, "_x": 1, "_y": -1}, {"_time": 99.659, "_x": 1, "_y": -1}, {"_time": 99.687, "_x": 0, "_y": 1}, {"_time": 99.714, "_x": 0, "_y": 1}, {"_time": 99.741, "_x": 0, "_y": 1}, {"_time": 99.769, "_x": 0, "_y": 1}, {"_time": 99.796, "_x": -1, "_y": -1}, {"_time": 100.123, "_x": 1, "_y": 1}, {"_time": 100.15, "_x": 1, "_y": 1}, {"_time": 100.178, "_x": 0, "_y": 1}, {"_time": 100.205, "_x": 0, "_y": 1}, {"_time": 100.232, "_x": -1, "_y": 1}, {"_time": 100.287, "_x": -1, "_y": 0}, {"_time": 100.341, "_x": 1, "_y": -1}, {"_time": 100.369, "_x": 1, "_y": -1}, {"_time": 100.396, "_x": 1, "_y": 0}, {"_time": 100.423, "_x": 1, "_y": 0}, {"_time": 100.45, "_x": 0, "_y": 1}, {"_time": 100.478, "_x": 0, "_y": 1}, {"_time": 100.505, "_x": -1, "_y": 1}, {"_time": 100.532, "_x": -1, "_y": 1}, {"_time": 100.559, "_x": -1, "_y": -1}, {"_time": 100.614, "_x": 0, "_y": -1}, {"_time": 100.669, "_x": 0, "_y": 0}, {"_time": 100.723, "_x": 0, "_y": 1}, {"_time": 100.778, "_x": 1, "_y": 1}, {"_time": 100.805, "_x": 1, "_y": 1}, {"_time": 100.832, "_x": 1, "_y": 0}, {"_time": 100.859, "_x": 1, "_y": 0}, {"_time": 100.887, "_x": -1, "_y": -1}, {"_time": 100.941, "_x": -1, "_y": 0}, {"_time": 100.996, "_x": -1, "_y": 1}, {"_time": 101.023, "_x": -1, "_y": 1}, {"_time": 101.05, "_x": 0, "_y": 1}, {"_time": 101.078, "_x": 0, "_y": 1}, {"_time": 101.105, "_x": 0, "_y": -1}, {"_time": 101.159, "_x": -1, "_y": -1}, {"_time": 101.214, "_x": -1, "_y": 0}, {"_time": 101.241, "_x": -1, "_y": 0}, {"_time": 101.269, "_x": -1, "_y": 1}, {"_time": 101.296, "_x": -1, "_y": 1}, {"_time": 101.324, "_x": 1, "_y": 1}, {"_time": 101.378, "_x": 1, "_y": 0}, {"_time": 101.432, "_x": 0, "_y": 0}, {"_time": 101.459, "_x": 0, "_y": 0}, {"_time": 101.487, "_x": -1, "_y": -1}, {"_time": 101.514, "_x": -1, "_y": -1}, {"_time": 101.541, "_x": 1, "_y": -1}, {"_time": 101.596, "_x": 1, "_y": 0}, {"_time": 101.65, "_x": 1, "_y": 1}, {"_time": 101.678, "_x": 1, "_y": 1}, {"_time": 101.705, "_x": 1, "_y": 1}, {"_time": 101.732, "_x": 1, "_y": 1}, {"_time": 101.759, "_x": -1, "_y": 0}, {"_time": 101.787, "_x": -1, "_y": 0}, {"_time": 101.814, "_x": -1, "_y": 0}, {"_time": 101.841, "_x": -1, "_y": 0}, {"_time": 101.869, "_x": 1, "_y": -1}, {"_time": 101.896, "_x": 1, "_y": -1}, {"_time": 101.923, "_x": 1, "_y": -1}, {"_time": 101.95, "_x": 1, "_y": -1}, {"_time": 101.978, "_x": -1, "_y": 1}, {"_time": 102.031, "_x": -1, "_y": 0}, {"_time": 102.141, "_x": 1, "_y": 0}, {"_time": 102.196, "_x": 1, "_y": 1}, {"_time": 102.305, "_x": -1, "_y": 1}, {"_time": 102.359, "_x": -1, "_y": 0}, {"_time": 102.414, "_x": -1, "_y": -1}, {"_time": 102.469, "_x": 0, "_y": -1}, {"_time": 102.523, "_x": 1, "_y": 0}, {"_time": 102.55, "_x": 1, "_y": 0}, {"_time": 102.578, "_x": 1, "_y": 1}, {"_time": 102.605, "_x": 1, "_y": 1}, {"_time": 102.632, "_x": -1, "_y": 1}, {"_time": 102.687, "_x": -1, "_y": 0}, {"_time": 102.741, "_x": 0, "_y": -1}, {"_time": 102.796, "_x": 1, "_y": -1}, {"_time": 102.85, "_x": 1, "_y": 1}, {"_time": 102.878, "_x": 1, "_y": 1}, {"_time": 102.905, "_x": 0, "_y": 1}, {"_time": 102.932, "_x": 0, "_y": 1}, {"_time": 102.959, "_x": -1, "_y": 1}, {"_time": 103.014, "_x": -1, "_y": 0}, {"_time": 103.069, "_x": 1, "_y": 0}, {"_time": 103.096, "_x": 1, "_y": 0}, {"_time": 103.123, "_x": 1, "_y": -1}, {"_time": 103.15, "_x": 1, "_y": -1}, {"_time": 103.178, "_x": 0, "_y": -1}, {"_time": 103.205, "_x": 0, "_y": -1}, {"_time": 103.232, "_x": -1, "_y": -1}, {"_time": 103.259, "_x": -1, "_y": -1}, {"_time": 103.287, "_x": 1, "_y": 1}, {"_time": 103.614, "_x": 0, "_y": -1}, {"_time": 103.941, "_x": -1, "_y": 1}, {"_time": 104.159, "_x": 1, "_y": 0}, {"_time": 104.213, "_x": 1, "_y": -1}, {"_time": 104.269, "_x": 0, "_y": -1}, {"_time": 104.296, "_x": 0, "_y": -1}, {"_time": 104.323, "_x": -1, "_y": -1}, {"_time": 104.35, "_x": -1, "_y": -1}, {"_time": 104.378, "_x": 1, "_y": 1}, {"_time": 104.432, "_x": 0, "_y": 1}, {"_time": 104.487, "_x": -1, "_y": 1}, {"_time": 104.514, "_x": -1, "_y": 1}, {"_time": 104.541, "_x": -1, "_y": 0}, {"_time": 104.569, "_x": -1, "_y": 0}, {"_time": 104.596, "_x": 1, "_y": -1}, {"_time": 104.65, "_x": 1, "_y": 0}, {"_time": 104.705, "_x": 0, "_y": 1}, {"_time": 104.759, "_x": -1, "_y": 1}, {"_time": 104.814, "_x": -1, "_y": 0}, {"_time": 104.841, "_x": -1, "_y": 0}, {"_time": 104.869, "_x": -1, "_y": -1}, {"_time": 104.896, "_x": -1, "_y": -1}, {"_time": 104.923, "_x": 0, "_y": -1}, {"_time": 104.95, "_x": 0, "_y": -1}, {"_time": 104.978, "_x": 1, "_y": -1}, {"_time": 105.005, "_x": 1, "_y": -1}, {"_time": 105.032, "_x": 1, "_y": 1}, {"_time": 105.059, "_x": 1, "_y": 1}, {"_time": 105.141, "_x": -1, "_y": 0}, {"_time": 105.169, "_x": -1, "_y": 0}, {"_time": 105.25, "_x": 1, "_y": 0}, {"_time": 105.278, "_x": 1, "_y": 0}, {"_time": 105.359, "_x": -1, "_y": -1}, {"_time": 105.387, "_x": -1, "_y": -1}, {"_time": 105.414, "_x": -1, "_y": 0}, {"_time": 105.441, "_x": -1, "_y": 0}, {"_time": 105.469, "_x": 0, "_y": 1}, {"_time": 105.523, "_x": 1, "_y": 1}, {"_time": 105.578, "_x": 1, "_y": -1}, {"_time": 105.605, "_x": 1, "_y": -1}, {"_time": 105.632, "_x": 0, "_y": -1}, {"_time": 105.659, "_x": 0, "_y": -1}, {"_time": 105.687, "_x": 0, "_y": 0}, {"_time": 105.714, "_x": 0, "_y": 0}, {"_time": 105.741, "_x": 0, "_y": 1}, {"_time": 105.769, "_x": 0, "_y": 1}, {"_time": 105.796, "_x": -1, "_y": 0}, {"_time": 105.85, "_x": -1, "_y": -1}, {"_time": 105.905, "_x": 0, "_y": -1}, {"_time": 105.959, "_x": 1, "_y": -1}, {"_time": 106.014, "_x": 1, "_y": 0}, {"_time": 106.041, "_x": 1, "_y": 0}, {"_time": 106.069, "_x": 1, "_y": 1}, {"_time": 106.096, "_x": 1, "_y": 1}, {"_time": 106.123, "_x": -1, "_y": 1}, {"_time": 106.178, "_x": -1, "_y": 0}, {"_time": 106.232, "_x": -1, "_y": -1}, {"_time": 106.259, "_x": -1, "_y": -1}, {"_time": 106.287, "_x": 0, "_y": -1}, {"_time": 106.314, "_x": 0, "_y": -1}, {"_time": 106.341, "_x": 1, "_y": 1}, {"_time": 106.396, "_x": 0, "_y": 1}, {"_time": 106.449, "_x": -1, "_y": 1}, {"_time": 106.505, "_x": -1, "_y": 0}, {"_time": 106.559, "_x": 0, "_y": 0}, {"_time": 106.613, "_x": 1, "_y": 0}, {"_time": 106.669, "_x": 1, "_y": -1}, {"_time": 106.723, "_x": 0, "_y": -1}, {"_time": 106.778, "_x": -1, "_y": -1}, {"_time": 107.105, "_x": 0, "_y": 1}, {"_time": 107.132, "_x": 0, "_y": 1}, {"_time": 107.159, "_x": 0, "_y": 0}, {"_time": 107.187, "_x": 0, "_y": 0}, {"_time": 107.214, "_x": 0, "_y": -1}, {"_time": 107.269, "_x": -1, "_y": -1}, {"_time": 107.323, "_x": -1, "_y": 1}, {"_time": 107.35, "_x": -1, "_y": 1}, {"_time": 107.378, "_x": 0, "_y": 1}, {"_time": 107.405, "_x": 0, "_y": 1}, {"_time": 107.432, "_x": 1, "_y": 1}, {"_time": 107.459, "_x": 1, "_y": 1}, {"_time": 107.487, "_x": 1, "_y": 0}, {"_time": 107.514, "_x": 1, "_y": 0}, {"_time": 107.541, "_x": -1, "_y": 0}, {"_time": 107.596, "_x": -1, "_y": -1}, {"_time": 107.65, "_x": 0, "_y": -1}, {"_time": 107.705, "_x": 0, "_y": 0}, {"_time": 107.759, "_x": 0, "_y": 1}, {"_time": 107.787, "_x": 0, "_y": 1}, {"_time": 107.814, "_x": 1, "_y": 1}, {"_time": 107.841, "_x": 1, "_y": 1}, {"_time": 107.869, "_x": 1, "_y": -1}, {"_time": 107.923, "_x": 0, "_y": -1}, {"_time": 107.978, "_x": -1, "_y": 0}, {"_time": 108.005, "_x": -1, "_y": 0}, {"_time": 108.032, "_x": -1, "_y": 1}, {"_time": 108.059, "_x": -1, "_y": 1}, {"_time": 108.087, "_x": 1, "_y": 1}, {"_time": 108.141, "_x": 1, "_y": 0}, {"_time": 108.196, "_x": 1, "_y": -1}, {"_time": 108.223, "_x": 1, "_y": -1}, {"_time": 108.25, "_x": 0, "_y": -1}, {"_time": 108.278, "_x": 0, "_y": -1}, {"_time": 108.305, "_x": 0, "_y": 1}, {"_time": 108.359, "_x": -1, "_y": 1}, {"_time": 108.414, "_x": -1, "_y": 0}, {"_time": 108.441, "_x": -1, "_y": 0}, {"_time": 108.469, "_x": -1, "_y": -1}, {"_time": 108.496, "_x": -1, "_y": -1}, {"_time": 108.523, "_x": 1, "_y": -1}, {"_time": 108.578, "_x": 1, "_y": 0}, {"_time": 108.632, "_x": 0, "_y": 1}, {"_time": 108.659, "_x": 0, "_y": 1}, {"_time": 108.687, "_x": 0, "_y": 1}, {"_time": 108.714, "_x": 0, "_y": 1}, {"_time": 108.741, "_x": -1, "_y": -1}, {"_time": 108.769, "_x": -1, "_y": -1}, {"_time": 108.796, "_x": -1, "_y": -1}, {"_time": 108.823, "_x": -1, "_y": -1}, {"_time": 108.85, "_x": 1, "_y": 1}, {"_time": 108.878, "_x": 1, "_y": 1}, {"_time": 108.905, "_x": 1, "_y": 1}, {"_time": 108.932, "_x": 1, "_y": 1}, {"_time": 108.959, "_x": -1, "_y": 1}, {"_time": 109.014, "_x": -1, "_y": 0}, {"_time": 109.123, "_x": 1, "_y": -1}, {"_time": 109.177, "_x": 1, "_y": 0}, {"_time": 109.287, "_x": -1, "_y": 0}, {"_time": 109.341, "_x": -1, "_y": -1}, {"_time": 109.396, "_x": 0, "_y": -1}, {"_time": 109.45, "_x": 1, "_y": 0}, {"_time": 109.505, "_x": 1, "_y": 1}, {"_time": 109.531, "_x": 1, "_y": 1}, {"_time": 109.559, "_x": 0, "_y": 1}, {"_time": 109.587, "_x": 0, "_y": 1}, {"_time": 109.614, "_x": 0, "_y": -1}, {"_time": 109.669, "_x": 1, "_y": -1}, {"_time": 109.723, "_x": 1, "_y": 0}, {"_time": 109.75, "_x": 1, "_y": 0}, {"_time": 109.778, "_x": 0, "_y": 0}, {"_time": 109.805, "_x": 0, "_y": 0}, {"_time": 109.832, "_x": -1, "_y": 1}, {"_time": 109.887, "_x": 0, "_y": 1}, {"_time": 109.941, "_x": 1, "_y": 0}, {"_time": 109.996, "_x": 1, "_y": -1}, {"_time": 110.05, "_x": -1, "_y": -1}, {"_time": 110.078, "_x": -1, "_y": -1}, {"_time": 110.105, "_x": -1, "_y": 0}, {"_time": 110.132, "_x": -1, "_y": 0}, {"_time": 110.159, "_x": -1, "_y": 1}, {"_time": 110.187, "_x": -1, "_y": 1}, {"_time": 110.214, "_x": 0, "_y": 1}, {"_time": 110.241, "_x": 0, "_y": 1}, {"_time": 110.269, "_x": 0, "_y": -1}, {"_time": 110.596, "_x": 1, "_y": 1}, {"_time": 110.923, "_x": 1, "_y": -1}, {"_time": 111.141, "_x": -1, "_y": 1}, {"_time": 111.196, "_x": 0, "_y": 1}, {"_time": 111.25, "_x": 1, "_y": 0}, {"_time": 111.278, "_x": 1, "_y": 0}, {"_time": 111.305, "_x": 1, "_y": -1}, {"_time": 111.332, "_x": 1, "_y": -1}, {"_time": 111.359, "_x": -1, "_y": -1}, {"_time": 111.414, "_x": -1, "_y": 0}, {"_time": 111.469, "_x": -1, "_y": 1}, {"_time": 111.496, "_x": -1, "_y": 1}, {"_time": 111.523, "_x": 0, "_y": 1}, {"_time": 111.55, "_x": 0, "_y": 1}, {"_time": 111.578, "_x": 0, "_y": -1}, {"_time": 111.632, "_x": -1, "_y": 0}, {"_time": 111.687, "_x": -1, "_y": 1}, {"_time": 111.741, "_x": 0, "_y": 1}, {"_time": 111.796, "_x": 0, "_y": -1}, {"_time": 111.823, "_x": 0, "_y": -1}, {"_time": 111.85, "_x": 1, "_y": -1}, {"_time": 111.878, "_x": 1, "_y": -1}, {"_time": 111.905, "_x": 1, "_y": 0}, {"_time": 111.932, "_x": 1, "_y": 0}, {"_time": 111.959, "_x": 1, "_y": 1}, {"_time": 111.987, "_x": 1, "_y": 1}, {"_time": 112.014, "_x": -1, "_y": 1}, {"_time": 112.041, "_x": -1, "_y": 1}, {"_time": 112.123, "_x": 0, "_y": -1}, {"_time": 112.15, "_x": 0, "_y": -1}, {"_time": 112.232, "_x": 1, "_y": 1}, {"_time": 112.259, "_x": 1, "_y": 1}, {"_time": 112.341, "_x": -1, "_y": 0}, {"_time": 112.369, "_x": -1, "_y": 0}, {"_time": 112.396, "_x": -1, "_y": -1}, {"_time": 112.423, "_x": -1, "_y": -1}, {"_time": 112.45, "_x": 0, "_y": -1}, {"_time": 112.505, "_x": 1, "_y": -1}, {"_time": 112.559, "_x": 0, "_y": 1}, {"_time": 112.587, "_x": 0, "_y": 1}, {"_time": 112.614, "_x": -1, "_y": 1}, {"_time": 112.641, "_x": -1, "_y": 1}, {"_time": 112.669, "_x": -1, "_y": 0}, {"_time": 112.696, "_x": -1, "_y": 0}, {"_time": 112.723, "_x": -1, "_y": -1}, {"_time": 112.75, "_x": -1, "_y": -1}, {"_time": 112.778, "_x": 1, "_y": -1}, {"_time": 112.832, "_x": 1, "_y": 0}, {"_time": 112.887, "_x": 0, "_y": 1}, {"_time": 112.941, "_x": -1, "_y": 1}, {"_time": 112.996, "_x": -1, "_y": -1}, {"_time": 113.023, "_x": -1, "_y": -1}, {"_time": 113.05, "_x": 0, "_y": -1}, {"_time": 113.078, "_x": 0, "_y": -1}, {"_time": 113.105, "_x": 1, "_y": -1}, {"_time": 113.159, "_x": 1, "_y": 0}, {"_time": 113.214, "_x": -1, "_y": 0}, {"_time": 113.241, "_x": -1, "_y": 0}, {"_time": 113.269, "_x": -1, "_y": 1}, {"_time": 113.296, "_x": -1, "_y": 1}, {"_time": 113.323, "_x": 0, "_y": 1}, {"_time": 113.378, "_x": 1, "_y": 1}, {"_time": 113.432, "_x": 1, "_y": -1}, {"_time": 113.487, "_x": 0, "_y": -1}, {"_time": 113.541, "_x": -1, "_y": -1}, {"_time": 113.596, "_x": -1, "_y": 0}, {"_time": 113.65, "_x": 0, "_y": 0}, {"_time": 113.705, "_x": 1, "_y": 0}, {"_time": 113.759, "_x": 1, "_y": 1}, {"_time": 114.523, "_x": -1, "_y": 0}, {"_time": 114.632, "_x": 1, "_y": -1}, {"_time": 114.646, "_x": 1, "_y": -1}, {"_time": 114.659, "_x": 1, "_y": -1}, {"_time": 114.673, "_x": 1, "_y": -1}, {"_time": 114.687, "_x": 1, "_y": 0}, {"_time": 114.701, "_x": 1, "_y": 0}, {"_time": 114.714, "_x": 1, "_y": 0}, {"_time": 114.728, "_x": 1, "_y": 0}, {"_time": 114.741, "_x": -1, "_y": 0}, {"_time": 114.755, "_x": -1, "_y": 0}, {"_time": 114.768, "_x": -1, "_y": 0}, {"_time": 114.782, "_x": -1, "_y": 0}, {"_time": 114.796, "_x": -1, "_y": 1}, {"_time": 114.81, "_x": -1, "_y": 1}, {"_time": 114.823, "_x": -1, "_y": 1}, {"_time": 114.837, "_x": -1, "_y": 1}, {"_time": 114.85, "_x": 1, "_y": 1}, {"_time": 114.864, "_x": 1, "_y": 1}, {"_time": 114.877, "_x": 1, "_y": 1}, {"_time": 114.891, "_x": 1, "_y": 1}, {"_time": 114.905, "_x": 1, "_y": 0}, {"_time": 114.919, "_x": 1, "_y": 0}, {"_time": 114.932, "_x": 1, "_y": 0}, {"_time": 114.946, "_x": 1, "_y": 0}, {"_time": 114.959, "_x": -1, "_y": 0}, {"_time": 114.973, "_x": -1, "_y": 0}, {"_time": 114.986, "_x": -1, "_y": 0}, {"_time": 115, "_x": -1, "_y": 0}, {"_time": 115.014, "_x": -1, "_y": -1}, {"_time": 115.028, "_x": -1, "_y": -1}, {"_time": 115.041, "_x": -1, "_y": -1}, {"_time": 115.055, "_x": -1, "_y": -1}, {"_time": 115.069, "_x": 1, "_y": -1}, {"_time": 115.083, "_x": 1, "_y": -1}, {"_time": 115.096, "_x": 1, "_y": -1}, {"_time": 115.11, "_x": 1, "_y": -1}, {"_time": 115.123, "_x": 1, "_y": 1}, {"_time": 115.137, "_x": 1, "_y": 1}, {"_time": 115.15, "_x": 1, "_y": 1}, {"_time": 115.164, "_x": 1, "_y": 1}, {"_time": 115.178, "_x": 0, "_y": 1}, {"_time": 115.192, "_x": 0, "_y": 1}, {"_time": 115.205, "_x": 0, "_y": 1}, {"_time": 115.219, "_x": 0, "_y": 1}, {"_time": 115.232, "_x": 0, "_y": -1}, {"_time": 115.246, "_x": 0, "_y": -1}, {"_time": 115.259, "_x": 0, "_y": -1}, {"_time": 115.273, "_x": 0, "_y": -1}, {"_time": 115.287, "_x": -1, "_y": -1}, {"_time": 115.301, "_x": -1, "_y": -1}, {"_time": 115.314, "_x": -1, "_y": -1}, {"_time": 115.328, "_x": -1, "_y": -1}, {"_time": 115.341, "_x": -1, "_y": 1}, {"_time": 115.355, "_x": -1, "_y": 1}, {"_time": 115.368, "_x": -1, "_y": 1}, {"_time": 115.382, "_x": -1, "_y": 1}, {"_time": 115.396, "_x": 0, "_y": 1}, {"_time": 115.41, "_x": 0, "_y": 1}, {"_time": 115.423, "_x": 0, "_y": 1}, {"_time": 115.437, "_x": 0, "_y": 1}, {"_time": 115.45, "_x": 0, "_y": -1}, {"_time": 115.464, "_x": 0, "_y": -1}, {"_time": 115.477, "_x": 0, "_y": -1}, {"_time": 115.491, "_x": 0, "_y": -1}, {"_time": 115.505, "_x": 1, "_y": -1}, {"_time": 115.559, "_x": 1, "_y": 0}, {"_time": 115.614, "_x": 1, "_y": 1}, {"_time": 115.668, "_x": 0, "_y": 1}, {"_time": 115.723, "_x": -1, "_y": -1}, {"_time": 115.75, "_x": -1, "_y": -1}, {"_time": 115.778, "_x": 0, "_y": -1}, {"_time": 115.805, "_x": 0, "_y": -1}, {"_time": 115.832, "_x": 1, "_y": 0}, {"_time": 115.887, "_x": 1, "_y": 1}, {"_time": 115.941, "_x": -1, "_y": 1}, {"_time": 115.969, "_x": -1, "_y": 1}, {"_time": 115.996, "_x": -1, "_y": 0}, {"_time": 116.023, "_x": -1, "_y": 0}, {"_time": 116.05, "_x": 0, "_y": 0}, {"_time": 116.105, "_x": 1, "_y": -1}, {"_time": 116.16, "_x": -1, "_y": -1}, {"_time": 116.187, "_x": -1, "_y": -1}, {"_time": 116.214, "_x": -1, "_y": 0}, {"_time": 116.241, "_x": -1, "_y": 0}, {"_time": 116.269, "_x": -1, "_y": 1}, {"_time": 116.323, "_x": 0, "_y": 1}, {"_time": 116.378, "_x": 1, "_y": -1}, {"_time": 116.432, "_x": 0, "_y": -1}, {"_time": 116.487, "_x": -1, "_y": -1}, {"_time": 116.514, "_x": -1, "_y": -1}, {"_time": 116.541, "_x": -1, "_y": 0}, {"_time": 116.569, "_x": -1, "_y": 0}, {"_time": 116.596, "_x": 1, "_y": 0}, {"_time": 116.65, "_x": 1, "_y": 1}, {"_time": 116.705, "_x": 0, "_y": 1}, {"_time": 116.732, "_x": 0, "_y": 1}, {"_time": 116.759, "_x": -1, "_y": 1}, {"_time": 116.787, "_x": -1, "_y": 1}, {"_time": 116.814, "_x": -1, "_y": -1}, {"_time": 116.869, "_x": 0, "_y": -1}, {"_time": 116.923, "_x": 1, "_y": 0}, {"_time": 116.978, "_x": 1, "_y": 1}, {"_time": 117.033, "_x": -1, "_y": 0}, {"_time": 117.059, "_x": -1, "_y": 0}, {"_time": 117.087, "_x": -1, "_y": -1}, {"_time": 117.114, "_x": -1, "_y": -1}, {"_time": 117.141, "_x": 0, "_y": -1}, {"_time": 117.169, "_x": 0, "_y": -1}, {"_time": 117.196, "_x": 1, "_y": -1}, {"_time": 117.223, "_x": 1, "_y": -1}, {"_time": 117.25, "_x": -1, "_y": 1}, {"_time": 117.578, "_x": 0, "_y": -1}, {"_time": 117.905, "_x": 1, "_y": 1}, {"_time": 118.123, "_x": -1, "_y": -1}, {"_time": 118.178, "_x": -1, "_y": 0}, {"_time": 118.232, "_x": -1, "_y": 1}, {"_time": 118.259, "_x": -1, "_y": 1}, {"_time": 118.287, "_x": 0, "_y": 1}, {"_time": 118.314, "_x": 0, "_y": 1}, {"_time": 118.341, "_x": 0, "_y": -1}, {"_time": 118.396, "_x": 1, "_y": -1}, {"_time": 118.45, "_x": 1, "_y": 0}, {"_time": 118.478, "_x": 1, "_y": 0}, {"_time": 118.505, "_x": 1, "_y": 1}, {"_time": 118.532, "_x": 1, "_y": 1}, {"_time": 118.559, "_x": -1, "_y": -1}, {"_time": 118.614, "_x": 0, "_y": -1}, {"_time": 118.669, "_x": 1, "_y": -1}, {"_time": 118.696, "_x": 1, "_y": -1}, {"_time": 118.723, "_x": 1, "_y": 0}, {"_time": 118.75, "_x": 1, "_y": 0}, {"_time": 118.778, "_x": -1, "_y": 0}, {"_time": 118.805, "_x": -1, "_y": 0}, {"_time": 118.832, "_x": -1, "_y": 1}, {"_time": 118.859, "_x": -1, "_y": 1}, {"_time": 118.887, "_x": 0, "_y": 1}, {"_time": 118.914, "_x": 0, "_y": 1}, {"_time": 118.941, "_x": 1, "_y": 1}, {"_time": 118.969, "_x": 1, "_y": 1}, {"_time": 118.997, "_x": 0, "_y": -1}, {"_time": 119.023, "_x": 0, "_y": -1}, {"_time": 119.105, "_x": -1, "_y": 1}, {"_time": 119.132, "_x": -1, "_y": 1}, {"_time": 119.214, "_x": 1, "_y": -1}, {"_time": 119.241, "_x": 1, "_y": -1}, {"_time": 119.323, "_x": -1, "_y": 0}, {"_time": 119.35, "_x": -1, "_y": 0}, {"_time": 119.378, "_x": 0, "_y": 1}, {"_time": 119.405, "_x": 0, "_y": 1}, {"_time": 119.432, "_x": 1, "_y": 1}, {"_time": 119.487, "_x": 1, "_y": -1}, {"_time": 119.541, "_x": 0, "_y": -1}, {"_time": 119.569, "_x": 0, "_y": -1}, {"_time": 119.596, "_x": -1, "_y": -1}, {"_time": 119.623, "_x": -1, "_y": -1}, {"_time": 119.65, "_x": -1, "_y": 0}, {"_time": 119.678, "_x": -1, "_y": 0}, {"_time": 119.705, "_x": -1, "_y": 1}, {"_time": 119.732, "_x": -1, "_y": 1}, {"_time": 119.759, "_x": 1, "_y": 1}, {"_time": 119.814, "_x": 1, "_y": 0}, {"_time": 119.869, "_x": 0, "_y": -1}, {"_time": 119.923, "_x": 0, "_y": 0}, {"_time": 119.978, "_x": 0, "_y": 1}, {"_time": 120.005, "_x": 0, "_y": 1}, {"_time": 120.032, "_x": -1, "_y": 1}, {"_time": 120.059, "_x": -1, "_y": 1}, {"_time": 120.087, "_x": -1, "_y": -1}, {"_time": 120.141, "_x": 0, "_y": -1}, {"_time": 120.196, "_x": 1, "_y": -1}, {"_time": 120.223, "_x": 1, "_y": -1}, {"_time": 120.25, "_x": 1, "_y": 0}, {"_time": 120.278, "_x": 1, "_y": 0}, {"_time": 120.305, "_x": -1, "_y": 0}, {"_time": 120.359, "_x": -1, "_y": 1}, {"_time": 120.414, "_x": 0, "_y": 1}, {"_time": 120.469, "_x": 0, "_y": 0}, {"_time": 120.523, "_x": 0, "_y": -1}, {"_time": 120.578, "_x": 1, "_y": -1}, {"_time": 120.632, "_x": 1, "_y": 0}, {"_time": 120.687, "_x": 1, "_y": 1}, {"_time": 120.741, "_x": 0, "_y": 1}, {"_time": 121.069, "_x": -1, "_y": -1}, {"_time": 121.096, "_x": -1, "_y": -1}, {"_time": 121.123, "_x": 0, "_y": -1}, {"_time": 121.15, "_x": 0, "_y": -1}, {"_time": 121.178, "_x": 1, "_y": -1}, {"_time": 121.232, "_x": 1, "_y": 0}, {"_time": 121.287, "_x": -1, "_y": 0}, {"_time": 121.314, "_x": -1, "_y": 0}, {"_time": 121.341, "_x": -1, "_y": 1}, {"_time": 121.369, "_x": -1, "_y": 1}, {"_time": 121.396, "_x": 0, "_y": 1}, {"_time": 121.423, "_x": 0, "_y": 1}, {"_time": 121.45, "_x": 1, "_y": 1}, {"_time": 121.478, "_x": 1, "_y": 1}, {"_time": 121.505, "_x": 1, "_y": -1}, {"_time": 121.559, "_x": 0, "_y": -1}, {"_time": 121.614, "_x": 0, "_y": 0}, {"_time": 121.669, "_x": -1, "_y": 1}, {"_time": 121.723, "_x": -1, "_y": -1}, {"_time": 121.75, "_x": -1, "_y": -1}, {"_time": 121.778, "_x": 0, "_y": -1}, {"_time": 121.805, "_x": 0, "_y": -1}, {"_time": 121.832, "_x": 1, "_y": 1}, {"_time": 121.887, "_x": 0, "_y": 1}, {"_time": 121.941, "_x": -1, "_y": 1}, {"_time": 121.996, "_x": -1, "_y": 0}, {"_time": 122.05, "_x": 1, "_y": -1}, {"_time": 122.078, "_x": 1, "_y": -1}, {"_time": 122.105, "_x": 1, "_y": 0}, {"_time": 122.132, "_x": 1, "_y": 0}, {"_time": 122.159, "_x": 1, "_y": 1}, {"_time": 122.214, "_x": 0, "_y": 1}, {"_time": 122.269, "_x": 0, "_y": -1}, {"_time": 122.323, "_x": -1, "_y": -1}, {"_time": 122.378, "_x": -1, "_y": 0}, {"_time": 122.405, "_x": -1, "_y": 0}, {"_time": 122.432, "_x": -1, "_y": 1}, {"_time": 122.459, "_x": -1, "_y": 1}, {"_time": 122.487, "_x": 1, "_y": 1}, {"_time": 122.814, "_x": -1, "_y": -1}, {"_time": 122.841, "_x": -1, "_y": -1}, {"_time": 122.869, "_x": 0, "_y": -1}, {"_time": 122.896, "_x": 0, "_y": -1}, {"_time": 122.923, "_x": 1, "_y": 1}, {"_time": 122.978, "_x": 0, "_y": 1}, {"_time": 123.032, "_x": -1, "_y": 0}, {"_time": 123.059, "_x": -1, "_y": 0}, {"_time": 123.087, "_x": -1, "_y": -1}, {"_time": 123.114, "_x": -1, "_y": -1}, {"_time": 123.141, "_x": 1, "_y": -1}, {"_time": 123.196, "_x": 1, "_y": 0}, {"_time": 123.25, "_x": 0, "_y": 0}, {"_time": 123.305, "_x": -1, "_y": 0}, {"_time": 123.359, "_x": -1, "_y": 1}, {"_time": 123.413, "_x": 0, "_y": 1}, {"_time": 123.469, "_x": 1, "_y": 1}, {"_time": 123.496, "_x": 1, "_y": 1}, {"_time": 123.523, "_x": 1, "_y": 0}, {"_time": 123.55, "_x": 1, "_y": 0}, {"_time": 123.578, "_x": -1, "_y": -1}, {"_time": 123.632, "_x": -1, "_y": 0}, {"_time": 123.687, "_x": -1, "_y": 1}, {"_time": 123.714, "_x": -1, "_y": 1}, {"_time": 123.741, "_x": 0, "_y": 1}, {"_time": 123.769, "_x": 0, "_y": 1}, {"_time": 123.796, "_x": 0, "_y": -1}, {"_time": 123.85, "_x": 1, "_y": -1}, {"_time": 123.904, "_x": 1, "_y": 0}, {"_time": 123.932, "_x": 1, "_y": 0}, {"_time": 123.959, "_x": 1, "_y": 1}, {"_time": 123.987, "_x": 1, "_y": 1}, {"_time": 124.014, "_x": -1, "_y": 1}, {"_time": 124.041, "_x": -1, "_y": 1}, {"_time": 124.069, "_x": -1, "_y": 0}, {"_time": 124.096, "_x": -1, "_y": 0}, {"_time": 124.123, "_x": 1, "_y": -1}, {"_time": 124.15, "_x": 1, "_y": -1}, {"_time": 124.178, "_x": 1, "_y": 0}, {"_time": 124.205, "_x": 1, "_y": 0}, {"_time": 124.232, "_x": -1, "_y": 0}, {"_time": 124.559, "_x": 1, "_y": 1}, {"_time": 124.887, "_x": -1, "_y": -1}, {"_time": 125.105, "_x": -1, "_y": 1}, {"_time": 125.159, "_x": 0, "_y": 1}, {"_time": 125.214, "_x": 1, "_y": 0}, {"_time": 125.241, "_x": 1, "_y": 0}, {"_time": 125.269, "_x": 1, "_y": -1}, {"_time": 125.296, "_x": 1, "_y": -1}, {"_time": 125.323, "_x": -1, "_y": 0}, {"_time": 125.378, "_x": -1, "_y": 1}, {"_time": 125.432, "_x": 0, "_y": 1}, {"_time": 125.459, "_x": 0, "_y": 1}, {"_time": 125.487, "_x": 1, "_y": 1}, {"_time": 125.514, "_x": 1, "_y": 1}, {"_time": 125.541, "_x": -1, "_y": -1}, {"_time": 125.596, "_x": 0, "_y": -1}, {"_time": 125.65, "_x": 1, "_y": -1}, {"_time": 125.705, "_x": 1, "_y": 0}, {"_time": 125.759, "_x": -1, "_y": 1}, {"_time": 125.787, "_x": -1, "_y": 1}, {"_time": 125.814, "_x": -1, "_y": 0}, {"_time": 125.841, "_x": -1, "_y": 0}, {"_time": 125.869, "_x": 0, "_y": -1}, {"_time": 125.896, "_x": 0, "_y": -1}, {"_time": 125.923, "_x": 1, "_y": -1}, {"_time": 125.95, "_x": 1, "_y": -1}, {"_time": 125.978, "_x": 1, "_y": 1}, {"_time": 126.305, "_x": 0, "_y": -1}, {"_time": 126.332, "_x": 0, "_y": -1}, {"_time": 126.359, "_x": -1, "_y": -1}, {"_time": 126.387, "_x": -1, "_y": -1}, {"_time": 126.414, "_x": -1, "_y": 1}, {"_time": 126.469, "_x": 0, "_y": 1}, {"_time": 126.523, "_x": 1, "_y": -1}, {"_time": 126.55, "_x": 1, "_y": -1}, {"_time": 126.578, "_x": 0, "_y": -1}, {"_time": 126.605, "_x": 0, "_y": -1}, {"_time": 126.632, "_x": 1, "_y": 1}, {"_time": 126.659, "_x": 1, "_y": 1}, {"_time": 126.687, "_x": 1, "_y": 0}, {"_time": 126.714, "_x": 1, "_y": 0}, {"_time": 126.741, "_x": -1, "_y": -1}, {"_time": 126.85, "_x": 0, "_y": 1}, {"_time": 127.178, "_x": 1, "_y": -1}, {"_time": 127.205, "_x": 1, "_y": -1}, {"_time": 127.232, "_x": 0, "_y": -1}, {"_time": 127.259, "_x": 0, "_y": -1}, {"_time": 127.287, "_x": -1, "_y": 0}, {"_time": 127.314, "_x": -1, "_y": 0}, {"_time": 127.341, "_x": -1, "_y": 1}, {"_time": 127.369, "_x": -1, "_y": 1}, {"_time": 127.396, "_x": 1, "_y": 1}, {"_time": 127.45, "_x": 1, "_y": -1}, {"_time": 127.505, "_x": -1, "_y": -1}, {"_time": 127.559, "_x": -1, "_y": 1}, {"_time": 127.614, "_x": 1, "_y": 1}, {"_time": 127.669, "_x": 1, "_y": -1}, {"_time": 127.723, "_x": -1, "_y": -1}]}