{"_approachDistance": 50, "_approachTime": 1, "_name": "Water Ver.", "_notes": [{"_time": 14.28, "_x": -1, "_y": -1}, {"_time": 14.498, "_x": -1, "_y": 1}, {"_time": 14.717, "_x": -1, "_y": -1}, {"_time": 14.935, "_x": -1, "_y": 1}, {"_time": 15.153, "_x": -1, "_y": -1}, {"_time": 15.371, "_x": -1, "_y": 1}, {"_time": 15.589, "_x": -1, "_y": -1}, {"_time": 15.808, "_x": -1, "_y": 1}, {"_time": 15.917, "_x": -1, "_y": -1}, {"_time": 16.026, "_x": 1, "_y": 1}, {"_time": 16.244, "_x": 1, "_y": -1}, {"_time": 16.462, "_x": 1, "_y": 1}, {"_time": 16.68, "_x": 1, "_y": -1}, {"_time": 16.899, "_x": 1, "_y": 1}, {"_time": 17.117, "_x": 1, "_y": -1}, {"_time": 17.335, "_x": 1, "_y": 1}, {"_time": 17.553, "_x": -1, "_y": -1}, {"_time": 17.662, "_x": 1, "_y": 1}, {"_time": 17.717, "_x": 0, "_y": 1}, {"_time": 17.771, "_x": -1, "_y": 1}, {"_time": 17.989, "_x": 1, "_y": 1}, {"_time": 18.208, "_x": -1, "_y": 1}, {"_time": 18.426, "_x": 1, "_y": 1}, {"_time": 18.644, "_x": -1, "_y": 1}, {"_time": 18.862, "_x": 1, "_y": 1}, {"_time": 19.08, "_x": -1, "_y": 1}, {"_time": 19.298, "_x": 1, "_y": 1}, {"_time": 19.353, "_x": 1, "_y": 0}, {"_time": 19.408, "_x": 1, "_y": -1}, {"_time": 19.517, "_x": -1, "_y": 1}, {"_time": 19.735, "_x": 1, "_y": -1}, {"_time": 19.953, "_x": -1, "_y": 1}, {"_time": 20.171, "_x": 1, "_y": -1}, {"_time": 20.389, "_x": -1, "_y": 1}, {"_time": 20.608, "_x": 1, "_y": -1}, {"_time": 20.826, "_x": -1, "_y": 1}, {"_time": 21.044, "_x": 1, "_y": -1}, {"_time": 21.262, "_x": -1, "_y": 0}, {"_time": 21.48, "_x": 1, "_y": 1}, {"_time": 21.698, "_x": -1, "_y": -1}, {"_time": 21.917, "_x": 1, "_y": 0}, {"_time": 22.135, "_x": -1, "_y": 1}, {"_time": 22.353, "_x": 0, "_y": -1}, {"_time": 22.571, "_x": 0, "_y": 1}, {"_time": 22.789, "_x": -1, "_y": -1}, {"_time": 23.008, "_x": 1, "_y": 0}, {"_time": 23.226, "_x": -1, "_y": 1}, {"_time": 23.444, "_x": 1, "_y": 1}, {"_time": 23.662, "_x": -1, "_y": -1}, {"_time": 23.88, "_x": 0, "_y": 1}, {"_time": 24.098, "_x": 0, "_y": -1}, {"_time": 24.317, "_x": -1, "_y": 1}, {"_time": 24.535, "_x": 1, "_y": -1}, {"_time": 24.753, "_x": -1, "_y": 0}, {"_time": 24.862, "_x": 1, "_y": 0}, {"_time": 24.971, "_x": -1, "_y": 1}, {"_time": 25.08, "_x": -1, "_y": -1}, {"_time": 25.189, "_x": 0, "_y": 1}, {"_time": 25.298, "_x": 0, "_y": -1}, {"_time": 25.408, "_x": -1, "_y": 1}, {"_time": 25.517, "_x": 1, "_y": 0}, {"_time": 25.626, "_x": -1, "_y": -1}, {"_time": 25.735, "_x": 1, "_y": -1}, {"_time": 25.844, "_x": 0, "_y": 1}, {"_time": 25.953, "_x": 0, "_y": -1}, {"_time": 26.062, "_x": -1, "_y": 1}, {"_time": 26.171, "_x": 1, "_y": 0}, {"_time": 26.28, "_x": -1, "_y": -1}, {"_time": 26.389, "_x": 0, "_y": 1}, {"_time": 26.498, "_x": 1, "_y": -1}, {"_time": 26.553, "_x": 0, "_y": -1}, {"_time": 26.608, "_x": -1, "_y": -1}, {"_time": 26.662, "_x": -1, "_y": 0}, {"_time": 26.717, "_x": 0, "_y": 0}, {"_time": 26.771, "_x": 1, "_y": 0}, {"_time": 26.826, "_x": 1, "_y": 1}, {"_time": 26.88, "_x": 0, "_y": 1}, {"_time": 26.935, "_x": -1, "_y": 1}, {"_time": 26.989, "_x": -1, "_y": 0}, {"_time": 27.044, "_x": 0, "_y": 0}, {"_time": 27.098, "_x": 1, "_y": 0}, {"_time": 27.153, "_x": 1, "_y": -1}, {"_time": 27.208, "_x": 0, "_y": -1}, {"_time": 27.262, "_x": -1, "_y": -1}, {"_time": 27.317, "_x": -1, "_y": 0}, {"_time": 27.371, "_x": -1, "_y": 1}, {"_time": 27.398, "_x": 0, "_y": 1}, {"_time": 27.426, "_x": 1, "_y": 1}, {"_time": 27.453, "_x": 1, "_y": 0}, {"_time": 27.48, "_x": 0, "_y": 0}, {"_time": 27.508, "_x": -1, "_y": 0}, {"_time": 27.535, "_x": -1, "_y": -1}, {"_time": 27.562, "_x": 0, "_y": -1}, {"_time": 27.589, "_x": 1, "_y": -1}, {"_time": 27.617, "_x": 1, "_y": 0}, {"_time": 27.644, "_x": 1, "_y": 1}, {"_time": 27.671, "_x": 0, "_y": 1}, {"_time": 27.698, "_x": 0, "_y": 0}, {"_time": 27.726, "_x": 0, "_y": -1}, {"_time": 27.753, "_x": -1, "_y": -1}, {"_time": 27.78, "_x": -1, "_y": 0}, {"_time": 27.808, "_x": -1, "_y": 1}, {"_time": 27.835, "_x": 0, "_y": 1}, {"_time": 27.863, "_x": 1, "_y": 1}, {"_time": 27.89, "_x": 1, "_y": 0}, {"_time": 27.917, "_x": 0, "_y": 0}, {"_time": 27.945, "_x": -1, "_y": 0}, {"_time": 27.972, "_x": -1, "_y": -1}, {"_time": 27.999, "_x": 0, "_y": -1}, {"_time": 28.026, "_x": 1, "_y": -1}, {"_time": 28.054, "_x": 1, "_y": 0}, {"_time": 28.081, "_x": 1, "_y": 1}, {"_time": 28.108, "_x": 0, "_y": 1}, {"_time": 28.135, "_x": 0, "_y": 0}, {"_time": 28.163, "_x": 0, "_y": -1}, {"_time": 28.19, "_x": -1, "_y": -1}, {"_time": 28.217, "_x": -1, "_y": 0}, {"_time": 28.244, "_x": -1, "_y": 1}, {"_time": 29.989, "_x": 1, "_y": 1}, {"_time": 30.021, "_x": 1, "_y": 0}, {"_time": 30.052, "_x": 1, "_y": -1}, {"_time": 30.317, "_x": -1, "_y": 1}, {"_time": 30.344, "_x": -1, "_y": 1}, {"_time": 30.371, "_x": 1, "_y": 0}, {"_time": 30.398, "_x": 1, "_y": 0}, {"_time": 30.426, "_x": -1, "_y": -1}, {"_time": 30.48, "_x": 0, "_y": 1}, {"_time": 30.535, "_x": 0, "_y": -1}, {"_time": 30.562, "_x": 0, "_y": -1}, {"_time": 30.589, "_x": -1, "_y": 1}, {"_time": 30.616, "_x": -1, "_y": 1}, {"_time": 30.644, "_x": 1, "_y": -1}, {"_time": 30.671, "_x": 1, "_y": -1}, {"_time": 30.698, "_x": -1, "_y": 0}, {"_time": 30.725, "_x": -1, "_y": 0}, {"_time": 30.753, "_x": 1, "_y": 1}, {"_time": 30.78, "_x": 1, "_y": 1}, {"_time": 30.808, "_x": 0, "_y": -1}, {"_time": 30.862, "_x": 0, "_y": 1}, {"_time": 30.917, "_x": -1, "_y": -1}, {"_time": 30.971, "_x": 1, "_y": 0}, {"_time": 30.998, "_x": 1, "_y": 0}, {"_time": 31.026, "_x": -1, "_y": 1}, {"_time": 31.053, "_x": -1, "_y": 1}, {"_time": 31.08, "_x": 0, "_y": -1}, {"_time": 31.135, "_x": 0, "_y": 1}, {"_time": 31.189, "_x": -1, "_y": -1}, {"_time": 31.244, "_x": -1, "_y": 1}, {"_time": 31.271, "_x": -1, "_y": 1}, {"_time": 31.298, "_x": 1, "_y": -1}, {"_time": 31.325, "_x": 1, "_y": -1}, {"_time": 31.353, "_x": -1, "_y": 0}, {"_time": 31.408, "_x": 1, "_y": 1}, {"_time": 31.435, "_x": 1, "_y": 1}, {"_time": 31.462, "_x": 0, "_y": -1}, {"_time": 31.489, "_x": 0, "_y": -1}, {"_time": 31.517, "_x": 0, "_y": 1}, {"_time": 31.544, "_x": 0, "_y": 1}, {"_time": 31.571, "_x": -1, "_y": -1}, {"_time": 31.598, "_x": -1, "_y": -1}, {"_time": 31.626, "_x": 1, "_y": 0}, {"_time": 31.68, "_x": -1, "_y": 1}, {"_time": 31.735, "_x": 0, "_y": -1}, {"_time": 31.789, "_x": 0, "_y": 1}, {"_time": 31.844, "_x": -1, "_y": -1}, {"_time": 31.871, "_x": -1, "_y": -1}, {"_time": 31.898, "_x": -1, "_y": 1}, {"_time": 31.925, "_x": -1, "_y": 1}, {"_time": 31.953, "_x": 1, "_y": -1}, {"_time": 31.98, "_x": 1, "_y": -1}, {"_time": 32.008, "_x": -1, "_y": 0}, {"_time": 32.035, "_x": -1, "_y": 0}, {"_time": 32.062, "_x": 1, "_y": 1}, {"_time": 32.089, "_x": 1, "_y": 1}, {"_time": 32.117, "_x": 0, "_y": -1}, {"_time": 32.144, "_x": 0, "_y": -1}, {"_time": 32.171, "_x": 0, "_y": 1}, {"_time": 32.226, "_x": -1, "_y": -1}, {"_time": 32.28, "_x": 1, "_y": 0}, {"_time": 32.308, "_x": 1, "_y": 0}, {"_time": 32.335, "_x": -1, "_y": 1}, {"_time": 32.389, "_x": 0, "_y": -1}, {"_time": 32.444, "_x": 0, "_y": 1}, {"_time": 32.498, "_x": -1, "_y": -1}, {"_time": 32.553, "_x": 1, "_y": 1}, {"_time": 32.608, "_x": 0, "_y": -1}, {"_time": 32.635, "_x": 0, "_y": -1}, {"_time": 32.662, "_x": -1, "_y": 1}, {"_time": 32.717, "_x": 1, "_y": 0}, {"_time": 32.771, "_x": -1, "_y": -1}, {"_time": 32.798, "_x": -1, "_y": -1}, {"_time": 32.826, "_x": 0, "_y": 1}, {"_time": 32.853, "_x": 0, "_y": 1}, {"_time": 32.88, "_x": 0, "_y": -1}, {"_time": 32.935, "_x": -1, "_y": 1}, {"_time": 32.989, "_x": 1, "_y": -1}, {"_time": 33.044, "_x": -1, "_y": 0}, {"_time": 33.071, "_x": -1, "_y": 0}, {"_time": 33.099, "_x": 1, "_y": 1}, {"_time": 33.126, "_x": 1, "_y": 1}, {"_time": 33.153, "_x": 0, "_y": -1}, {"_time": 33.208, "_x": -1, "_y": 1}, {"_time": 33.262, "_x": 1, "_y": 0}, {"_time": 33.289, "_x": 1, "_y": 0}, {"_time": 33.317, "_x": -1, "_y": -1}, {"_time": 33.344, "_x": -1, "_y": -1}, {"_time": 33.371, "_x": 1, "_y": 1}, {"_time": 33.398, "_x": 1, "_y": 1}, {"_time": 33.426, "_x": -1, "_y": 0}, {"_time": 33.453, "_x": -1, "_y": 0}, {"_time": 33.48, "_x": -1, "_y": -1}, {"_time": 33.508, "_x": 0, "_y": -1}, {"_time": 33.535, "_x": 1, "_y": -1}, {"_time": 33.808, "_x": -1, "_y": 1}, {"_time": 33.835, "_x": 0, "_y": 1}, {"_time": 33.862, "_x": 1, "_y": 1}, {"_time": 34.135, "_x": 1, "_y": -1}, {"_time": 34.162, "_x": 0, "_y": -1}, {"_time": 34.189, "_x": -1, "_y": 0}, {"_time": 34.353, "_x": 1, "_y": 1}, {"_time": 34.408, "_x": -1, "_y": 0}, {"_time": 34.462, "_x": 1, "_y": -1}, {"_time": 34.489, "_x": 1, "_y": -1}, {"_time": 34.517, "_x": 0, "_y": 1}, {"_time": 34.544, "_x": 0, "_y": 1}, {"_time": 34.571, "_x": 0, "_y": -1}, {"_time": 34.626, "_x": -1, "_y": 1}, {"_time": 34.68, "_x": 1, "_y": 0}, {"_time": 34.708, "_x": 1, "_y": 0}, {"_time": 34.735, "_x": -1, "_y": -1}, {"_time": 34.763, "_x": -1, "_y": -1}, {"_time": 34.789, "_x": 0, "_y": 1}, {"_time": 34.844, "_x": 0, "_y": -1}, {"_time": 34.898, "_x": -1, "_y": 1}, {"_time": 34.953, "_x": 1, "_y": -1}, {"_time": 34.98, "_x": 1, "_y": -1}, {"_time": 35.008, "_x": -1, "_y": 0}, {"_time": 35.035, "_x": -1, "_y": 0}, {"_time": 35.062, "_x": 1, "_y": 1}, {"_time": 35.089, "_x": 1, "_y": 1}, {"_time": 35.117, "_x": -1, "_y": -1}, {"_time": 35.171, "_x": 0, "_y": 1}, {"_time": 35.226, "_x": 0, "_y": -1}, {"_time": 35.253, "_x": 0, "_y": -1}, {"_time": 35.28, "_x": -1, "_y": 1}, {"_time": 35.335, "_x": 1, "_y": 0}, {"_time": 35.389, "_x": -1, "_y": -1}, {"_time": 35.417, "_x": -1, "_y": -1}, {"_time": 35.444, "_x": 0, "_y": 1}, {"_time": 35.498, "_x": 0, "_y": -1}, {"_time": 35.526, "_x": 0, "_y": -1}, {"_time": 35.553, "_x": -1, "_y": 1}, {"_time": 35.581, "_x": -1, "_y": 1}, {"_time": 35.608, "_x": 1, "_y": -1}, {"_time": 35.636, "_x": 1, "_y": -1}, {"_time": 35.662, "_x": -1, "_y": 0}, {"_time": 35.717, "_x": 1, "_y": 1}, {"_time": 35.744, "_x": 1, "_y": 1}, {"_time": 35.771, "_x": 0, "_y": -1}, {"_time": 35.798, "_x": 0, "_y": -1}, {"_time": 35.826, "_x": 0, "_y": 1}, {"_time": 35.853, "_x": 0, "_y": 1}, {"_time": 35.88, "_x": -1, "_y": -1}, {"_time": 35.907, "_x": -1, "_y": -1}, {"_time": 35.935, "_x": 1, "_y": 0}, {"_time": 35.989, "_x": -1, "_y": 1}, {"_time": 36.017, "_x": -1, "_y": 1}, {"_time": 36.044, "_x": 0, "_y": -1}, {"_time": 36.098, "_x": 0, "_y": 1}, {"_time": 36.126, "_x": 0, "_y": 1}, {"_time": 36.153, "_x": -1, "_y": -1}, {"_time": 36.208, "_x": 1, "_y": 1}, {"_time": 36.235, "_x": 1, "_y": 1}, {"_time": 36.262, "_x": -1, "_y": 1}, {"_time": 36.289, "_x": -1, "_y": 1}, {"_time": 36.317, "_x": 1, "_y": 0}, {"_time": 36.371, "_x": -1, "_y": -1}, {"_time": 36.426, "_x": 0, "_y": 1}, {"_time": 36.453, "_x": 0, "_y": 1}, {"_time": 36.48, "_x": 1, "_y": -1}, {"_time": 36.507, "_x": 1, "_y": -1}, {"_time": 36.535, "_x": -1, "_y": 0}, {"_time": 36.589, "_x": 1, "_y": 1}, {"_time": 36.644, "_x": -1, "_y": 1}, {"_time": 36.698, "_x": 1, "_y": 0}, {"_time": 36.753, "_x": -1, "_y": -1}, {"_time": 36.808, "_x": 0, "_y": 1}, {"_time": 36.862, "_x": 0, "_y": -1}, {"_time": 36.917, "_x": -1, "_y": 1}, {"_time": 36.971, "_x": 1, "_y": -1}, {"_time": 36.998, "_x": 1, "_y": 0}, {"_time": 37.026, "_x": 1, "_y": 1}, {"_time": 37.298, "_x": -1, "_y": 0}, {"_time": 37.326, "_x": -1, "_y": 0}, {"_time": 37.353, "_x": 1, "_y": 0}, {"_time": 37.381, "_x": 1, "_y": 0}, {"_time": 37.408, "_x": -1, "_y": -1}, {"_time": 37.462, "_x": 0, "_y": 1}, {"_time": 37.489, "_x": 0, "_y": 1}, {"_time": 37.517, "_x": 0, "_y": -1}, {"_time": 37.544, "_x": 0, "_y": -1}, {"_time": 37.571, "_x": -1, "_y": 1}, {"_time": 37.598, "_x": -1, "_y": 1}, {"_time": 37.626, "_x": 1, "_y": -1}, {"_time": 37.653, "_x": 1, "_y": -1}, {"_time": 37.68, "_x": -1, "_y": 0}, {"_time": 37.735, "_x": 1, "_y": 1}, {"_time": 37.789, "_x": 0, "_y": -1}, {"_time": 37.844, "_x": 0, "_y": 1}, {"_time": 37.898, "_x": -1, "_y": -1}, {"_time": 37.926, "_x": -1, "_y": -1}, {"_time": 37.953, "_x": -1, "_y": 1}, {"_time": 37.981, "_x": -1, "_y": 1}, {"_time": 38.008, "_x": 1, "_y": 0}, {"_time": 38.062, "_x": -1, "_y": 0}, {"_time": 38.117, "_x": 1, "_y": -1}, {"_time": 38.171, "_x": 0, "_y": 1}, {"_time": 38.198, "_x": 0, "_y": 1}, {"_time": 38.226, "_x": 0, "_y": -1}, {"_time": 38.253, "_x": 0, "_y": -1}, {"_time": 38.28, "_x": -1, "_y": 1}, {"_time": 38.335, "_x": -1, "_y": -1}, {"_time": 38.389, "_x": 1, "_y": 1}, {"_time": 38.444, "_x": -1, "_y": 0}, {"_time": 38.471, "_x": -1, "_y": 0}, {"_time": 38.498, "_x": 1, "_y": 0}, {"_time": 38.525, "_x": 1, "_y": 0}, {"_time": 38.553, "_x": -1, "_y": 1}, {"_time": 38.608, "_x": 0, "_y": -1}, {"_time": 38.662, "_x": 0, "_y": 1}, {"_time": 38.689, "_x": 0, "_y": 1}, {"_time": 38.717, "_x": -1, "_y": -1}, {"_time": 38.771, "_x": -1, "_y": 1}, {"_time": 38.826, "_x": 1, "_y": -1}, {"_time": 38.853, "_x": 1, "_y": -1}, {"_time": 38.88, "_x": -1, "_y": 0}, {"_time": 38.907, "_x": -1, "_y": 0}, {"_time": 38.935, "_x": 1, "_y": 1}, {"_time": 38.962, "_x": 1, "_y": 1}, {"_time": 38.989, "_x": -1, "_y": 1}, {"_time": 39.016, "_x": -1, "_y": 1}, {"_time": 39.044, "_x": 1, "_y": 0}, {"_time": 39.071, "_x": 1, "_y": 0}, {"_time": 39.098, "_x": -1, "_y": -1}, {"_time": 39.153, "_x": 0, "_y": 1}, {"_time": 39.208, "_x": 0, "_y": -1}, {"_time": 39.262, "_x": -1, "_y": 1}, {"_time": 39.317, "_x": 1, "_y": -1}, {"_time": 39.371, "_x": -1, "_y": 0}, {"_time": 39.426, "_x": 1, "_y": 1}, {"_time": 39.48, "_x": -1, "_y": 1}, {"_time": 39.535, "_x": 1, "_y": 0}, {"_time": 39.589, "_x": -1, "_y": -1}, {"_time": 39.644, "_x": 0, "_y": 1}, {"_time": 39.698, "_x": 0, "_y": -1}, {"_time": 39.726, "_x": 0, "_y": -1}, {"_time": 39.753, "_x": -1, "_y": 1}, {"_time": 39.781, "_x": -1, "_y": 1}, {"_time": 39.808, "_x": 1, "_y": -1}, {"_time": 39.836, "_x": 1, "_y": -1}, {"_time": 39.862, "_x": -1, "_y": 0}, {"_time": 39.917, "_x": 1, "_y": 0}, {"_time": 39.971, "_x": -1, "_y": -1}, {"_time": 40.026, "_x": 0, "_y": 1}, {"_time": 40.053, "_x": 0, "_y": 1}, {"_time": 40.08, "_x": 0, "_y": -1}, {"_time": 40.107, "_x": 0, "_y": -1}, {"_time": 40.135, "_x": -1, "_y": 1}, {"_time": 40.189, "_x": 1, "_y": -1}, {"_time": 40.244, "_x": -1, "_y": 0}, {"_time": 40.271, "_x": -1, "_y": 0}, {"_time": 40.298, "_x": 1, "_y": 1}, {"_time": 40.325, "_x": 1, "_y": 1}, {"_time": 40.353, "_x": -1, "_y": -1}, {"_time": 40.38, "_x": -1, "_y": -1}, {"_time": 40.408, "_x": 0, "_y": 1}, {"_time": 40.435, "_x": 0, "_y": 1}, {"_time": 40.462, "_x": -1, "_y": 1}, {"_time": 40.49, "_x": -1, "_y": 0}, {"_time": 40.517, "_x": -1, "_y": -1}, {"_time": 40.789, "_x": 1, "_y": -1}, {"_time": 40.817, "_x": 1, "_y": 0}, {"_time": 40.844, "_x": 0, "_y": 1}, {"_time": 41.117, "_x": -1, "_y": -1}, {"_time": 41.144, "_x": 0, "_y": -1}, {"_time": 41.171, "_x": 1, "_y": 0}, {"_time": 41.335, "_x": -1, "_y": 0}, {"_time": 41.389, "_x": 1, "_y": 1}, {"_time": 41.444, "_x": 0, "_y": -1}, {"_time": 41.471, "_x": 0, "_y": -1}, {"_time": 41.498, "_x": 0, "_y": 1}, {"_time": 41.525, "_x": 0, "_y": 1}, {"_time": 41.553, "_x": -1, "_y": -1}, {"_time": 41.608, "_x": -1, "_y": 1}, {"_time": 41.662, "_x": 1, "_y": -1}, {"_time": 41.689, "_x": 1, "_y": -1}, {"_time": 41.717, "_x": -1, "_y": 0}, {"_time": 41.744, "_x": -1, "_y": 0}, {"_time": 41.771, "_x": 1, "_y": 0}, {"_time": 41.826, "_x": -1, "_y": -1}, {"_time": 41.88, "_x": 0, "_y": 1}, {"_time": 41.935, "_x": 0, "_y": -1}, {"_time": 41.989, "_x": -1, "_y": 1}, {"_time": 42.017, "_x": -1, "_y": 1}, {"_time": 42.044, "_x": 1, "_y": -1}, {"_time": 42.072, "_x": 1, "_y": -1}, {"_time": 42.098, "_x": 0, "_y": 1}, {"_time": 42.126, "_x": 0, "_y": 1}, {"_time": 42.153, "_x": -1, "_y": -1}, {"_time": 42.181, "_x": -1, "_y": -1}, {"_time": 42.208, "_x": -1, "_y": 1}, {"_time": 42.262, "_x": 0, "_y": -1}, {"_time": 42.317, "_x": -1, "_y": 1}, {"_time": 42.371, "_x": 0, "_y": -1}, {"_time": 42.426, "_x": -1, "_y": 1}, {"_time": 42.48, "_x": 1, "_y": -1}, {"_time": 42.535, "_x": -1, "_y": 1}, {"_time": 42.562, "_x": -1, "_y": 1}, {"_time": 42.589, "_x": 1, "_y": -1}, {"_time": 42.616, "_x": 1, "_y": -1}, {"_time": 42.644, "_x": -1, "_y": 0}, {"_time": 42.698, "_x": 1, "_y": 1}, {"_time": 42.753, "_x": 0, "_y": -1}, {"_time": 42.78, "_x": 0, "_y": -1}, {"_time": 42.808, "_x": -1, "_y": 1}, {"_time": 42.835, "_x": -1, "_y": 1}, {"_time": 42.862, "_x": 1, "_y": 0}, {"_time": 42.889, "_x": 1, "_y": 0}, {"_time": 42.917, "_x": -1, "_y": -1}, {"_time": 42.944, "_x": -1, "_y": -1}, {"_time": 42.971, "_x": 0, "_y": 1}, {"_time": 43.026, "_x": 0, "_y": -1}, {"_time": 43.08, "_x": -1, "_y": 1}, {"_time": 43.135, "_x": 1, "_y": -1}, {"_time": 43.189, "_x": -1, "_y": 0}, {"_time": 43.244, "_x": 1, "_y": 1}, {"_time": 43.271, "_x": 1, "_y": 1}, {"_time": 43.298, "_x": -1, "_y": 1}, {"_time": 43.325, "_x": -1, "_y": 1}, {"_time": 43.353, "_x": 1, "_y": 0}, {"_time": 43.408, "_x": -1, "_y": -1}, {"_time": 43.462, "_x": 0, "_y": 1}, {"_time": 43.517, "_x": 0, "_y": -1}, {"_time": 43.571, "_x": -1, "_y": 1}, {"_time": 43.626, "_x": 1, "_y": -1}, {"_time": 43.68, "_x": -1, "_y": 0}, {"_time": 43.735, "_x": 1, "_y": 0}, {"_time": 43.789, "_x": -1, "_y": -1}, {"_time": 43.844, "_x": 0, "_y": 1}, {"_time": 43.898, "_x": 0, "_y": -1}, {"_time": 43.953, "_x": -1, "_y": 1}, {"_time": 43.98, "_x": 0, "_y": 1}, {"_time": 44.008, "_x": 1, "_y": 0}, {"_time": 44.717, "_x": -1, "_y": -1}, {"_time": 44.826, "_x": 1, "_y": -1}, {"_time": 44.853, "_x": 1, "_y": -1}, {"_time": 44.88, "_x": -1, "_y": -1}, {"_time": 44.908, "_x": -1, "_y": -1}, {"_time": 44.935, "_x": 1, "_y": 1}, {"_time": 44.962, "_x": 1, "_y": 1}, {"_time": 44.989, "_x": 1, "_y": -1}, {"_time": 45.017, "_x": 1, "_y": -1}, {"_time": 45.044, "_x": -1, "_y": 1}, {"_time": 45.071, "_x": -1, "_y": 1}, {"_time": 45.098, "_x": 1, "_y": 1}, {"_time": 45.126, "_x": 1, "_y": 1}, {"_time": 45.153, "_x": -1, "_y": -1}, {"_time": 45.18, "_x": -1, "_y": -1}, {"_time": 45.208, "_x": -1, "_y": 1}, {"_time": 45.235, "_x": -1, "_y": 1}, {"_time": 45.262, "_x": 1, "_y": -1}, {"_time": 45.289, "_x": 1, "_y": -1}, {"_time": 45.316, "_x": -1, "_y": -1}, {"_time": 45.344, "_x": -1, "_y": -1}, {"_time": 45.371, "_x": 1, "_y": 1}, {"_time": 45.398, "_x": 1, "_y": 1}, {"_time": 45.425, "_x": 1, "_y": -1}, {"_time": 45.453, "_x": 1, "_y": -1}, {"_time": 45.48, "_x": -1, "_y": 1}, {"_time": 45.507, "_x": -1, "_y": 1}, {"_time": 45.534, "_x": 1, "_y": 1}, {"_time": 45.562, "_x": 1, "_y": 1}, {"_time": 45.589, "_x": -1, "_y": -1}, {"_time": 45.616, "_x": -1, "_y": -1}, {"_time": 45.644, "_x": -1, "_y": 1}, {"_time": 45.671, "_x": -1, "_y": 1}, {"_time": 45.698, "_x": -1, "_y": 1}, {"_time": 45.725, "_x": -1, "_y": 1}, {"_time": 45.752, "_x": 1, "_y": 0}, {"_time": 45.779, "_x": 1, "_y": 0}, {"_time": 45.807, "_x": -1, "_y": -1}, {"_time": 45.861, "_x": 0, "_y": 1}, {"_time": 45.916, "_x": 0, "_y": -1}, {"_time": 45.943, "_x": 0, "_y": -1}, {"_time": 45.97, "_x": -1, "_y": 1}, {"_time": 45.997, "_x": -1, "_y": 1}, {"_time": 46.025, "_x": 1, "_y": -1}, {"_time": 46.052, "_x": 1, "_y": -1}, {"_time": 46.079, "_x": -1, "_y": 0}, {"_time": 46.106, "_x": -1, "_y": 0}, {"_time": 46.134, "_x": 1, "_y": 1}, {"_time": 46.161, "_x": 1, "_y": 1}, {"_time": 46.189, "_x": 0, "_y": -1}, {"_time": 46.243, "_x": 0, "_y": 1}, {"_time": 46.298, "_x": -1, "_y": -1}, {"_time": 46.352, "_x": 1, "_y": 0}, {"_time": 46.379, "_x": 1, "_y": 0}, {"_time": 46.407, "_x": -1, "_y": 1}, {"_time": 46.434, "_x": -1, "_y": 1}, {"_time": 46.461, "_x": 0, "_y": -1}, {"_time": 46.516, "_x": 0, "_y": 1}, {"_time": 46.57, "_x": -1, "_y": -1}, {"_time": 46.625, "_x": -1, "_y": 1}, {"_time": 46.652, "_x": -1, "_y": 1}, {"_time": 46.679, "_x": 1, "_y": -1}, {"_time": 46.706, "_x": 1, "_y": -1}, {"_time": 46.734, "_x": -1, "_y": 0}, {"_time": 46.789, "_x": 1, "_y": 1}, {"_time": 46.816, "_x": 1, "_y": 1}, {"_time": 46.843, "_x": 0, "_y": -1}, {"_time": 46.87, "_x": 0, "_y": -1}, {"_time": 46.898, "_x": 0, "_y": 1}, {"_time": 46.925, "_x": 0, "_y": 1}, {"_time": 46.952, "_x": -1, "_y": -1}, {"_time": 46.979, "_x": -1, "_y": -1}, {"_time": 47.007, "_x": 1, "_y": 0}, {"_time": 47.061, "_x": -1, "_y": 1}, {"_time": 47.116, "_x": 0, "_y": -1}, {"_time": 47.17, "_x": 0, "_y": 1}, {"_time": 47.225, "_x": -1, "_y": -1}, {"_time": 47.252, "_x": -1, "_y": -1}, {"_time": 47.279, "_x": -1, "_y": 1}, {"_time": 47.306, "_x": -1, "_y": 1}, {"_time": 47.334, "_x": 1, "_y": -1}, {"_time": 47.361, "_x": 1, "_y": -1}, {"_time": 47.389, "_x": -1, "_y": 0}, {"_time": 47.416, "_x": -1, "_y": 0}, {"_time": 47.443, "_x": 1, "_y": 1}, {"_time": 47.47, "_x": 1, "_y": 1}, {"_time": 47.498, "_x": 0, "_y": -1}, {"_time": 47.525, "_x": 0, "_y": -1}, {"_time": 47.771, "_x": -1, "_y": 1}, {"_time": 47.798, "_x": 0, "_y": 1}, {"_time": 47.826, "_x": 1, "_y": 0}, {"_time": 48.098, "_x": 1, "_y": -1}, {"_time": 48.126, "_x": 0, "_y": -1}, {"_time": 48.153, "_x": -1, "_y": 0}, {"_time": 48.317, "_x": 1, "_y": 1}, {"_time": 48.372, "_x": -1, "_y": 0}, {"_time": 48.426, "_x": 1, "_y": -1}, {"_time": 48.453, "_x": 1, "_y": -1}, {"_time": 48.481, "_x": 0, "_y": 1}, {"_time": 48.508, "_x": 0, "_y": 1}, {"_time": 48.535, "_x": 0, "_y": -1}, {"_time": 48.59, "_x": -1, "_y": 1}, {"_time": 48.644, "_x": 1, "_y": 0}, {"_time": 48.672, "_x": 1, "_y": 0}, {"_time": 48.699, "_x": -1, "_y": -1}, {"_time": 48.727, "_x": -1, "_y": -1}, {"_time": 48.753, "_x": 0, "_y": 1}, {"_time": 48.808, "_x": 0, "_y": -1}, {"_time": 48.862, "_x": -1, "_y": 1}, {"_time": 48.917, "_x": 1, "_y": -1}, {"_time": 48.944, "_x": 1, "_y": -1}, {"_time": 48.972, "_x": -1, "_y": 0}, {"_time": 48.999, "_x": -1, "_y": 0}, {"_time": 49.026, "_x": 1, "_y": 1}, {"_time": 49.053, "_x": 1, "_y": 1}, {"_time": 49.081, "_x": -1, "_y": -1}, {"_time": 49.135, "_x": 0, "_y": 1}, {"_time": 49.19, "_x": 0, "_y": -1}, {"_time": 49.217, "_x": 0, "_y": -1}, {"_time": 49.244, "_x": -1, "_y": 1}, {"_time": 49.299, "_x": 1, "_y": 0}, {"_time": 49.353, "_x": -1, "_y": -1}, {"_time": 49.381, "_x": -1, "_y": -1}, {"_time": 49.408, "_x": 0, "_y": 1}, {"_time": 49.462, "_x": 0, "_y": -1}, {"_time": 49.49, "_x": 0, "_y": -1}, {"_time": 49.517, "_x": -1, "_y": 1}, {"_time": 49.545, "_x": -1, "_y": 1}, {"_time": 49.572, "_x": 1, "_y": -1}, {"_time": 49.6, "_x": 1, "_y": -1}, {"_time": 49.626, "_x": -1, "_y": 0}, {"_time": 49.681, "_x": 1, "_y": 1}, {"_time": 49.708, "_x": 1, "_y": 1}, {"_time": 49.735, "_x": 0, "_y": -1}, {"_time": 49.762, "_x": 0, "_y": -1}, {"_time": 49.79, "_x": 0, "_y": 1}, {"_time": 49.817, "_x": 0, "_y": 1}, {"_time": 49.844, "_x": -1, "_y": -1}, {"_time": 49.871, "_x": -1, "_y": -1}, {"_time": 49.899, "_x": 1, "_y": 0}, {"_time": 49.953, "_x": -1, "_y": 1}, {"_time": 49.981, "_x": -1, "_y": 1}, {"_time": 50.008, "_x": 0, "_y": -1}, {"_time": 50.062, "_x": 0, "_y": 1}, {"_time": 50.09, "_x": 0, "_y": 1}, {"_time": 50.117, "_x": -1, "_y": -1}, {"_time": 50.172, "_x": 1, "_y": 1}, {"_time": 50.199, "_x": 1, "_y": 1}, {"_time": 50.226, "_x": -1, "_y": 1}, {"_time": 50.253, "_x": -1, "_y": 1}, {"_time": 50.281, "_x": 1, "_y": 0}, {"_time": 50.335, "_x": -1, "_y": -1}, {"_time": 50.39, "_x": 0, "_y": 1}, {"_time": 50.417, "_x": 0, "_y": 1}, {"_time": 50.444, "_x": 1, "_y": -1}, {"_time": 50.471, "_x": 1, "_y": -1}, {"_time": 50.499, "_x": -1, "_y": 0}, {"_time": 50.553, "_x": 1, "_y": 1}, {"_time": 50.608, "_x": -1, "_y": 1}, {"_time": 50.662, "_x": 1, "_y": 0}, {"_time": 50.717, "_x": -1, "_y": -1}, {"_time": 50.772, "_x": 0, "_y": 1}, {"_time": 50.826, "_x": 0, "_y": -1}, {"_time": 50.881, "_x": -1, "_y": 1}, {"_time": 50.935, "_x": 1, "_y": -1}, {"_time": 50.962, "_x": 1, "_y": 0}, {"_time": 50.99, "_x": 1, "_y": 1}, {"_time": 51.262, "_x": -1, "_y": 0}, {"_time": 51.29, "_x": -1, "_y": 0}, {"_time": 51.317, "_x": 1, "_y": 0}, {"_time": 51.345, "_x": 1, "_y": 0}, {"_time": 51.372, "_x": -1, "_y": -1}, {"_time": 51.426, "_x": 0, "_y": 1}, {"_time": 51.453, "_x": 0, "_y": 1}, {"_time": 51.481, "_x": 0, "_y": -1}, {"_time": 51.508, "_x": 0, "_y": -1}, {"_time": 51.535, "_x": -1, "_y": 1}, {"_time": 51.562, "_x": -1, "_y": 1}, {"_time": 51.59, "_x": 1, "_y": -1}, {"_time": 51.617, "_x": 1, "_y": -1}, {"_time": 51.644, "_x": -1, "_y": 0}, {"_time": 51.699, "_x": 1, "_y": 1}, {"_time": 51.753, "_x": 0, "_y": -1}, {"_time": 51.808, "_x": 0, "_y": 1}, {"_time": 51.862, "_x": -1, "_y": -1}, {"_time": 51.89, "_x": -1, "_y": -1}, {"_time": 51.917, "_x": -1, "_y": 1}, {"_time": 51.945, "_x": -1, "_y": 1}, {"_time": 51.972, "_x": 1, "_y": 0}, {"_time": 52.026, "_x": -1, "_y": 0}, {"_time": 52.081, "_x": 1, "_y": -1}, {"_time": 52.135, "_x": 0, "_y": 1}, {"_time": 52.162, "_x": 0, "_y": 1}, {"_time": 52.19, "_x": 0, "_y": -1}, {"_time": 52.217, "_x": 0, "_y": -1}, {"_time": 52.244, "_x": -1, "_y": 1}, {"_time": 52.299, "_x": -1, "_y": -1}, {"_time": 52.353, "_x": 1, "_y": 1}, {"_time": 52.408, "_x": -1, "_y": 0}, {"_time": 52.435, "_x": -1, "_y": 0}, {"_time": 52.462, "_x": 1, "_y": 0}, {"_time": 52.489, "_x": 1, "_y": 0}, {"_time": 52.517, "_x": -1, "_y": 1}, {"_time": 52.572, "_x": 0, "_y": -1}, {"_time": 52.626, "_x": 0, "_y": 1}, {"_time": 52.653, "_x": 0, "_y": 1}, {"_time": 52.681, "_x": -1, "_y": -1}, {"_time": 52.735, "_x": -1, "_y": 1}, {"_time": 52.79, "_x": 1, "_y": -1}, {"_time": 52.817, "_x": 1, "_y": -1}, {"_time": 52.844, "_x": -1, "_y": 0}, {"_time": 52.871, "_x": -1, "_y": 0}, {"_time": 52.899, "_x": 1, "_y": 1}, {"_time": 52.926, "_x": 1, "_y": 1}, {"_time": 52.953, "_x": -1, "_y": 1}, {"_time": 52.98, "_x": -1, "_y": 1}, {"_time": 53.008, "_x": 1, "_y": 0}, {"_time": 53.035, "_x": 1, "_y": 0}, {"_time": 53.062, "_x": -1, "_y": -1}, {"_time": 53.117, "_x": 0, "_y": 1}, {"_time": 53.172, "_x": 0, "_y": -1}, {"_time": 53.226, "_x": -1, "_y": 1}, {"_time": 53.281, "_x": 1, "_y": -1}, {"_time": 53.335, "_x": -1, "_y": 0}, {"_time": 53.39, "_x": 1, "_y": 1}, {"_time": 53.444, "_x": -1, "_y": 1}, {"_time": 53.499, "_x": 1, "_y": 0}, {"_time": 53.553, "_x": -1, "_y": -1}, {"_time": 53.608, "_x": 0, "_y": 1}, {"_time": 53.662, "_x": 0, "_y": -1}, {"_time": 53.69, "_x": 0, "_y": -1}, {"_time": 53.717, "_x": -1, "_y": 1}, {"_time": 53.745, "_x": -1, "_y": 1}, {"_time": 53.772, "_x": 1, "_y": -1}, {"_time": 53.8, "_x": 1, "_y": -1}, {"_time": 53.826, "_x": -1, "_y": 0}, {"_time": 53.881, "_x": 1, "_y": 0}, {"_time": 53.935, "_x": -1, "_y": -1}, {"_time": 53.99, "_x": 0, "_y": 1}, {"_time": 54.017, "_x": 0, "_y": 1}, {"_time": 54.044, "_x": 0, "_y": -1}, {"_time": 54.071, "_x": 0, "_y": -1}, {"_time": 54.099, "_x": -1, "_y": 1}, {"_time": 54.153, "_x": 1, "_y": -1}, {"_time": 54.208, "_x": -1, "_y": 0}, {"_time": 54.235, "_x": -1, "_y": 0}, {"_time": 54.262, "_x": 1, "_y": 1}, {"_time": 54.289, "_x": 1, "_y": 1}, {"_time": 54.317, "_x": -1, "_y": -1}, {"_time": 54.344, "_x": -1, "_y": -1}, {"_time": 54.372, "_x": 0, "_y": 1}, {"_time": 54.399, "_x": 0, "_y": 1}, {"_time": 54.426, "_x": -1, "_y": 1}, {"_time": 54.454, "_x": -1, "_y": 0}, {"_time": 54.481, "_x": -1, "_y": -1}, {"_time": 54.753, "_x": 1, "_y": -1}, {"_time": 54.781, "_x": 1, "_y": 0}, {"_time": 54.808, "_x": 0, "_y": 1}, {"_time": 55.081, "_x": -1, "_y": -1}, {"_time": 55.108, "_x": 0, "_y": -1}, {"_time": 55.135, "_x": 1, "_y": 0}, {"_time": 55.299, "_x": -1, "_y": 0}, {"_time": 55.353, "_x": 1, "_y": 1}, {"_time": 55.408, "_x": 0, "_y": -1}, {"_time": 55.435, "_x": 0, "_y": -1}, {"_time": 55.462, "_x": 0, "_y": 1}, {"_time": 55.489, "_x": 0, "_y": 1}, {"_time": 55.517, "_x": -1, "_y": -1}, {"_time": 55.572, "_x": -1, "_y": 1}, {"_time": 55.626, "_x": 1, "_y": -1}, {"_time": 55.653, "_x": 1, "_y": -1}, {"_time": 55.681, "_x": -1, "_y": 0}, {"_time": 55.708, "_x": -1, "_y": 0}, {"_time": 55.735, "_x": 1, "_y": 0}, {"_time": 55.79, "_x": -1, "_y": -1}, {"_time": 55.844, "_x": 0, "_y": 1}, {"_time": 55.899, "_x": 0, "_y": -1}, {"_time": 55.953, "_x": -1, "_y": 1}, {"_time": 55.981, "_x": -1, "_y": 1}, {"_time": 56.008, "_x": 1, "_y": -1}, {"_time": 56.036, "_x": 1, "_y": -1}, {"_time": 56.062, "_x": 0, "_y": 1}, {"_time": 56.09, "_x": 0, "_y": 1}, {"_time": 56.117, "_x": -1, "_y": -1}, {"_time": 56.145, "_x": -1, "_y": -1}, {"_time": 56.172, "_x": -1, "_y": 1}, {"_time": 56.226, "_x": 0, "_y": -1}, {"_time": 56.281, "_x": -1, "_y": 1}, {"_time": 56.335, "_x": 0, "_y": -1}, {"_time": 56.39, "_x": -1, "_y": 1}, {"_time": 56.444, "_x": 1, "_y": -1}, {"_time": 56.499, "_x": -1, "_y": 1}, {"_time": 56.526, "_x": -1, "_y": 1}, {"_time": 56.553, "_x": 1, "_y": -1}, {"_time": 56.58, "_x": 1, "_y": -1}, {"_time": 56.608, "_x": -1, "_y": 0}, {"_time": 56.662, "_x": 1, "_y": 1}, {"_time": 56.717, "_x": 0, "_y": -1}, {"_time": 56.744, "_x": 0, "_y": -1}, {"_time": 56.772, "_x": -1, "_y": 1}, {"_time": 56.799, "_x": -1, "_y": 1}, {"_time": 56.826, "_x": 1, "_y": 0}, {"_time": 56.853, "_x": 1, "_y": 0}, {"_time": 56.881, "_x": -1, "_y": -1}, {"_time": 56.908, "_x": -1, "_y": -1}, {"_time": 56.935, "_x": 0, "_y": 1}, {"_time": 56.99, "_x": 0, "_y": -1}, {"_time": 57.044, "_x": -1, "_y": 1}, {"_time": 57.099, "_x": 1, "_y": -1}, {"_time": 57.153, "_x": 1, "_y": 1}, {"_time": 57.208, "_x": 1, "_y": -1}, {"_time": 57.262, "_x": 1, "_y": 1}, {"_time": 57.317, "_x": 1, "_y": -1}, {"_time": 57.372, "_x": -1, "_y": -1}, {"_time": 57.398, "_x": -1, "_y": -1}, {"_time": 57.426, "_x": 0, "_y": 1}, {"_time": 57.452, "_x": 0, "_y": 1}, {"_time": 57.481, "_x": 0, "_y": -1}, {"_time": 57.507, "_x": 0, "_y": -1}, {"_time": 57.535, "_x": -1, "_y": 1}, {"_time": 57.561, "_x": -1, "_y": 1}, {"_time": 57.59, "_x": 1, "_y": -1}, {"_time": 57.616, "_x": 1, "_y": -1}, {"_time": 57.644, "_x": -1, "_y": 0}, {"_time": 57.67, "_x": -1, "_y": 0}, {"_time": 57.699, "_x": 1, "_y": 0}, {"_time": 57.725, "_x": 1, "_y": 0}, {"_time": 57.753, "_x": -1, "_y": -1}, {"_time": 57.779, "_x": -1, "_y": -1}, {"_time": 57.808, "_x": 0, "_y": 1}, {"_time": 57.834, "_x": 0, "_y": 1}, {"_time": 57.862, "_x": 0, "_y": -1}, {"_time": 57.888, "_x": 0, "_y": -1}, {"_time": 57.917, "_x": -1, "_y": 1}, {"_time": 71.88, "_x": 0, "_y": 0}, {"_time": 85.844, "_x": -1, "_y": -1}, {"_time": 86.062, "_x": -1, "_y": 1}, {"_time": 86.281, "_x": -1, "_y": -1}, {"_time": 86.499, "_x": -1, "_y": 1}, {"_time": 86.717, "_x": -1, "_y": -1}, {"_time": 86.935, "_x": -1, "_y": 1}, {"_time": 87.153, "_x": -1, "_y": -1}, {"_time": 87.372, "_x": -1, "_y": 1}, {"_time": 87.481, "_x": -1, "_y": -1}, {"_time": 87.59, "_x": 1, "_y": 1}, {"_time": 87.808, "_x": 1, "_y": -1}, {"_time": 88.026, "_x": 1, "_y": 1}, {"_time": 88.244, "_x": 1, "_y": -1}, {"_time": 88.463, "_x": 1, "_y": 1}, {"_time": 88.681, "_x": 1, "_y": -1}, {"_time": 88.899, "_x": 1, "_y": 1}, {"_time": 89.117, "_x": -1, "_y": -1}, {"_time": 89.226, "_x": 1, "_y": 1}, {"_time": 89.281, "_x": 0, "_y": 1}, {"_time": 89.335, "_x": -1, "_y": 1}, {"_time": 89.553, "_x": 1, "_y": 1}, {"_time": 89.772, "_x": -1, "_y": 1}, {"_time": 89.99, "_x": 1, "_y": 1}, {"_time": 90.208, "_x": -1, "_y": 1}, {"_time": 90.426, "_x": 1, "_y": 1}, {"_time": 90.644, "_x": -1, "_y": 1}, {"_time": 90.862, "_x": 1, "_y": 1}, {"_time": 90.917, "_x": 1, "_y": 0}, {"_time": 90.972, "_x": 1, "_y": -1}, {"_time": 91.081, "_x": -1, "_y": 1}, {"_time": 91.299, "_x": 1, "_y": -1}, {"_time": 91.517, "_x": -1, "_y": 1}, {"_time": 91.735, "_x": 1, "_y": -1}, {"_time": 91.953, "_x": -1, "_y": 1}, {"_time": 92.172, "_x": 1, "_y": -1}, {"_time": 92.39, "_x": -1, "_y": 1}, {"_time": 92.608, "_x": 1, "_y": -1}, {"_time": 92.826, "_x": -1, "_y": 0}, {"_time": 93.044, "_x": 1, "_y": 1}, {"_time": 93.262, "_x": -1, "_y": -1}, {"_time": 93.481, "_x": 1, "_y": 0}, {"_time": 93.699, "_x": -1, "_y": 1}, {"_time": 93.917, "_x": 0, "_y": -1}, {"_time": 94.135, "_x": 0, "_y": 1}, {"_time": 94.353, "_x": -1, "_y": -1}, {"_time": 94.572, "_x": 1, "_y": 0}, {"_time": 94.79, "_x": -1, "_y": 1}, {"_time": 95.008, "_x": 1, "_y": 1}, {"_time": 95.226, "_x": -1, "_y": -1}, {"_time": 95.444, "_x": 0, "_y": 1}, {"_time": 95.662, "_x": 0, "_y": -1}, {"_time": 95.881, "_x": -1, "_y": 1}, {"_time": 96.099, "_x": 1, "_y": -1}, {"_time": 96.317, "_x": -1, "_y": 0}, {"_time": 96.426, "_x": 1, "_y": 0}, {"_time": 96.535, "_x": -1, "_y": 1}, {"_time": 96.644, "_x": -1, "_y": -1}, {"_time": 96.753, "_x": 0, "_y": 1}, {"_time": 96.862, "_x": 0, "_y": -1}, {"_time": 96.972, "_x": -1, "_y": 1}, {"_time": 97.081, "_x": 1, "_y": 0}, {"_time": 97.19, "_x": -1, "_y": -1}, {"_time": 97.299, "_x": 1, "_y": -1}, {"_time": 97.408, "_x": 0, "_y": 1}, {"_time": 97.517, "_x": 0, "_y": -1}, {"_time": 97.626, "_x": -1, "_y": 1}, {"_time": 97.735, "_x": 1, "_y": 0}, {"_time": 97.844, "_x": -1, "_y": -1}, {"_time": 97.953, "_x": 0, "_y": 1}, {"_time": 98.062, "_x": 1, "_y": -1}, {"_time": 98.117, "_x": 0, "_y": -1}, {"_time": 98.172, "_x": -1, "_y": -1}, {"_time": 98.226, "_x": -1, "_y": 0}, {"_time": 98.281, "_x": 0, "_y": 0}, {"_time": 98.335, "_x": 1, "_y": 0}, {"_time": 98.39, "_x": 1, "_y": 1}, {"_time": 98.444, "_x": 0, "_y": 1}, {"_time": 98.499, "_x": -1, "_y": 1}, {"_time": 98.553, "_x": -1, "_y": 0}, {"_time": 98.608, "_x": 0, "_y": 0}, {"_time": 98.662, "_x": 1, "_y": 0}, {"_time": 98.717, "_x": 1, "_y": -1}, {"_time": 98.772, "_x": 0, "_y": -1}, {"_time": 98.826, "_x": -1, "_y": -1}, {"_time": 98.881, "_x": -1, "_y": 0}, {"_time": 98.935, "_x": -1, "_y": 1}, {"_time": 98.962, "_x": 0, "_y": 1}, {"_time": 98.99, "_x": 1, "_y": 1}, {"_time": 99.017, "_x": 1, "_y": 0}, {"_time": 99.044, "_x": 0, "_y": 0}, {"_time": 99.072, "_x": -1, "_y": 0}, {"_time": 99.099, "_x": -1, "_y": -1}, {"_time": 99.126, "_x": 0, "_y": -1}, {"_time": 99.153, "_x": 1, "_y": -1}, {"_time": 99.181, "_x": 1, "_y": 0}, {"_time": 99.208, "_x": 1, "_y": 1}, {"_time": 99.235, "_x": 0, "_y": 1}, {"_time": 99.262, "_x": 0, "_y": 0}, {"_time": 99.29, "_x": 0, "_y": -1}, {"_time": 99.317, "_x": -1, "_y": -1}, {"_time": 99.344, "_x": -1, "_y": 0}, {"_time": 99.372, "_x": -1, "_y": 1}, {"_time": 99.399, "_x": 0, "_y": 1}, {"_time": 99.427, "_x": 1, "_y": 1}, {"_time": 99.454, "_x": 1, "_y": 0}, {"_time": 99.481, "_x": 0, "_y": 0}, {"_time": 99.509, "_x": -1, "_y": 0}, {"_time": 99.536, "_x": -1, "_y": -1}, {"_time": 99.563, "_x": 0, "_y": -1}, {"_time": 99.59, "_x": 1, "_y": -1}, {"_time": 99.618, "_x": 1, "_y": 0}, {"_time": 99.645, "_x": 1, "_y": 1}, {"_time": 99.672, "_x": 0, "_y": 1}, {"_time": 99.699, "_x": 0, "_y": 0}, {"_time": 99.727, "_x": 0, "_y": -1}, {"_time": 99.754, "_x": -1, "_y": -1}, {"_time": 99.781, "_x": -1, "_y": 0}, {"_time": 99.808, "_x": -1, "_y": 1}, {"_time": 100.135, "_x": -1, "_y": 1}, {"_time": 100.162, "_x": -1, "_y": 1}, {"_time": 100.189, "_x": 1, "_y": 0}, {"_time": 100.216, "_x": 1, "_y": 0}, {"_time": 100.244, "_x": -1, "_y": -1}, {"_time": 100.298, "_x": 0, "_y": 1}, {"_time": 100.353, "_x": 0, "_y": -1}, {"_time": 100.38, "_x": 0, "_y": -1}, {"_time": 100.407, "_x": -1, "_y": 1}, {"_time": 100.434, "_x": -1, "_y": 1}, {"_time": 100.462, "_x": 1, "_y": -1}, {"_time": 100.489, "_x": 1, "_y": -1}, {"_time": 100.516, "_x": -1, "_y": 0}, {"_time": 100.543, "_x": -1, "_y": 0}, {"_time": 100.571, "_x": 1, "_y": 1}, {"_time": 100.598, "_x": 1, "_y": 1}, {"_time": 100.626, "_x": 0, "_y": -1}, {"_time": 100.68, "_x": 0, "_y": 1}, {"_time": 100.735, "_x": -1, "_y": -1}, {"_time": 100.789, "_x": 1, "_y": 0}, {"_time": 100.816, "_x": 1, "_y": 0}, {"_time": 100.844, "_x": -1, "_y": 1}, {"_time": 100.871, "_x": -1, "_y": 1}, {"_time": 100.898, "_x": 0, "_y": -1}, {"_time": 100.953, "_x": 0, "_y": 1}, {"_time": 101.007, "_x": -1, "_y": -1}, {"_time": 101.062, "_x": -1, "_y": 1}, {"_time": 101.089, "_x": -1, "_y": 1}, {"_time": 101.116, "_x": 1, "_y": -1}, {"_time": 101.143, "_x": 1, "_y": -1}, {"_time": 101.171, "_x": -1, "_y": 0}, {"_time": 101.226, "_x": 1, "_y": 1}, {"_time": 101.253, "_x": 1, "_y": 1}, {"_time": 101.28, "_x": 0, "_y": -1}, {"_time": 101.307, "_x": 0, "_y": -1}, {"_time": 101.335, "_x": 0, "_y": 1}, {"_time": 101.362, "_x": 0, "_y": 1}, {"_time": 101.389, "_x": -1, "_y": -1}, {"_time": 101.416, "_x": -1, "_y": -1}, {"_time": 101.444, "_x": 1, "_y": 0}, {"_time": 101.498, "_x": -1, "_y": 1}, {"_time": 101.553, "_x": 0, "_y": -1}, {"_time": 101.607, "_x": 0, "_y": 1}, {"_time": 101.662, "_x": -1, "_y": -1}, {"_time": 101.689, "_x": -1, "_y": -1}, {"_time": 101.716, "_x": -1, "_y": 1}, {"_time": 101.743, "_x": -1, "_y": 1}, {"_time": 101.771, "_x": 1, "_y": -1}, {"_time": 101.798, "_x": 1, "_y": -1}, {"_time": 101.826, "_x": -1, "_y": 0}, {"_time": 101.853, "_x": -1, "_y": 0}, {"_time": 101.88, "_x": 1, "_y": 1}, {"_time": 101.907, "_x": 1, "_y": 1}, {"_time": 101.935, "_x": 0, "_y": -1}, {"_time": 101.962, "_x": 0, "_y": -1}, {"_time": 101.989, "_x": 0, "_y": 1}, {"_time": 102.044, "_x": -1, "_y": -1}, {"_time": 102.098, "_x": 1, "_y": 0}, {"_time": 102.126, "_x": 1, "_y": 0}, {"_time": 102.153, "_x": -1, "_y": 1}, {"_time": 102.207, "_x": 0, "_y": -1}, {"_time": 102.262, "_x": 0, "_y": 1}, {"_time": 102.316, "_x": -1, "_y": -1}, {"_time": 102.371, "_x": 1, "_y": 1}, {"_time": 102.426, "_x": 0, "_y": -1}, {"_time": 102.453, "_x": 0, "_y": -1}, {"_time": 102.48, "_x": -1, "_y": 1}, {"_time": 102.535, "_x": 1, "_y": 0}, {"_time": 102.589, "_x": -1, "_y": -1}, {"_time": 102.616, "_x": -1, "_y": -1}, {"_time": 102.644, "_x": 0, "_y": 1}, {"_time": 102.671, "_x": 0, "_y": 1}, {"_time": 102.698, "_x": 0, "_y": -1}, {"_time": 102.753, "_x": -1, "_y": 1}, {"_time": 102.807, "_x": 1, "_y": -1}, {"_time": 102.862, "_x": -1, "_y": 0}, {"_time": 102.889, "_x": -1, "_y": 0}, {"_time": 102.917, "_x": 1, "_y": 1}, {"_time": 102.944, "_x": 1, "_y": 1}, {"_time": 102.971, "_x": 0, "_y": -1}, {"_time": 103.026, "_x": -1, "_y": 1}, {"_time": 103.08, "_x": 1, "_y": 0}, {"_time": 103.107, "_x": 1, "_y": 0}, {"_time": 103.135, "_x": -1, "_y": -1}, {"_time": 103.162, "_x": -1, "_y": -1}, {"_time": 103.189, "_x": 1, "_y": 1}, {"_time": 103.216, "_x": 1, "_y": 1}, {"_time": 103.244, "_x": -1, "_y": 0}, {"_time": 103.271, "_x": -1, "_y": 0}, {"_time": 103.298, "_x": -1, "_y": -1}, {"_time": 103.326, "_x": 0, "_y": -1}, {"_time": 103.353, "_x": 1, "_y": -1}, {"_time": 103.626, "_x": -1, "_y": 1}, {"_time": 103.653, "_x": 0, "_y": 1}, {"_time": 103.68, "_x": 1, "_y": 1}, {"_time": 103.953, "_x": 1, "_y": -1}, {"_time": 103.98, "_x": 0, "_y": -1}, {"_time": 104.007, "_x": -1, "_y": 0}, {"_time": 104.171, "_x": 1, "_y": 1}, {"_time": 104.226, "_x": -1, "_y": 0}, {"_time": 104.28, "_x": 1, "_y": -1}, {"_time": 104.307, "_x": 1, "_y": -1}, {"_time": 104.335, "_x": 0, "_y": 1}, {"_time": 104.362, "_x": 0, "_y": 1}, {"_time": 104.389, "_x": 0, "_y": -1}, {"_time": 104.444, "_x": -1, "_y": 1}, {"_time": 104.498, "_x": 1, "_y": 0}, {"_time": 104.526, "_x": 1, "_y": 0}, {"_time": 104.553, "_x": -1, "_y": -1}, {"_time": 104.581, "_x": -1, "_y": -1}, {"_time": 104.607, "_x": 0, "_y": 1}, {"_time": 104.662, "_x": 0, "_y": -1}, {"_time": 104.716, "_x": -1, "_y": 1}, {"_time": 104.771, "_x": 1, "_y": -1}, {"_time": 104.798, "_x": 1, "_y": -1}, {"_time": 104.826, "_x": -1, "_y": 0}, {"_time": 104.853, "_x": -1, "_y": 0}, {"_time": 104.88, "_x": 1, "_y": 1}, {"_time": 104.907, "_x": 1, "_y": 1}, {"_time": 104.935, "_x": -1, "_y": -1}, {"_time": 104.989, "_x": 0, "_y": 1}, {"_time": 105.044, "_x": 0, "_y": -1}, {"_time": 105.071, "_x": 0, "_y": -1}, {"_time": 105.098, "_x": -1, "_y": 1}, {"_time": 105.153, "_x": 1, "_y": 0}, {"_time": 105.207, "_x": -1, "_y": -1}, {"_time": 105.235, "_x": -1, "_y": -1}, {"_time": 105.262, "_x": 0, "_y": 1}, {"_time": 105.316, "_x": 0, "_y": -1}, {"_time": 105.344, "_x": 0, "_y": -1}, {"_time": 105.371, "_x": -1, "_y": 1}, {"_time": 105.399, "_x": -1, "_y": 1}, {"_time": 105.426, "_x": 1, "_y": -1}, {"_time": 105.454, "_x": 1, "_y": -1}, {"_time": 105.48, "_x": -1, "_y": 0}, {"_time": 105.535, "_x": 1, "_y": 1}, {"_time": 105.562, "_x": 1, "_y": 1}, {"_time": 105.589, "_x": 0, "_y": -1}, {"_time": 105.616, "_x": 0, "_y": -1}, {"_time": 105.644, "_x": 0, "_y": 1}, {"_time": 105.671, "_x": 0, "_y": 1}, {"_time": 105.698, "_x": -1, "_y": -1}, {"_time": 105.725, "_x": -1, "_y": -1}, {"_time": 105.753, "_x": 1, "_y": 0}, {"_time": 105.807, "_x": -1, "_y": 1}, {"_time": 105.835, "_x": -1, "_y": 1}, {"_time": 105.862, "_x": 0, "_y": -1}, {"_time": 105.916, "_x": 0, "_y": 1}, {"_time": 105.944, "_x": 0, "_y": 1}, {"_time": 105.971, "_x": -1, "_y": -1}, {"_time": 106.026, "_x": 1, "_y": 1}, {"_time": 106.053, "_x": 1, "_y": 1}, {"_time": 106.08, "_x": -1, "_y": 1}, {"_time": 106.107, "_x": -1, "_y": 1}, {"_time": 106.135, "_x": 1, "_y": 0}, {"_time": 106.189, "_x": -1, "_y": -1}, {"_time": 106.244, "_x": 0, "_y": 1}, {"_time": 106.271, "_x": 0, "_y": 1}, {"_time": 106.298, "_x": 1, "_y": -1}, {"_time": 106.325, "_x": 1, "_y": -1}, {"_time": 106.353, "_x": -1, "_y": 0}, {"_time": 106.407, "_x": 1, "_y": 1}, {"_time": 106.462, "_x": -1, "_y": 1}, {"_time": 106.516, "_x": 1, "_y": 0}, {"_time": 106.571, "_x": -1, "_y": -1}, {"_time": 106.626, "_x": 0, "_y": 1}, {"_time": 106.68, "_x": 0, "_y": -1}, {"_time": 106.735, "_x": -1, "_y": 1}, {"_time": 106.789, "_x": 1, "_y": -1}, {"_time": 106.816, "_x": 1, "_y": 0}, {"_time": 106.844, "_x": 1, "_y": 1}, {"_time": 107.116, "_x": -1, "_y": 0}, {"_time": 107.144, "_x": -1, "_y": 0}, {"_time": 107.171, "_x": 1, "_y": 0}, {"_time": 107.199, "_x": 1, "_y": 0}, {"_time": 107.226, "_x": -1, "_y": -1}, {"_time": 107.28, "_x": 0, "_y": 1}, {"_time": 107.307, "_x": 0, "_y": 1}, {"_time": 107.335, "_x": 0, "_y": -1}, {"_time": 107.362, "_x": 0, "_y": -1}, {"_time": 107.389, "_x": -1, "_y": 1}, {"_time": 107.416, "_x": -1, "_y": 1}, {"_time": 107.444, "_x": 1, "_y": -1}, {"_time": 107.471, "_x": 1, "_y": -1}, {"_time": 107.498, "_x": -1, "_y": 0}, {"_time": 107.553, "_x": 1, "_y": 1}, {"_time": 107.607, "_x": 0, "_y": -1}, {"_time": 107.662, "_x": 0, "_y": 1}, {"_time": 107.716, "_x": -1, "_y": -1}, {"_time": 107.744, "_x": -1, "_y": -1}, {"_time": 107.771, "_x": -1, "_y": 1}, {"_time": 107.799, "_x": -1, "_y": 1}, {"_time": 107.826, "_x": 1, "_y": 0}, {"_time": 107.88, "_x": -1, "_y": 0}, {"_time": 107.935, "_x": 1, "_y": -1}, {"_time": 107.989, "_x": 0, "_y": 1}, {"_time": 108.016, "_x": 0, "_y": 1}, {"_time": 108.044, "_x": 0, "_y": -1}, {"_time": 108.071, "_x": 0, "_y": -1}, {"_time": 108.098, "_x": -1, "_y": 1}, {"_time": 108.153, "_x": -1, "_y": -1}, {"_time": 108.207, "_x": 1, "_y": 1}, {"_time": 108.262, "_x": -1, "_y": 0}, {"_time": 108.289, "_x": -1, "_y": 0}, {"_time": 108.316, "_x": 1, "_y": 0}, {"_time": 108.343, "_x": 1, "_y": 0}, {"_time": 108.371, "_x": -1, "_y": 1}, {"_time": 108.426, "_x": 0, "_y": -1}, {"_time": 108.48, "_x": 0, "_y": 1}, {"_time": 108.507, "_x": 0, "_y": 1}, {"_time": 108.535, "_x": -1, "_y": -1}, {"_time": 108.589, "_x": -1, "_y": 1}, {"_time": 108.644, "_x": 1, "_y": -1}, {"_time": 108.671, "_x": 1, "_y": -1}, {"_time": 108.698, "_x": -1, "_y": 0}, {"_time": 108.725, "_x": -1, "_y": 0}, {"_time": 108.753, "_x": 1, "_y": 1}, {"_time": 108.78, "_x": 1, "_y": 1}, {"_time": 108.807, "_x": -1, "_y": 1}, {"_time": 108.834, "_x": -1, "_y": 1}, {"_time": 108.862, "_x": 1, "_y": 0}, {"_time": 108.889, "_x": 1, "_y": 0}, {"_time": 108.916, "_x": -1, "_y": -1}, {"_time": 108.971, "_x": 0, "_y": 1}, {"_time": 109.026, "_x": 0, "_y": -1}, {"_time": 109.08, "_x": -1, "_y": 1}, {"_time": 109.135, "_x": 1, "_y": -1}, {"_time": 109.189, "_x": -1, "_y": 0}, {"_time": 109.244, "_x": 1, "_y": 1}, {"_time": 109.298, "_x": -1, "_y": 1}, {"_time": 109.353, "_x": 1, "_y": 0}, {"_time": 109.407, "_x": -1, "_y": -1}, {"_time": 109.462, "_x": 0, "_y": 1}, {"_time": 109.516, "_x": 0, "_y": -1}, {"_time": 109.544, "_x": 0, "_y": -1}, {"_time": 109.571, "_x": -1, "_y": 1}, {"_time": 109.599, "_x": -1, "_y": 1}, {"_time": 109.626, "_x": 1, "_y": -1}, {"_time": 109.654, "_x": 1, "_y": -1}, {"_time": 109.68, "_x": -1, "_y": 0}, {"_time": 109.735, "_x": 1, "_y": 0}, {"_time": 109.789, "_x": -1, "_y": -1}, {"_time": 109.844, "_x": 0, "_y": 1}, {"_time": 109.871, "_x": 0, "_y": 1}, {"_time": 109.898, "_x": 0, "_y": -1}, {"_time": 109.925, "_x": 0, "_y": -1}, {"_time": 109.953, "_x": -1, "_y": 1}, {"_time": 110.007, "_x": 1, "_y": -1}, {"_time": 110.062, "_x": -1, "_y": 0}, {"_time": 110.089, "_x": -1, "_y": 0}, {"_time": 110.116, "_x": 1, "_y": 1}, {"_time": 110.143, "_x": 1, "_y": 1}, {"_time": 110.171, "_x": -1, "_y": -1}, {"_time": 110.198, "_x": -1, "_y": -1}, {"_time": 110.226, "_x": 0, "_y": 1}, {"_time": 110.253, "_x": 0, "_y": 1}, {"_time": 110.28, "_x": -1, "_y": 1}, {"_time": 110.308, "_x": -1, "_y": 0}, {"_time": 110.335, "_x": -1, "_y": -1}, {"_time": 110.607, "_x": 1, "_y": -1}, {"_time": 110.635, "_x": 1, "_y": 0}, {"_time": 110.662, "_x": 0, "_y": 1}, {"_time": 110.935, "_x": -1, "_y": -1}, {"_time": 110.962, "_x": 0, "_y": -1}, {"_time": 110.989, "_x": 1, "_y": 0}, {"_time": 111.153, "_x": -1, "_y": 0}, {"_time": 111.207, "_x": 1, "_y": 1}, {"_time": 111.262, "_x": 0, "_y": -1}, {"_time": 111.289, "_x": 0, "_y": -1}, {"_time": 111.316, "_x": 0, "_y": 1}, {"_time": 111.343, "_x": 0, "_y": 1}, {"_time": 111.371, "_x": -1, "_y": -1}, {"_time": 111.426, "_x": -1, "_y": 1}, {"_time": 111.48, "_x": 1, "_y": -1}, {"_time": 111.507, "_x": 1, "_y": -1}, {"_time": 111.535, "_x": -1, "_y": 0}, {"_time": 111.562, "_x": -1, "_y": 0}, {"_time": 111.589, "_x": 1, "_y": 0}, {"_time": 111.644, "_x": -1, "_y": -1}, {"_time": 111.698, "_x": 0, "_y": 1}, {"_time": 111.753, "_x": 0, "_y": -1}, {"_time": 111.807, "_x": -1, "_y": 1}, {"_time": 111.835, "_x": -1, "_y": 1}, {"_time": 111.862, "_x": 1, "_y": -1}, {"_time": 111.89, "_x": 1, "_y": -1}, {"_time": 111.916, "_x": 0, "_y": 1}, {"_time": 111.944, "_x": 0, "_y": 1}, {"_time": 111.971, "_x": -1, "_y": -1}, {"_time": 111.999, "_x": -1, "_y": -1}, {"_time": 112.026, "_x": -1, "_y": 1}, {"_time": 112.08, "_x": 0, "_y": -1}, {"_time": 112.135, "_x": -1, "_y": 1}, {"_time": 112.189, "_x": 0, "_y": -1}, {"_time": 112.244, "_x": -1, "_y": 1}, {"_time": 112.298, "_x": 1, "_y": -1}, {"_time": 112.353, "_x": -1, "_y": 1}, {"_time": 112.38, "_x": -1, "_y": 1}, {"_time": 112.407, "_x": 1, "_y": -1}, {"_time": 112.434, "_x": 1, "_y": -1}, {"_time": 112.462, "_x": -1, "_y": 0}, {"_time": 112.516, "_x": 1, "_y": 1}, {"_time": 112.571, "_x": 0, "_y": -1}, {"_time": 112.598, "_x": 0, "_y": -1}, {"_time": 112.626, "_x": -1, "_y": 1}, {"_time": 112.653, "_x": -1, "_y": 1}, {"_time": 112.68, "_x": 1, "_y": 0}, {"_time": 112.707, "_x": 1, "_y": 0}, {"_time": 112.735, "_x": -1, "_y": -1}, {"_time": 112.762, "_x": -1, "_y": -1}, {"_time": 112.789, "_x": 0, "_y": 1}, {"_time": 112.844, "_x": 0, "_y": -1}, {"_time": 112.898, "_x": -1, "_y": 1}, {"_time": 112.953, "_x": 1, "_y": -1}, {"_time": 113.007, "_x": -1, "_y": 0}, {"_time": 113.062, "_x": 1, "_y": 1}, {"_time": 113.089, "_x": 1, "_y": 1}, {"_time": 113.116, "_x": -1, "_y": 1}, {"_time": 113.143, "_x": -1, "_y": 1}, {"_time": 113.171, "_x": 1, "_y": 0}, {"_time": 113.226, "_x": -1, "_y": -1}, {"_time": 113.28, "_x": 0, "_y": 1}, {"_time": 113.335, "_x": 0, "_y": -1}, {"_time": 113.389, "_x": -1, "_y": 1}, {"_time": 113.444, "_x": 1, "_y": -1}, {"_time": 113.498, "_x": -1, "_y": 0}, {"_time": 113.553, "_x": 1, "_y": 0}, {"_time": 113.607, "_x": -1, "_y": -1}, {"_time": 113.662, "_x": 0, "_y": 1}, {"_time": 113.716, "_x": 0, "_y": -1}, {"_time": 113.771, "_x": -1, "_y": 1}, {"_time": 113.798, "_x": 0, "_y": 1}, {"_time": 113.826, "_x": 1, "_y": 0}, {"_time": 114.535, "_x": -1, "_y": -1}, {"_time": 114.644, "_x": 1, "_y": -1}, {"_time": 114.658, "_x": 1, "_y": -1}, {"_time": 114.671, "_x": 1, "_y": 1}, {"_time": 114.685, "_x": 1, "_y": 1}, {"_time": 114.698, "_x": -1, "_y": 1}, {"_time": 114.712, "_x": -1, "_y": 1}, {"_time": 114.726, "_x": -1, "_y": -1}, {"_time": 114.74, "_x": -1, "_y": -1}, {"_time": 114.753, "_x": 1, "_y": -1}, {"_time": 114.767, "_x": 1, "_y": -1}, {"_time": 114.78, "_x": 1, "_y": 1}, {"_time": 114.794, "_x": 1, "_y": 1}, {"_time": 114.807, "_x": -1, "_y": 1}, {"_time": 114.821, "_x": -1, "_y": 1}, {"_time": 114.835, "_x": -1, "_y": -1}, {"_time": 114.849, "_x": -1, "_y": -1}, {"_time": 114.862, "_x": 1, "_y": -1}, {"_time": 114.876, "_x": 1, "_y": -1}, {"_time": 114.889, "_x": 1, "_y": 1}, {"_time": 114.903, "_x": 1, "_y": 1}, {"_time": 114.916, "_x": -1, "_y": 1}, {"_time": 114.93, "_x": -1, "_y": 1}, {"_time": 114.944, "_x": -1, "_y": -1}, {"_time": 114.958, "_x": -1, "_y": -1}, {"_time": 114.971, "_x": 1, "_y": -1}, {"_time": 114.985, "_x": 1, "_y": -1}, {"_time": 114.998, "_x": 1, "_y": 1}, {"_time": 115.012, "_x": 1, "_y": 1}, {"_time": 115.025, "_x": -1, "_y": 1}, {"_time": 115.039, "_x": -1, "_y": 1}, {"_time": 115.053, "_x": -1, "_y": -1}, {"_time": 115.067, "_x": -1, "_y": -1}, {"_time": 115.08, "_x": 0, "_y": -1}, {"_time": 115.094, "_x": 0, "_y": -1}, {"_time": 115.108, "_x": 1, "_y": 0}, {"_time": 115.122, "_x": 1, "_y": 0}, {"_time": 115.135, "_x": 0, "_y": 1}, {"_time": 115.149, "_x": 0, "_y": 1}, {"_time": 115.162, "_x": -1, "_y": 0}, {"_time": 115.176, "_x": -1, "_y": 0}, {"_time": 115.189, "_x": 0, "_y": -1}, {"_time": 115.203, "_x": 0, "_y": -1}, {"_time": 115.217, "_x": 1, "_y": 0}, {"_time": 115.231, "_x": 1, "_y": 0}, {"_time": 115.244, "_x": 0, "_y": 1}, {"_time": 115.258, "_x": 0, "_y": 1}, {"_time": 115.271, "_x": -1, "_y": 0}, {"_time": 115.285, "_x": -1, "_y": 0}, {"_time": 115.298, "_x": 0, "_y": -1}, {"_time": 115.312, "_x": 0, "_y": -1}, {"_time": 115.326, "_x": 1, "_y": 0}, {"_time": 115.34, "_x": 1, "_y": 0}, {"_time": 115.353, "_x": 0, "_y": 1}, {"_time": 115.367, "_x": 0, "_y": 1}, {"_time": 115.38, "_x": -1, "_y": 0}, {"_time": 115.394, "_x": -1, "_y": 0}, {"_time": 115.408, "_x": 0, "_y": -1}, {"_time": 115.422, "_x": 0, "_y": -1}, {"_time": 115.436, "_x": 1, "_y": 0}, {"_time": 115.45, "_x": 1, "_y": 0}, {"_time": 115.463, "_x": 0, "_y": 1}, {"_time": 115.477, "_x": 0, "_y": 1}, {"_time": 115.49, "_x": -1, "_y": 0}, {"_time": 115.504, "_x": -1, "_y": 0}, {"_time": 115.517, "_x": 0, "_y": -1}, {"_time": 115.531, "_x": 0, "_y": -1}, {"_time": 115.571, "_x": -1, "_y": 1}, {"_time": 115.626, "_x": -1, "_y": -1}, {"_time": 115.679, "_x": 0, "_y": 1}, {"_time": 115.734, "_x": 0, "_y": -1}, {"_time": 115.761, "_x": 0, "_y": -1}, {"_time": 115.788, "_x": -1, "_y": 1}, {"_time": 115.815, "_x": -1, "_y": 1}, {"_time": 115.843, "_x": 1, "_y": -1}, {"_time": 115.87, "_x": 1, "_y": -1}, {"_time": 115.897, "_x": -1, "_y": 0}, {"_time": 115.924, "_x": -1, "_y": 0}, {"_time": 115.952, "_x": 1, "_y": 1}, {"_time": 115.979, "_x": 1, "_y": 1}, {"_time": 116.007, "_x": 0, "_y": -1}, {"_time": 116.061, "_x": 0, "_y": 1}, {"_time": 116.116, "_x": -1, "_y": -1}, {"_time": 116.17, "_x": 1, "_y": 0}, {"_time": 116.197, "_x": 1, "_y": 0}, {"_time": 116.225, "_x": -1, "_y": 1}, {"_time": 116.252, "_x": -1, "_y": 1}, {"_time": 116.279, "_x": 0, "_y": -1}, {"_time": 116.334, "_x": 0, "_y": 1}, {"_time": 116.388, "_x": -1, "_y": -1}, {"_time": 116.443, "_x": -1, "_y": 1}, {"_time": 116.47, "_x": -1, "_y": 1}, {"_time": 116.497, "_x": 1, "_y": -1}, {"_time": 116.524, "_x": 1, "_y": -1}, {"_time": 116.552, "_x": -1, "_y": 0}, {"_time": 116.607, "_x": 1, "_y": 1}, {"_time": 116.634, "_x": 1, "_y": 1}, {"_time": 116.661, "_x": 0, "_y": -1}, {"_time": 116.688, "_x": 0, "_y": -1}, {"_time": 116.716, "_x": 0, "_y": 1}, {"_time": 116.743, "_x": 0, "_y": 1}, {"_time": 116.77, "_x": -1, "_y": -1}, {"_time": 116.797, "_x": -1, "_y": -1}, {"_time": 116.825, "_x": 1, "_y": 0}, {"_time": 116.879, "_x": -1, "_y": 1}, {"_time": 116.934, "_x": 0, "_y": -1}, {"_time": 116.988, "_x": 0, "_y": 1}, {"_time": 117.043, "_x": -1, "_y": -1}, {"_time": 117.07, "_x": -1, "_y": -1}, {"_time": 117.097, "_x": -1, "_y": 1}, {"_time": 117.124, "_x": -1, "_y": 1}, {"_time": 117.152, "_x": 1, "_y": -1}, {"_time": 117.179, "_x": 1, "_y": -1}, {"_time": 117.207, "_x": -1, "_y": 0}, {"_time": 117.234, "_x": -1, "_y": 0}, {"_time": 117.261, "_x": 1, "_y": 1}, {"_time": 117.288, "_x": 1, "_y": 1}, {"_time": 117.316, "_x": 0, "_y": -1}, {"_time": 117.343, "_x": 0, "_y": -1}, {"_time": 117.589, "_x": -1, "_y": 1}, {"_time": 117.616, "_x": 0, "_y": 1}, {"_time": 117.644, "_x": 1, "_y": 0}, {"_time": 117.916, "_x": 1, "_y": -1}, {"_time": 117.944, "_x": 0, "_y": -1}, {"_time": 117.971, "_x": -1, "_y": 0}, {"_time": 118.135, "_x": 1, "_y": 1}, {"_time": 118.19, "_x": -1, "_y": 0}, {"_time": 118.244, "_x": 1, "_y": -1}, {"_time": 118.271, "_x": 1, "_y": -1}, {"_time": 118.299, "_x": 0, "_y": 1}, {"_time": 118.326, "_x": 0, "_y": 1}, {"_time": 118.353, "_x": 0, "_y": -1}, {"_time": 118.408, "_x": -1, "_y": 1}, {"_time": 118.462, "_x": 1, "_y": 0}, {"_time": 118.49, "_x": 1, "_y": 0}, {"_time": 118.517, "_x": -1, "_y": -1}, {"_time": 118.545, "_x": -1, "_y": -1}, {"_time": 118.571, "_x": 0, "_y": 1}, {"_time": 118.626, "_x": 0, "_y": -1}, {"_time": 118.68, "_x": -1, "_y": 1}, {"_time": 118.735, "_x": 1, "_y": -1}, {"_time": 118.762, "_x": 1, "_y": -1}, {"_time": 118.79, "_x": -1, "_y": 0}, {"_time": 118.817, "_x": -1, "_y": 0}, {"_time": 118.844, "_x": 1, "_y": 1}, {"_time": 118.871, "_x": 1, "_y": 1}, {"_time": 118.899, "_x": -1, "_y": -1}, {"_time": 118.953, "_x": 0, "_y": 1}, {"_time": 119.008, "_x": 0, "_y": -1}, {"_time": 119.035, "_x": 0, "_y": -1}, {"_time": 119.062, "_x": -1, "_y": 1}, {"_time": 119.117, "_x": 1, "_y": 0}, {"_time": 119.171, "_x": -1, "_y": -1}, {"_time": 119.199, "_x": -1, "_y": -1}, {"_time": 119.226, "_x": 0, "_y": 1}, {"_time": 119.28, "_x": 0, "_y": -1}, {"_time": 119.308, "_x": 0, "_y": -1}, {"_time": 119.335, "_x": -1, "_y": 1}, {"_time": 119.363, "_x": -1, "_y": 1}, {"_time": 119.39, "_x": 1, "_y": -1}, {"_time": 119.418, "_x": 1, "_y": -1}, {"_time": 119.444, "_x": -1, "_y": 0}, {"_time": 119.499, "_x": 1, "_y": 1}, {"_time": 119.526, "_x": 1, "_y": 1}, {"_time": 119.553, "_x": 0, "_y": -1}, {"_time": 119.58, "_x": 0, "_y": -1}, {"_time": 119.608, "_x": 0, "_y": 1}, {"_time": 119.635, "_x": 0, "_y": 1}, {"_time": 119.662, "_x": -1, "_y": -1}, {"_time": 119.689, "_x": -1, "_y": -1}, {"_time": 119.717, "_x": 1, "_y": 0}, {"_time": 119.771, "_x": -1, "_y": 1}, {"_time": 119.799, "_x": -1, "_y": 1}, {"_time": 119.826, "_x": 0, "_y": -1}, {"_time": 119.88, "_x": 0, "_y": 1}, {"_time": 119.908, "_x": 0, "_y": 1}, {"_time": 119.935, "_x": -1, "_y": -1}, {"_time": 119.99, "_x": 1, "_y": 1}, {"_time": 120.017, "_x": 1, "_y": 1}, {"_time": 120.044, "_x": -1, "_y": 1}, {"_time": 120.071, "_x": -1, "_y": 1}, {"_time": 120.099, "_x": 1, "_y": 0}, {"_time": 120.153, "_x": -1, "_y": -1}, {"_time": 120.208, "_x": 0, "_y": 1}, {"_time": 120.235, "_x": 0, "_y": 1}, {"_time": 120.262, "_x": 1, "_y": -1}, {"_time": 120.289, "_x": 1, "_y": -1}, {"_time": 120.317, "_x": -1, "_y": 0}, {"_time": 120.371, "_x": 1, "_y": 1}, {"_time": 120.426, "_x": -1, "_y": 1}, {"_time": 120.48, "_x": 1, "_y": 0}, {"_time": 120.535, "_x": -1, "_y": -1}, {"_time": 120.59, "_x": 0, "_y": 1}, {"_time": 120.644, "_x": 0, "_y": -1}, {"_time": 120.699, "_x": -1, "_y": 1}, {"_time": 120.753, "_x": 1, "_y": -1}, {"_time": 120.78, "_x": 1, "_y": 0}, {"_time": 120.808, "_x": 1, "_y": 1}, {"_time": 121.08, "_x": -1, "_y": 0}, {"_time": 121.108, "_x": -1, "_y": 0}, {"_time": 121.135, "_x": 1, "_y": 0}, {"_time": 121.163, "_x": 1, "_y": 0}, {"_time": 121.19, "_x": -1, "_y": -1}, {"_time": 121.244, "_x": 0, "_y": 1}, {"_time": 121.271, "_x": 0, "_y": 1}, {"_time": 121.299, "_x": 0, "_y": -1}, {"_time": 121.326, "_x": 0, "_y": -1}, {"_time": 121.353, "_x": -1, "_y": 1}, {"_time": 121.38, "_x": -1, "_y": 1}, {"_time": 121.408, "_x": 1, "_y": -1}, {"_time": 121.435, "_x": 1, "_y": -1}, {"_time": 121.462, "_x": -1, "_y": 0}, {"_time": 121.517, "_x": 1, "_y": 1}, {"_time": 121.571, "_x": 0, "_y": -1}, {"_time": 121.626, "_x": 0, "_y": 1}, {"_time": 121.68, "_x": -1, "_y": -1}, {"_time": 121.708, "_x": -1, "_y": -1}, {"_time": 121.735, "_x": -1, "_y": 1}, {"_time": 121.763, "_x": -1, "_y": 1}, {"_time": 121.79, "_x": 1, "_y": 0}, {"_time": 121.844, "_x": -1, "_y": 0}, {"_time": 121.899, "_x": 1, "_y": -1}, {"_time": 121.953, "_x": 0, "_y": 1}, {"_time": 121.98, "_x": 0, "_y": 1}, {"_time": 122.008, "_x": 0, "_y": -1}, {"_time": 122.035, "_x": 0, "_y": -1}, {"_time": 122.062, "_x": -1, "_y": 1}, {"_time": 122.117, "_x": -1, "_y": -1}, {"_time": 122.171, "_x": 1, "_y": 1}, {"_time": 122.226, "_x": -1, "_y": 0}, {"_time": 122.253, "_x": -1, "_y": 0}, {"_time": 122.28, "_x": 1, "_y": 0}, {"_time": 122.307, "_x": 1, "_y": 0}, {"_time": 122.335, "_x": -1, "_y": 1}, {"_time": 122.39, "_x": 0, "_y": -1}, {"_time": 122.444, "_x": 0, "_y": 1}, {"_time": 122.471, "_x": 0, "_y": 1}, {"_time": 122.499, "_x": -1, "_y": -1}, {"_time": 122.553, "_x": -1, "_y": 1}, {"_time": 122.608, "_x": 1, "_y": -1}, {"_time": 122.635, "_x": 1, "_y": -1}, {"_time": 122.662, "_x": -1, "_y": 0}, {"_time": 122.689, "_x": -1, "_y": 0}, {"_time": 122.717, "_x": 1, "_y": 1}, {"_time": 122.744, "_x": 1, "_y": 1}, {"_time": 122.771, "_x": -1, "_y": 1}, {"_time": 122.798, "_x": -1, "_y": 1}, {"_time": 122.826, "_x": 1, "_y": 0}, {"_time": 122.853, "_x": 1, "_y": 0}, {"_time": 122.88, "_x": -1, "_y": -1}, {"_time": 122.935, "_x": 0, "_y": 1}, {"_time": 122.99, "_x": 0, "_y": -1}, {"_time": 123.044, "_x": -1, "_y": 1}, {"_time": 123.099, "_x": 1, "_y": -1}, {"_time": 123.153, "_x": -1, "_y": 0}, {"_time": 123.208, "_x": 1, "_y": 1}, {"_time": 123.262, "_x": -1, "_y": 1}, {"_time": 123.317, "_x": 1, "_y": 0}, {"_time": 123.371, "_x": -1, "_y": -1}, {"_time": 123.426, "_x": 0, "_y": 1}, {"_time": 123.48, "_x": 0, "_y": -1}, {"_time": 123.508, "_x": 0, "_y": -1}, {"_time": 123.535, "_x": -1, "_y": 1}, {"_time": 123.563, "_x": -1, "_y": 1}, {"_time": 123.59, "_x": 1, "_y": -1}, {"_time": 123.618, "_x": 1, "_y": -1}, {"_time": 123.644, "_x": -1, "_y": 0}, {"_time": 123.699, "_x": 1, "_y": 0}, {"_time": 123.753, "_x": -1, "_y": -1}, {"_time": 123.808, "_x": 0, "_y": 1}, {"_time": 123.835, "_x": 0, "_y": 1}, {"_time": 123.862, "_x": 0, "_y": -1}, {"_time": 123.889, "_x": 0, "_y": -1}, {"_time": 123.917, "_x": -1, "_y": 1}, {"_time": 123.971, "_x": 1, "_y": -1}, {"_time": 124.026, "_x": -1, "_y": 0}, {"_time": 124.053, "_x": -1, "_y": 0}, {"_time": 124.08, "_x": 1, "_y": 1}, {"_time": 124.107, "_x": 1, "_y": 1}, {"_time": 124.135, "_x": -1, "_y": -1}, {"_time": 124.162, "_x": -1, "_y": -1}, {"_time": 124.19, "_x": 0, "_y": 1}, {"_time": 124.217, "_x": 0, "_y": 1}, {"_time": 124.244, "_x": -1, "_y": 1}, {"_time": 124.272, "_x": -1, "_y": 0}, {"_time": 124.299, "_x": -1, "_y": -1}, {"_time": 124.571, "_x": 1, "_y": -1}, {"_time": 124.599, "_x": 1, "_y": 0}, {"_time": 124.626, "_x": 0, "_y": 1}, {"_time": 124.899, "_x": -1, "_y": -1}, {"_time": 124.926, "_x": 0, "_y": -1}, {"_time": 124.953, "_x": 1, "_y": 0}, {"_time": 125.117, "_x": -1, "_y": 0}, {"_time": 125.171, "_x": 1, "_y": 1}, {"_time": 125.226, "_x": 0, "_y": -1}, {"_time": 125.253, "_x": 0, "_y": -1}, {"_time": 125.28, "_x": 0, "_y": 1}, {"_time": 125.307, "_x": 0, "_y": 1}, {"_time": 125.335, "_x": -1, "_y": -1}, {"_time": 125.39, "_x": -1, "_y": 1}, {"_time": 125.444, "_x": 1, "_y": -1}, {"_time": 125.471, "_x": 1, "_y": -1}, {"_time": 125.499, "_x": -1, "_y": 0}, {"_time": 125.526, "_x": -1, "_y": 0}, {"_time": 125.553, "_x": 1, "_y": 0}, {"_time": 125.608, "_x": -1, "_y": -1}, {"_time": 125.662, "_x": 0, "_y": 1}, {"_time": 125.717, "_x": 0, "_y": -1}, {"_time": 125.771, "_x": -1, "_y": 1}, {"_time": 125.799, "_x": -1, "_y": 1}, {"_time": 125.826, "_x": 1, "_y": -1}, {"_time": 125.854, "_x": 1, "_y": -1}, {"_time": 125.88, "_x": 0, "_y": 1}, {"_time": 125.908, "_x": 0, "_y": 1}, {"_time": 125.935, "_x": -1, "_y": -1}, {"_time": 125.963, "_x": -1, "_y": -1}, {"_time": 125.99, "_x": -1, "_y": 1}, {"_time": 126.044, "_x": 0, "_y": -1}, {"_time": 126.099, "_x": -1, "_y": 1}, {"_time": 126.153, "_x": 0, "_y": -1}, {"_time": 126.208, "_x": -1, "_y": 1}, {"_time": 126.262, "_x": 1, "_y": -1}, {"_time": 126.317, "_x": -1, "_y": 1}, {"_time": 126.344, "_x": -1, "_y": 1}, {"_time": 126.371, "_x": 1, "_y": -1}, {"_time": 126.398, "_x": 1, "_y": -1}, {"_time": 126.426, "_x": -1, "_y": 0}, {"_time": 126.48, "_x": 1, "_y": 1}, {"_time": 126.535, "_x": 0, "_y": -1}, {"_time": 126.562, "_x": 0, "_y": -1}, {"_time": 126.59, "_x": -1, "_y": 1}, {"_time": 126.617, "_x": -1, "_y": 1}, {"_time": 126.644, "_x": 1, "_y": 0}, {"_time": 126.671, "_x": 1, "_y": 0}, {"_time": 126.699, "_x": -1, "_y": -1}, {"_time": 126.726, "_x": -1, "_y": -1}, {"_time": 126.753, "_x": 0, "_y": 1}, {"_time": 126.808, "_x": 0, "_y": -1}, {"_time": 126.862, "_x": -1, "_y": 1}, {"_time": 126.917, "_x": 1, "_y": -1}, {"_time": 126.971, "_x": 1, "_y": 1}, {"_time": 127.026, "_x": 1, "_y": -1}, {"_time": 127.08, "_x": 1, "_y": 1}, {"_time": 127.135, "_x": 1, "_y": -1}, {"_time": 127.19, "_x": -1, "_y": -1}, {"_time": 127.216, "_x": -1, "_y": -1}, {"_time": 127.244, "_x": 0, "_y": 1}, {"_time": 127.27, "_x": 0, "_y": 1}, {"_time": 127.299, "_x": 0, "_y": -1}, {"_time": 127.325, "_x": 0, "_y": -1}, {"_time": 127.353, "_x": -1, "_y": 1}, {"_time": 127.379, "_x": -1, "_y": 1}, {"_time": 127.408, "_x": 1, "_y": -1}, {"_time": 127.434, "_x": 1, "_y": -1}, {"_time": 127.462, "_x": -1, "_y": 0}, {"_time": 127.488, "_x": -1, "_y": 0}, {"_time": 127.517, "_x": 1, "_y": 0}, {"_time": 127.543, "_x": 1, "_y": 0}, {"_time": 127.571, "_x": -1, "_y": -1}, {"_time": 127.597, "_x": -1, "_y": -1}, {"_time": 127.626, "_x": 0, "_y": 1}, {"_time": 127.652, "_x": 0, "_y": 1}, {"_time": 127.68, "_x": 0, "_y": -1}, {"_time": 127.706, "_x": 0, "_y": -1}, {"_time": 127.735, "_x": -1, "_y": 1}]}