{"_approachDistance": 50, "_approachTime": 1, "_name": "Zitronitro Ver.", "_notes": [{"_time": 0.326, "_x": -1, "_y": 1}, {"_time": 4.035, "_x": 1, "_y": 0}, {"_time": 5.888, "_x": -1, "_y": -1}, {"_time": 7.634, "_x": 0, "_y": 1}, {"_time": 11.235, "_x": -1, "_y": -1}, {"_time": 12.762, "_x": 1, "_y": 1}, {"_time": 14.289, "_x": -1, "_y": 0}, {"_time": 14.507, "_x": 1, "_y": 0}, {"_time": 14.726, "_x": -1, "_y": 0}, {"_time": 14.943, "_x": 1, "_y": 0}, {"_time": 15.161, "_x": -1, "_y": 0}, {"_time": 15.379, "_x": 1, "_y": 0}, {"_time": 15.598, "_x": -1, "_y": 0}, {"_time": 15.815, "_x": 1, "_y": 0}, {"_time": 15.925, "_x": -1, "_y": 1}, {"_time": 16.034, "_x": 0, "_y": -1}, {"_time": 16.252, "_x": 0, "_y": 1}, {"_time": 16.47, "_x": 0, "_y": -1}, {"_time": 16.688, "_x": 0, "_y": 1}, {"_time": 16.906, "_x": 0, "_y": -1}, {"_time": 17.124, "_x": 0, "_y": 1}, {"_time": 17.342, "_x": 0, "_y": -1}, {"_time": 17.56, "_x": 0, "_y": 1}, {"_time": 17.67, "_x": -1, "_y": -1}, {"_time": 17.725, "_x": -1, "_y": -1}, {"_time": 17.779, "_x": 1, "_y": 0}, {"_time": 17.998, "_x": -1, "_y": 1}, {"_time": 18.215, "_x": 1, "_y": 0}, {"_time": 18.434, "_x": -1, "_y": 1}, {"_time": 18.652, "_x": 1, "_y": 0}, {"_time": 18.871, "_x": -1, "_y": 1}, {"_time": 19.088, "_x": 1, "_y": 0}, {"_time": 19.307, "_x": -1, "_y": 1}, {"_time": 19.361, "_x": -1, "_y": 1}, {"_time": 19.415, "_x": 0, "_y": -1}, {"_time": 19.47, "_x": 0, "_y": -1}, {"_time": 19.525, "_x": 1, "_y": 1}, {"_time": 19.743, "_x": -1, "_y": 0}, {"_time": 19.961, "_x": 1, "_y": 1}, {"_time": 20.179, "_x": -1, "_y": 0}, {"_time": 20.397, "_x": 1, "_y": 1}, {"_time": 20.615, "_x": -1, "_y": 0}, {"_time": 20.833, "_x": 1, "_y": 1}, {"_time": 21.051, "_x": -1, "_y": 0}, {"_time": 21.269, "_x": 1, "_y": -1}, {"_time": 21.488, "_x": -1, "_y": 0}, {"_time": 21.706, "_x": 1, "_y": 0}, {"_time": 21.925, "_x": -1, "_y": 1}, {"_time": 22.142, "_x": 0, "_y": -1}, {"_time": 22.36, "_x": 1, "_y": 1}, {"_time": 22.578, "_x": -1, "_y": 0}, {"_time": 22.797, "_x": 1, "_y": -1}, {"_time": 23.015, "_x": 0, "_y": 1}, {"_time": 23.234, "_x": 0, "_y": -1}, {"_time": 23.451, "_x": 1, "_y": 1}, {"_time": 23.669, "_x": -1, "_y": 0}, {"_time": 23.888, "_x": 1, "_y": -1}, {"_time": 24.106, "_x": 0, "_y": 1}, {"_time": 24.324, "_x": 0, "_y": -1}, {"_time": 24.542, "_x": -1, "_y": 1}, {"_time": 24.76, "_x": 1, "_y": 0}, {"_time": 24.869, "_x": -1, "_y": -1}, {"_time": 24.978, "_x": 0, "_y": 1}, {"_time": 25.088, "_x": 1, "_y": -1}, {"_time": 25.197, "_x": -1, "_y": 0}, {"_time": 25.306, "_x": 1, "_y": 0}, {"_time": 25.415, "_x": -1, "_y": 1}, {"_time": 25.524, "_x": 0, "_y": -1}, {"_time": 25.633, "_x": 1, "_y": 1}, {"_time": 25.742, "_x": -1, "_y": 0}, {"_time": 25.851, "_x": 1, "_y": -1}, {"_time": 25.96, "_x": 0, "_y": 1}, {"_time": 26.069, "_x": 0, "_y": -1}, {"_time": 26.178, "_x": 1, "_y": 1}, {"_time": 26.288, "_x": -1, "_y": 0}, {"_time": 26.397, "_x": 1, "_y": -1}, {"_time": 26.451, "_x": 1, "_y": 0}, {"_time": 26.506, "_x": 1, "_y": 1}, {"_time": 26.56, "_x": 0, "_y": 1}, {"_time": 26.615, "_x": -1, "_y": 1}, {"_time": 26.669, "_x": -1, "_y": 0}, {"_time": 26.724, "_x": -1, "_y": -1}, {"_time": 26.778, "_x": 0, "_y": -1}, {"_time": 26.833, "_x": 0, "_y": 0}, {"_time": 26.888, "_x": 0, "_y": 1}, {"_time": 26.942, "_x": 1, "_y": 1}, {"_time": 26.997, "_x": 1, "_y": 0}, {"_time": 27.051, "_x": 1, "_y": -1}, {"_time": 27.106, "_x": 0, "_y": -1}, {"_time": 27.16, "_x": -1, "_y": -1}, {"_time": 27.215, "_x": -1, "_y": 0}, {"_time": 27.269, "_x": 0, "_y": 0}, {"_time": 27.324, "_x": 1, "_y": 0}, {"_time": 27.379, "_x": 1, "_y": 1}, {"_time": 27.406, "_x": 1, "_y": 1}, {"_time": 27.433, "_x": 0, "_y": 1}, {"_time": 27.46, "_x": 0, "_y": 1}, {"_time": 27.488, "_x": -1, "_y": 1}, {"_time": 27.515, "_x": -1, "_y": 1}, {"_time": 27.542, "_x": -1, "_y": 0}, {"_time": 27.569, "_x": -1, "_y": 0}, {"_time": 27.597, "_x": -1, "_y": -1}, {"_time": 27.624, "_x": -1, "_y": -1}, {"_time": 27.651, "_x": 0, "_y": -1}, {"_time": 27.678, "_x": 0, "_y": -1}, {"_time": 27.706, "_x": 1, "_y": -1}, {"_time": 27.733, "_x": 1, "_y": -1}, {"_time": 27.76, "_x": 1, "_y": 0}, {"_time": 27.787, "_x": 1, "_y": 0}, {"_time": 27.815, "_x": 1, "_y": 1}, {"_time": 27.842, "_x": 1, "_y": 1}, {"_time": 27.869, "_x": 0, "_y": 1}, {"_time": 27.896, "_x": 0, "_y": 1}, {"_time": 27.924, "_x": -1, "_y": 1}, {"_time": 27.951, "_x": -1, "_y": 1}, {"_time": 27.978, "_x": -1, "_y": 0}, {"_time": 28.006, "_x": -1, "_y": 0}, {"_time": 28.033, "_x": 0, "_y": 0}, {"_time": 28.06, "_x": 0, "_y": 0}, {"_time": 28.088, "_x": 1, "_y": 0}, {"_time": 28.115, "_x": 1, "_y": 0}, {"_time": 28.142, "_x": 1, "_y": -1}, {"_time": 28.169, "_x": 1, "_y": -1}, {"_time": 29.888, "_x": -1, "_y": 1}, {"_time": 29.901, "_x": -1, "_y": 1}, {"_time": 29.915, "_x": -1, "_y": 1}, {"_time": 29.928, "_x": -1, "_y": 1}, {"_time": 29.942, "_x": -1, "_y": 0}, {"_time": 29.955, "_x": -1, "_y": 0}, {"_time": 29.969, "_x": -1, "_y": 0}, {"_time": 29.982, "_x": -1, "_y": 0}, {"_time": 29.997, "_x": -1, "_y": -1}, {"_time": 30.01, "_x": -1, "_y": -1}, {"_time": 30.024, "_x": -1, "_y": -1}, {"_time": 30.037, "_x": -1, "_y": -1}, {"_time": 30.078, "_x": 0, "_y": -1}, {"_time": 30.091, "_x": 0, "_y": -1}, {"_time": 30.106, "_x": 0, "_y": -1}, {"_time": 30.119, "_x": 0, "_y": -1}, {"_time": 30.16, "_x": 1, "_y": -1}, {"_time": 30.173, "_x": 1, "_y": -1}, {"_time": 30.188, "_x": 1, "_y": -1}, {"_time": 30.201, "_x": 1, "_y": -1}, {"_time": 30.324, "_x": 1, "_y": 1}, {"_time": 30.35, "_x": 0, "_y": 1}, {"_time": 30.378, "_x": -1, "_y": 1}, {"_time": 30.405, "_x": -1, "_y": 0}, {"_time": 30.432, "_x": 0, "_y": 0}, {"_time": 30.459, "_x": 1, "_y": 0}, {"_time": 30.486, "_x": 1, "_y": -1}, {"_time": 30.514, "_x": 0, "_y": -1}, {"_time": 30.541, "_x": -1, "_y": -1}, {"_time": 30.569, "_x": -1, "_y": 0}, {"_time": 30.597, "_x": -1, "_y": 1}, {"_time": 30.624, "_x": 0, "_y": 1}, {"_time": 30.651, "_x": 0, "_y": 0}, {"_time": 30.678, "_x": 0, "_y": -1}, {"_time": 30.706, "_x": 1, "_y": -1}, {"_time": 30.733, "_x": 1, "_y": 0}, {"_time": 30.76, "_x": 1, "_y": 1}, {"_time": 30.815, "_x": -1, "_y": 1}, {"_time": 30.842, "_x": -1, "_y": 0}, {"_time": 30.869, "_x": -1, "_y": -1}, {"_time": 30.924, "_x": 1, "_y": -1}, {"_time": 30.951, "_x": 1, "_y": 0}, {"_time": 30.978, "_x": 1, "_y": 1}, {"_time": 31.006, "_x": 0, "_y": 1}, {"_time": 31.033, "_x": -1, "_y": 1}, {"_time": 31.061, "_x": -1, "_y": 0}, {"_time": 31.115, "_x": 1, "_y": 0}, {"_time": 31.142, "_x": 1, "_y": -1}, {"_time": 31.169, "_x": 0, "_y": -1}, {"_time": 31.197, "_x": -1, "_y": -1}, {"_time": 31.224, "_x": -1, "_y": 0}, {"_time": 31.251, "_x": -1, "_y": 1}, {"_time": 31.278, "_x": 0, "_y": 1}, {"_time": 31.333, "_x": 0, "_y": -1}, {"_time": 31.36, "_x": 1, "_y": -1}, {"_time": 31.388, "_x": 1, "_y": 0}, {"_time": 31.415, "_x": 1, "_y": 1}, {"_time": 31.442, "_x": 0, "_y": 1}, {"_time": 31.469, "_x": -1, "_y": 1}, {"_time": 31.524, "_x": -1, "_y": -1}, {"_time": 31.551, "_x": 0, "_y": -1}, {"_time": 31.578, "_x": 1, "_y": -1}, {"_time": 31.606, "_x": 1, "_y": 0}, {"_time": 31.633, "_x": 1, "_y": 1}, {"_time": 31.688, "_x": -1, "_y": 1}, {"_time": 31.715, "_x": -1, "_y": 0}, {"_time": 31.742, "_x": -1, "_y": -1}, {"_time": 31.769, "_x": 0, "_y": -1}, {"_time": 31.797, "_x": 0, "_y": 0}, {"_time": 31.824, "_x": 0, "_y": 1}, {"_time": 31.851, "_x": 1, "_y": 1}, {"_time": 31.878, "_x": 1, "_y": 0}, {"_time": 31.906, "_x": 1, "_y": -1}, {"_time": 31.933, "_x": 1, "_y": -1}, {"_time": 31.961, "_x": 0, "_y": -1}, {"_time": 31.988, "_x": 0, "_y": -1}, {"_time": 32.016, "_x": -1, "_y": -1}, {"_time": 32.042, "_x": -1, "_y": -1}, {"_time": 32.069, "_x": -1, "_y": 0}, {"_time": 32.097, "_x": -1, "_y": 0}, {"_time": 32.124, "_x": -1, "_y": 1}, {"_time": 32.151, "_x": -1, "_y": 1}, {"_time": 32.197, "_x": 0, "_y": 1}, {"_time": 32.233, "_x": 1, "_y": 1}, {"_time": 32.261, "_x": 1, "_y": 0}, {"_time": 32.288, "_x": 0, "_y": 0}, {"_time": 32.315, "_x": -1, "_y": 0}, {"_time": 32.342, "_x": -1, "_y": -1}, {"_time": 32.37, "_x": 0, "_y": -1}, {"_time": 32.398, "_x": 1, "_y": -1}, {"_time": 32.424, "_x": 1, "_y": 0}, {"_time": 32.451, "_x": 1, "_y": 1}, {"_time": 32.478, "_x": 0, "_y": 1}, {"_time": 32.506, "_x": 0, "_y": 0}, {"_time": 32.533, "_x": 0, "_y": -1}, {"_time": 32.56, "_x": -1, "_y": -1}, {"_time": 32.588, "_x": -1, "_y": 0}, {"_time": 32.615, "_x": -1, "_y": 1}, {"_time": 32.642, "_x": 0, "_y": 1}, {"_time": 32.669, "_x": 1, "_y": 1}, {"_time": 32.725, "_x": 1, "_y": -1}, {"_time": 32.752, "_x": 0, "_y": -1}, {"_time": 32.779, "_x": -1, "_y": -1}, {"_time": 32.834, "_x": -1, "_y": 1}, {"_time": 32.861, "_x": 0, "_y": 1}, {"_time": 32.888, "_x": 1, "_y": 1}, {"_time": 32.942, "_x": 1, "_y": -1}, {"_time": 32.969, "_x": 0, "_y": -1}, {"_time": 33.024, "_x": 0, "_y": 1}, {"_time": 33.051, "_x": -1, "_y": 1}, {"_time": 33.078, "_x": -1, "_y": 0}, {"_time": 33.106, "_x": -1, "_y": -1}, {"_time": 33.133, "_x": 0, "_y": -1}, {"_time": 33.188, "_x": 0, "_y": 1}, {"_time": 33.215, "_x": 1, "_y": 1}, {"_time": 33.242, "_x": 1, "_y": 0}, {"_time": 33.269, "_x": 1, "_y": -1}, {"_time": 33.297, "_x": 0, "_y": -1}, {"_time": 33.324, "_x": -1, "_y": -1}, {"_time": 33.351, "_x": -1, "_y": 0}, {"_time": 33.378, "_x": 0, "_y": 0}, {"_time": 33.406, "_x": 1, "_y": 0}, {"_time": 33.433, "_x": 1, "_y": 1}, {"_time": 33.46, "_x": 0, "_y": 1}, {"_time": 33.488, "_x": -1.58999991, "_y": 1.04}, {"_time": 33.815, "_x": -0.0299999714, "_y": -1.51}, {"_time": 34.142, "_x": 1.48, "_y": 0.51}, {"_time": 34.36, "_x": -1, "_y": 1}, {"_time": 34.374, "_x": -1, "_y": 1}, {"_time": 34.388, "_x": -1, "_y": 0}, {"_time": 34.402, "_x": -1, "_y": 0}, {"_time": 34.415, "_x": -1, "_y": -1}, {"_time": 34.429, "_x": -1, "_y": -1}, {"_time": 34.442, "_x": 0, "_y": -1}, {"_time": 34.456, "_x": 0, "_y": -1}, {"_time": 34.497, "_x": 1, "_y": 0}, {"_time": 34.524, "_x": 1, "_y": 1}, {"_time": 34.551, "_x": 0, "_y": 1}, {"_time": 34.578, "_x": -1, "_y": 1}, {"_time": 34.606, "_x": -1, "_y": 0}, {"_time": 34.633, "_x": 0, "_y": 0}, {"_time": 34.66, "_x": 1, "_y": 0}, {"_time": 34.688, "_x": 1, "_y": -1}, {"_time": 34.715, "_x": 0, "_y": -1}, {"_time": 34.742, "_x": -1, "_y": -1}, {"_time": 34.769, "_x": -1, "_y": 0}, {"_time": 34.797, "_x": -1, "_y": 1}, {"_time": 34.824, "_x": 0, "_y": 1}, {"_time": 34.851, "_x": 0, "_y": 0}, {"_time": 34.878, "_x": 0, "_y": -1}, {"_time": 34.906, "_x": 1, "_y": -1}, {"_time": 34.933, "_x": 1, "_y": 0}, {"_time": 34.96, "_x": 1, "_y": 1}, {"_time": 35.015, "_x": -1, "_y": 1}, {"_time": 35.042, "_x": -1, "_y": 0}, {"_time": 35.07, "_x": -1, "_y": -1}, {"_time": 35.097, "_x": 0, "_y": -1}, {"_time": 35.124, "_x": 1, "_y": -1}, {"_time": 35.152, "_x": 1, "_y": 0}, {"_time": 35.178, "_x": 0, "_y": 0}, {"_time": 35.206, "_x": -1, "_y": 0}, {"_time": 35.233, "_x": -1, "_y": 1}, {"_time": 35.26, "_x": 0, "_y": 1}, {"_time": 35.288, "_x": 1, "_y": 1}, {"_time": 35.342, "_x": 1, "_y": -1}, {"_time": 35.369, "_x": 0, "_y": -1}, {"_time": 35.397, "_x": -1, "_y": -1}, {"_time": 35.451, "_x": -1, "_y": 1}, {"_time": 35.478, "_x": 0, "_y": 1}, {"_time": 35.506, "_x": 1, "_y": 1}, {"_time": 35.533, "_x": 1, "_y": 0}, {"_time": 35.56, "_x": 1, "_y": -1}, {"_time": 35.588, "_x": 0, "_y": -1}, {"_time": 35.642, "_x": 0, "_y": 1}, {"_time": 35.669, "_x": -1, "_y": 1}, {"_time": 35.697, "_x": -1, "_y": 0}, {"_time": 35.724, "_x": -1, "_y": -1}, {"_time": 35.751, "_x": 0, "_y": -1}, {"_time": 35.778, "_x": 0, "_y": 0}, {"_time": 35.806, "_x": 0, "_y": 1}, {"_time": 35.833, "_x": 1, "_y": 1}, {"_time": 35.86, "_x": 1, "_y": 0}, {"_time": 35.888, "_x": 1, "_y": -1}, {"_time": 35.915, "_x": 0, "_y": -1}, {"_time": 35.942, "_x": -1, "_y": -1}, {"_time": 35.969, "_x": -1, "_y": 0}, {"_time": 35.997, "_x": 0, "_y": 0}, {"_time": 36.024, "_x": 1, "_y": 0}, {"_time": 36.051, "_x": 1, "_y": 1}, {"_time": 36.078, "_x": 0, "_y": 1}, {"_time": 36.106, "_x": -1, "_y": 1}, {"_time": 36.16, "_x": -1, "_y": -1}, {"_time": 36.188, "_x": 0, "_y": -1}, {"_time": 36.215, "_x": 1, "_y": -1}, {"_time": 36.242, "_x": 1, "_y": 0}, {"_time": 36.269, "_x": 1, "_y": 1}, {"_time": 36.297, "_x": 0, "_y": 1}, {"_time": 36.351, "_x": 0, "_y": -1}, {"_time": 36.378, "_x": -1, "_y": -1}, {"_time": 36.406, "_x": -1, "_y": 0}, {"_time": 36.433, "_x": -1, "_y": 1}, {"_time": 36.46, "_x": 0, "_y": 1}, {"_time": 36.488, "_x": 1, "_y": 1}, {"_time": 36.515, "_x": 1, "_y": 0}, {"_time": 36.542, "_x": 0, "_y": 0}, {"_time": 36.569, "_x": -1, "_y": 0}, {"_time": 36.597, "_x": -1, "_y": -1}, {"_time": 36.624, "_x": 0, "_y": -1}, {"_time": 36.651, "_x": 1, "_y": -1}, {"_time": 36.678, "_x": 1, "_y": 0}, {"_time": 36.706, "_x": 1, "_y": 1}, {"_time": 36.733, "_x": 0, "_y": 1}, {"_time": 36.76, "_x": -1, "_y": 1}, {"_time": 36.788, "_x": -1, "_y": 0}, {"_time": 36.815, "_x": -1, "_y": -1}, {"_time": 36.842, "_x": 0, "_y": -1}, {"_time": 36.869, "_x": 0, "_y": 0}, {"_time": 36.897, "_x": 0, "_y": 1}, {"_time": 36.924, "_x": 1, "_y": 1}, {"_time": 36.951, "_x": 1, "_y": 0}, {"_time": 36.978, "_x": 1, "_y": -1}, {"_time": 37.006, "_x": 1, "_y": -1}, {"_time": 37.033, "_x": 0, "_y": -1}, {"_time": 37.06, "_x": 0, "_y": -1}, {"_time": 37.088, "_x": -1, "_y": -1}, {"_time": 37.115, "_x": -1, "_y": -1}, {"_time": 37.142, "_x": -1, "_y": 0}, {"_time": 37.169, "_x": -1, "_y": 0}, {"_time": 37.197, "_x": -1, "_y": 1}, {"_time": 37.224, "_x": -1, "_y": 1}, {"_time": 37.251, "_x": 0, "_y": 1}, {"_time": 37.278, "_x": 0, "_y": 1}, {"_time": 37.306, "_x": 1, "_y": 1}, {"_time": 37.333, "_x": 1, "_y": 1}, {"_time": 37.415, "_x": 1, "_y": -1}, {"_time": 37.442, "_x": -1, "_y": -1}, {"_time": 37.469, "_x": -1, "_y": 1}, {"_time": 37.497, "_x": 1, "_y": 1}, {"_time": 37.524, "_x": 1, "_y": -1}, {"_time": 37.551, "_x": 0, "_y": -1}, {"_time": 37.578, "_x": 0, "_y": 0}, {"_time": 37.606, "_x": 0, "_y": 1}, {"_time": 37.633, "_x": -1, "_y": 1}, {"_time": 37.66, "_x": -1, "_y": 0}, {"_time": 37.688, "_x": -1, "_y": -1}, {"_time": 37.715, "_x": 0, "_y": -1}, {"_time": 37.742, "_x": 0, "_y": 0}, {"_time": 37.769, "_x": 0, "_y": 1}, {"_time": 37.797, "_x": 1, "_y": 1}, {"_time": 37.824, "_x": 1, "_y": 0}, {"_time": 37.851, "_x": 0, "_y": 0}, {"_time": 37.878, "_x": -1, "_y": 0}, {"_time": 37.906, "_x": -1, "_y": -1}, {"_time": 37.961, "_x": 1, "_y": -1}, {"_time": 37.988, "_x": 1, "_y": 0}, {"_time": 38.015, "_x": 1, "_y": 1}, {"_time": 38.069, "_x": -1, "_y": 1}, {"_time": 38.097, "_x": -1, "_y": 0}, {"_time": 38.124, "_x": -1, "_y": -1}, {"_time": 38.178, "_x": 1, "_y": -1}, {"_time": 38.206, "_x": 1, "_y": 0}, {"_time": 38.233, "_x": 1, "_y": 1}, {"_time": 38.288, "_x": -1, "_y": 1}, {"_time": 38.315, "_x": -1, "_y": 0}, {"_time": 38.342, "_x": 0, "_y": 0}, {"_time": 38.369, "_x": 1, "_y": 0}, {"_time": 38.397, "_x": 1, "_y": -1}, {"_time": 38.424, "_x": 0, "_y": -1}, {"_time": 38.451, "_x": -1, "_y": -1}, {"_time": 38.478, "_x": -1, "_y": 0}, {"_time": 38.506, "_x": -1, "_y": 1}, {"_time": 38.533, "_x": 0, "_y": 1}, {"_time": 38.56, "_x": 1, "_y": 1}, {"_time": 38.588, "_x": 1, "_y": 0}, {"_time": 38.615, "_x": 0, "_y": 0}, {"_time": 38.642, "_x": -1, "_y": 0}, {"_time": 38.669, "_x": -1, "_y": -1}, {"_time": 38.697, "_x": 0, "_y": -1}, {"_time": 38.724, "_x": 1, "_y": -1}, {"_time": 38.751, "_x": 1, "_y": 0}, {"_time": 38.778, "_x": 1, "_y": 1}, {"_time": 38.833, "_x": -1, "_y": 1}, {"_time": 38.847, "_x": -1, "_y": 1}, {"_time": 38.86, "_x": -1, "_y": 0}, {"_time": 38.874, "_x": -1, "_y": 0}, {"_time": 38.888, "_x": -1, "_y": -1}, {"_time": 38.902, "_x": -1, "_y": -1}, {"_time": 38.915, "_x": 0, "_y": -1}, {"_time": 38.929, "_x": 0, "_y": -1}, {"_time": 38.942, "_x": 1, "_y": -1}, {"_time": 38.956, "_x": 1, "_y": -1}, {"_time": 38.969, "_x": 1, "_y": 0}, {"_time": 38.983, "_x": 1, "_y": 0}, {"_time": 38.997, "_x": 1, "_y": 1}, {"_time": 39.011, "_x": 1, "_y": 1}, {"_time": 39.024, "_x": 0, "_y": 1}, {"_time": 39.038, "_x": 0, "_y": 1}, {"_time": 39.051, "_x": -1, "_y": 1}, {"_time": 39.065, "_x": -1, "_y": 1}, {"_time": 39.078, "_x": -1, "_y": 0}, {"_time": 39.092, "_x": -1, "_y": 0}, {"_time": 39.106, "_x": 0, "_y": 0}, {"_time": 39.12, "_x": 0, "_y": 0}, {"_time": 39.133, "_x": 1, "_y": 0}, {"_time": 39.147, "_x": 1, "_y": 0}, {"_time": 39.16, "_x": 1, "_y": -1}, {"_time": 39.174, "_x": 1, "_y": -1}, {"_time": 39.215, "_x": -1, "_y": -1}, {"_time": 39.243, "_x": -1, "_y": 0}, {"_time": 39.27, "_x": -1, "_y": 1}, {"_time": 39.297, "_x": 0, "_y": 1}, {"_time": 39.324, "_x": 0, "_y": 0}, {"_time": 39.352, "_x": 0, "_y": -1}, {"_time": 39.379, "_x": 1, "_y": -1}, {"_time": 39.406, "_x": 1, "_y": 0}, {"_time": 39.434, "_x": 1, "_y": 1}, {"_time": 39.488, "_x": -1, "_y": 1}, {"_time": 39.515, "_x": -1, "_y": 0}, {"_time": 39.543, "_x": -1, "_y": -1}, {"_time": 39.569, "_x": 0, "_y": -1}, {"_time": 39.624, "_x": 0, "_y": 1}, {"_time": 39.651, "_x": 1, "_y": 1}, {"_time": 39.678, "_x": 1, "_y": 0}, {"_time": 39.706, "_x": 1, "_y": -1}, {"_time": 39.733, "_x": 0, "_y": -1}, {"_time": 39.76, "_x": -1, "_y": -1}, {"_time": 39.788, "_x": -1, "_y": 0}, {"_time": 39.815, "_x": -1, "_y": 1}, {"_time": 39.869, "_x": 1, "_y": 1}, {"_time": 39.897, "_x": 1, "_y": 0}, {"_time": 39.924, "_x": 0, "_y": 0}, {"_time": 39.951, "_x": -1, "_y": 0}, {"_time": 39.978, "_x": -1, "_y": -1}, {"_time": 40.033, "_x": 1, "_y": -1}, {"_time": 40.06, "_x": 1, "_y": 0}, {"_time": 40.088, "_x": 1, "_y": 1}, {"_time": 40.115, "_x": 0, "_y": 1}, {"_time": 40.142, "_x": -1, "_y": 1}, {"_time": 40.169, "_x": -1, "_y": 0}, {"_time": 40.224, "_x": 1, "_y": 0}, {"_time": 40.251, "_x": 1, "_y": -1}, {"_time": 40.278, "_x": 0, "_y": -1}, {"_time": 40.306, "_x": -1, "_y": -1}, {"_time": 40.333, "_x": -1, "_y": 0}, {"_time": 40.36, "_x": -1, "_y": 1}, {"_time": 40.388, "_x": 0, "_y": 1}, {"_time": 40.415, "_x": 1, "_y": 1}, {"_time": 40.442, "_x": 1, "_y": 0}, {"_time": 40.469, "_x": 1.01, "_y": -1.55}, {"_time": 40.797, "_x": -1.51, "_y": 0.01999998}, {"_time": 41.124, "_x": 1.5, "_y": 1.03}, {"_time": 41.342, "_x": 1, "_y": -1}, {"_time": 41.369, "_x": 0, "_y": -1}, {"_time": 41.397, "_x": -1, "_y": -1}, {"_time": 41.424, "_x": -1, "_y": 0}, {"_time": 41.451, "_x": -1, "_y": 1}, {"_time": 41.465, "_x": -1, "_y": 1}, {"_time": 41.478, "_x": 0, "_y": 1}, {"_time": 41.492, "_x": 0, "_y": 1}, {"_time": 41.506, "_x": 1, "_y": 1}, {"_time": 41.52, "_x": 1, "_y": 1}, {"_time": 41.533, "_x": 1, "_y": 0}, {"_time": 41.547, "_x": 1, "_y": 0}, {"_time": 41.56, "_x": 0, "_y": 0}, {"_time": 41.574, "_x": 0, "_y": 0}, {"_time": 41.588, "_x": -1, "_y": 0}, {"_time": 41.602, "_x": -1, "_y": 0}, {"_time": 41.615, "_x": -1, "_y": -1}, {"_time": 41.629, "_x": -1, "_y": -1}, {"_time": 41.642, "_x": 0, "_y": -1}, {"_time": 41.669, "_x": 1, "_y": -1}, {"_time": 41.683, "_x": 1, "_y": -1}, {"_time": 41.697, "_x": 1, "_y": 0}, {"_time": 41.711, "_x": 1, "_y": 0}, {"_time": 41.724, "_x": 1, "_y": 1}, {"_time": 41.738, "_x": 1, "_y": 1}, {"_time": 41.751, "_x": 0, "_y": 1}, {"_time": 41.765, "_x": 0, "_y": 1}, {"_time": 41.778, "_x": 0, "_y": 0}, {"_time": 41.792, "_x": 0, "_y": 0}, {"_time": 41.806, "_x": 0, "_y": -1}, {"_time": 41.82, "_x": 0, "_y": -1}, {"_time": 41.833, "_x": -1, "_y": -1}, {"_time": 41.847, "_x": -1, "_y": -1}, {"_time": 41.86, "_x": -1, "_y": 0}, {"_time": 41.874, "_x": -1, "_y": 0}, {"_time": 41.888, "_x": -1, "_y": 1}, {"_time": 41.902, "_x": -1, "_y": 1}, {"_time": 41.915, "_x": 0, "_y": 1}, {"_time": 41.942, "_x": 1, "_y": 1}, {"_time": 41.969, "_x": 1, "_y": 0}, {"_time": 41.997, "_x": 1, "_y": -1}, {"_time": 42.024, "_x": 1, "_y": -1}, {"_time": 42.051, "_x": 0, "_y": -1}, {"_time": 42.078, "_x": 0, "_y": -1}, {"_time": 42.106, "_x": -1, "_y": -1}, {"_time": 42.133, "_x": -1, "_y": -1}, {"_time": 42.16, "_x": -1, "_y": 0}, {"_time": 42.188, "_x": -1, "_y": 0}, {"_time": 42.215, "_x": -1, "_y": 1}, {"_time": 42.242, "_x": 0, "_y": 1}, {"_time": 42.269, "_x": 1, "_y": 1}, {"_time": 42.324, "_x": 1, "_y": -1}, {"_time": 42.351, "_x": 0, "_y": -1}, {"_time": 42.378, "_x": -1, "_y": -1}, {"_time": 42.434, "_x": -1, "_y": 1}, {"_time": 42.46, "_x": 0, "_y": 1}, {"_time": 42.488, "_x": 1, "_y": 1}, {"_time": 42.515, "_x": 1, "_y": 0}, {"_time": 42.542, "_x": 1, "_y": -1}, {"_time": 42.569, "_x": 0, "_y": -1}, {"_time": 42.624, "_x": 0, "_y": 1}, {"_time": 42.651, "_x": -1, "_y": 1}, {"_time": 42.678, "_x": -1, "_y": 0}, {"_time": 42.706, "_x": -1, "_y": -1}, {"_time": 42.733, "_x": 0, "_y": -1}, {"_time": 42.76, "_x": 0, "_y": 1}, {"_time": 42.788, "_x": 1, "_y": 1}, {"_time": 42.815, "_x": 1, "_y": 0}, {"_time": 42.842, "_x": 1, "_y": -1}, {"_time": 42.869, "_x": 0, "_y": -1}, {"_time": 42.897, "_x": -1, "_y": -1}, {"_time": 42.924, "_x": -1, "_y": 0}, {"_time": 42.951, "_x": 0, "_y": 0}, {"_time": 42.978, "_x": 1, "_y": 0}, {"_time": 43.006, "_x": 1, "_y": 1}, {"_time": 43.033, "_x": 0, "_y": 1}, {"_time": 43.06, "_x": -1, "_y": 1}, {"_time": 43.115, "_x": -1, "_y": -1}, {"_time": 43.142, "_x": 0, "_y": -1}, {"_time": 43.169, "_x": 1, "_y": -1}, {"_time": 43.224, "_x": 1, "_y": 1}, {"_time": 43.251, "_x": 0, "_y": 1}, {"_time": 43.278, "_x": -1, "_y": 1}, {"_time": 43.306, "_x": -1, "_y": 0}, {"_time": 43.333, "_x": 0, "_y": 0}, {"_time": 43.36, "_x": 1, "_y": 0}, {"_time": 43.388, "_x": 1, "_y": -1}, {"_time": 43.415, "_x": 0, "_y": -1}, {"_time": 43.469, "_x": 0, "_y": 1}, {"_time": 43.497, "_x": -1, "_y": 1}, {"_time": 43.524, "_x": -1, "_y": 0}, {"_time": 43.551, "_x": -1, "_y": -1}, {"_time": 43.578, "_x": 0, "_y": -1}, {"_time": 43.606, "_x": 1, "_y": -1}, {"_time": 43.633, "_x": 1, "_y": 0}, {"_time": 43.66, "_x": 1, "_y": 1}, {"_time": 43.688, "_x": 0, "_y": 1}, {"_time": 43.715, "_x": 0, "_y": 0}, {"_time": 43.742, "_x": 0, "_y": -1}, {"_time": 43.769, "_x": -1, "_y": -1}, {"_time": 43.797, "_x": -1, "_y": 0}, {"_time": 43.824, "_x": -1, "_y": 1}, {"_time": 43.851, "_x": 0, "_y": 1}, {"_time": 43.878, "_x": 1, "_y": 1}, {"_time": 43.906, "_x": 1, "_y": 0}, {"_time": 43.933, "_x": 0, "_y": -1}, {"_time": 43.96, "_x": -1, "_y": -1}, {"_time": 43.988, "_x": -1, "_y": -1}, {"_time": 44.015, "_x": -1, "_y": -1}, {"_time": 44.042, "_x": -1, "_y": 0}, {"_time": 44.069, "_x": -1, "_y": 0}, {"_time": 44.097, "_x": -1, "_y": 0}, {"_time": 44.124, "_x": -1, "_y": 1}, {"_time": 44.151, "_x": -1, "_y": 1}, {"_time": 44.178, "_x": -1, "_y": 1}, {"_time": 44.206, "_x": 0, "_y": 1}, {"_time": 44.233, "_x": 0, "_y": 1}, {"_time": 44.26, "_x": 0, "_y": 1}, {"_time": 44.288, "_x": 1, "_y": 1}, {"_time": 44.315, "_x": 1, "_y": 1}, {"_time": 44.342, "_x": 1, "_y": 1}, {"_time": 44.369, "_x": 1, "_y": 0}, {"_time": 44.397, "_x": 1, "_y": 0}, {"_time": 44.424, "_x": 1, "_y": 0}, {"_time": 44.451, "_x": 1, "_y": -1}, {"_time": 44.478, "_x": 1, "_y": -1}, {"_time": 44.506, "_x": 1, "_y": -1}, {"_time": 44.724, "_x": 1, "_y": -1}, {"_time": 44.778, "_x": -1, "_y": -1}, {"_time": 44.792, "_x": -1, "_y": -1}, {"_time": 44.806, "_x": -1, "_y": 0}, {"_time": 44.82, "_x": -1, "_y": 0}, {"_time": 44.833, "_x": -1, "_y": 1}, {"_time": 44.847, "_x": -1, "_y": 1}, {"_time": 44.86, "_x": 0, "_y": 1}, {"_time": 44.874, "_x": 0, "_y": 1}, {"_time": 44.888, "_x": 0, "_y": 0}, {"_time": 44.902, "_x": 0, "_y": 0}, {"_time": 44.915, "_x": 0, "_y": -1}, {"_time": 44.929, "_x": 0, "_y": -1}, {"_time": 44.942, "_x": 1, "_y": -1}, {"_time": 44.956, "_x": 1, "_y": -1}, {"_time": 44.969, "_x": 1, "_y": 0}, {"_time": 44.983, "_x": 1, "_y": 0}, {"_time": 44.997, "_x": 1, "_y": 1}, {"_time": 45.011, "_x": 1, "_y": 1}, {"_time": 45.024, "_x": 0, "_y": 1}, {"_time": 45.038, "_x": 0, "_y": 1}, {"_time": 45.051, "_x": -1, "_y": 1}, {"_time": 45.065, "_x": -1, "_y": 1}, {"_time": 45.078, "_x": -1, "_y": 0}, {"_time": 45.092, "_x": -1, "_y": 0}, {"_time": 45.106, "_x": 0, "_y": 0}, {"_time": 45.12, "_x": 0, "_y": 0}, {"_time": 45.133, "_x": 1, "_y": 0}, {"_time": 45.147, "_x": 1, "_y": 0}, {"_time": 45.16, "_x": 1, "_y": -1}, {"_time": 45.174, "_x": 1, "_y": -1}, {"_time": 45.188, "_x": 0, "_y": -1}, {"_time": 45.202, "_x": 0, "_y": -1}, {"_time": 45.215, "_x": -1, "_y": -1}, {"_time": 45.229, "_x": -1, "_y": -1}, {"_time": 45.242, "_x": -1, "_y": 0}, {"_time": 45.256, "_x": -1, "_y": 0}, {"_time": 45.269, "_x": -1, "_y": 1}, {"_time": 45.283, "_x": -1, "_y": 1}, {"_time": 45.297, "_x": 0, "_y": 1}, {"_time": 45.324, "_x": 0, "_y": 0}, {"_time": 45.351, "_x": 0, "_y": -1}, {"_time": 45.365, "_x": 0, "_y": -1}, {"_time": 45.378, "_x": 1, "_y": -1}, {"_time": 45.392, "_x": 1, "_y": -1}, {"_time": 45.406, "_x": 1, "_y": 0}, {"_time": 45.42, "_x": 1, "_y": 0}, {"_time": 45.433, "_x": 1, "_y": 1}, {"_time": 45.447, "_x": 1, "_y": 1}, {"_time": 45.46, "_x": 0, "_y": 1}, {"_time": 45.474, "_x": 0, "_y": 1}, {"_time": 45.488, "_x": -1, "_y": 1}, {"_time": 45.502, "_x": -1, "_y": 1}, {"_time": 45.515, "_x": -1, "_y": 0}, {"_time": 45.529, "_x": -1, "_y": 0}, {"_time": 45.542, "_x": 0, "_y": 0}, {"_time": 45.556, "_x": 0, "_y": 0}, {"_time": 45.57, "_x": 1, "_y": 0}, {"_time": 45.584, "_x": 1, "_y": 0}, {"_time": 45.597, "_x": 1, "_y": -1}, {"_time": 45.611, "_x": 1, "_y": -1}, {"_time": 45.624, "_x": 0, "_y": -1}, {"_time": 45.638, "_x": 0, "_y": -1}, {"_time": 45.651, "_x": -1, "_y": -1}, {"_time": 45.665, "_x": -1, "_y": -1}, {"_time": 45.678, "_x": -1, "_y": 0}, {"_time": 45.692, "_x": -1, "_y": 0}, {"_time": 45.706, "_x": -1, "_y": 1}, {"_time": 45.72, "_x": -1, "_y": 1}, {"_time": 45.733, "_x": 0, "_y": 1}, {"_time": 45.76, "_x": 1, "_y": 1}, {"_time": 45.788, "_x": 1, "_y": -1}, {"_time": 45.815, "_x": 0, "_y": -1}, {"_time": 45.842, "_x": -1, "_y": -1}, {"_time": 45.869, "_x": -1, "_y": 1}, {"_time": 45.924, "_x": 1, "_y": 1}, {"_time": 45.951, "_x": 1, "_y": 0}, {"_time": 45.978, "_x": 1, "_y": -1}, {"_time": 46.006, "_x": 0, "_y": -1}, {"_time": 46.033, "_x": 0, "_y": 0}, {"_time": 46.06, "_x": 0, "_y": 1}, {"_time": 46.088, "_x": -1, "_y": 1}, {"_time": 46.115, "_x": -1, "_y": 0}, {"_time": 46.142, "_x": -1, "_y": -1}, {"_time": 46.169, "_x": 0, "_y": -1}, {"_time": 46.197, "_x": 1, "_y": -1}, {"_time": 46.224, "_x": 1, "_y": 0}, {"_time": 46.251, "_x": 0, "_y": 0}, {"_time": 46.278, "_x": -1, "_y": 0}, {"_time": 46.306, "_x": -1, "_y": 1}, {"_time": 46.333, "_x": 0, "_y": 1}, {"_time": 46.36, "_x": 1, "_y": 1}, {"_time": 46.388, "_x": 1, "_y": 0}, {"_time": 46.415, "_x": 1, "_y": -1}, {"_time": 46.442, "_x": 0, "_y": -1}, {"_time": 46.469, "_x": 0, "_y": 0}, {"_time": 46.497, "_x": 0, "_y": 1}, {"_time": 46.524, "_x": -1, "_y": 1}, {"_time": 46.551, "_x": -1, "_y": 0}, {"_time": 46.578, "_x": -1, "_y": -1}, {"_time": 46.606, "_x": 0, "_y": -1}, {"_time": 46.633, "_x": 1, "_y": -1}, {"_time": 46.66, "_x": 1, "_y": 0}, {"_time": 46.715, "_x": -1, "_y": 0}, {"_time": 46.742, "_x": -1, "_y": 1}, {"_time": 46.769, "_x": 0, "_y": 1}, {"_time": 46.797, "_x": 1, "_y": 1}, {"_time": 46.851, "_x": 1, "_y": -1}, {"_time": 46.878, "_x": 0, "_y": -1}, {"_time": 46.906, "_x": -1, "_y": -1}, {"_time": 46.933, "_x": -1, "_y": 0}, {"_time": 46.96, "_x": -1, "_y": 1}, {"_time": 46.988, "_x": 0, "_y": 1}, {"_time": 47.015, "_x": 0, "_y": 0}, {"_time": 47.042, "_x": 0, "_y": -1}, {"_time": 47.069, "_x": 1, "_y": -1}, {"_time": 47.097, "_x": 1, "_y": 0}, {"_time": 47.124, "_x": 1, "_y": 1}, {"_time": 47.151, "_x": 0, "_y": 1}, {"_time": 47.178, "_x": -1, "_y": 1}, {"_time": 47.206, "_x": -1, "_y": 0}, {"_time": 47.233, "_x": 0, "_y": 0}, {"_time": 47.26, "_x": 1, "_y": 0}, {"_time": 47.288, "_x": 1, "_y": -1}, {"_time": 47.315, "_x": 0, "_y": -1}, {"_time": 47.342, "_x": -1, "_y": -1}, {"_time": 47.369, "_x": -1, "_y": 0}, {"_time": 47.397, "_x": -1, "_y": 1}, {"_time": 47.424, "_x": 0, "_y": 1}, {"_time": 47.451, "_x": 1.56, "_y": 1.02}, {"_time": 47.777, "_x": 0.00999999, "_y": -1.47}, {"_time": 48.107, "_x": -1.53, "_y": 1.52}, {"_time": 48.324, "_x": 1, "_y": 1}, {"_time": 48.338, "_x": 1, "_y": 1}, {"_time": 48.351, "_x": 1, "_y": 0}, {"_time": 48.365, "_x": 1, "_y": 0}, {"_time": 48.378, "_x": 1, "_y": -1}, {"_time": 48.392, "_x": 1, "_y": -1}, {"_time": 48.406, "_x": 0, "_y": -1}, {"_time": 48.433, "_x": -1, "_y": -1}, {"_time": 48.46, "_x": -1, "_y": 0}, {"_time": 48.488, "_x": 0, "_y": 0}, {"_time": 48.515, "_x": 1, "_y": 0}, {"_time": 48.543, "_x": 1, "_y": 1}, {"_time": 48.569, "_x": 0, "_y": 1}, {"_time": 48.597, "_x": -1, "_y": 1}, {"_time": 48.624, "_x": -1, "_y": 0}, {"_time": 48.651, "_x": -1, "_y": -1}, {"_time": 48.678, "_x": 0, "_y": -1}, {"_time": 48.706, "_x": 0, "_y": 0}, {"_time": 48.733, "_x": 0, "_y": 1}, {"_time": 48.76, "_x": 1, "_y": 1}, {"_time": 48.788, "_x": 1, "_y": 0}, {"_time": 48.815, "_x": 1, "_y": -1}, {"_time": 48.842, "_x": 0, "_y": -1}, {"_time": 48.869, "_x": -1, "_y": -1}, {"_time": 48.897, "_x": -1, "_y": 0}, {"_time": 48.924, "_x": 0, "_y": 0}, {"_time": 48.951, "_x": 1, "_y": 0}, {"_time": 48.978, "_x": 1, "_y": 1}, {"_time": 49.006, "_x": 0, "_y": 1}, {"_time": 49.033, "_x": -1, "_y": 1}, {"_time": 49.06, "_x": -1, "_y": 0}, {"_time": 49.088, "_x": -1, "_y": -1}, {"_time": 49.197, "_x": 1, "_y": -1}, {"_time": 49.224, "_x": 1, "_y": 0}, {"_time": 49.251, "_x": 1, "_y": 1}, {"_time": 49.306, "_x": -1, "_y": 1}, {"_time": 49.333, "_x": -1, "_y": 0}, {"_time": 49.36, "_x": -1, "_y": -1}, {"_time": 49.415, "_x": 1, "_y": -1}, {"_time": 49.442, "_x": 1, "_y": 0}, {"_time": 49.469, "_x": 1, "_y": 1}, {"_time": 49.497, "_x": 0, "_y": 1}, {"_time": 49.524, "_x": -1, "_y": 1}, {"_time": 49.551, "_x": -1, "_y": 0}, {"_time": 49.578, "_x": 0, "_y": 0}, {"_time": 49.606, "_x": 1, "_y": 0}, {"_time": 49.633, "_x": 1, "_y": -1}, {"_time": 49.66, "_x": 0, "_y": -1}, {"_time": 49.688, "_x": -1, "_y": -1}, {"_time": 49.715, "_x": -1, "_y": 0}, {"_time": 49.742, "_x": -1, "_y": 1}, {"_time": 49.769, "_x": 0, "_y": 1}, {"_time": 49.797, "_x": 0, "_y": 0}, {"_time": 49.824, "_x": 0, "_y": -1}, {"_time": 49.851, "_x": 1, "_y": -1}, {"_time": 49.878, "_x": 1, "_y": 0}, {"_time": 49.906, "_x": 1, "_y": 1}, {"_time": 50.069, "_x": -1, "_y": 1}, {"_time": 50.097, "_x": -1, "_y": 0}, {"_time": 50.124, "_x": -1, "_y": -1}, {"_time": 50.151, "_x": 0, "_y": -1}, {"_time": 50.178, "_x": 1, "_y": -1}, {"_time": 50.233, "_x": 1, "_y": 1}, {"_time": 50.26, "_x": 0, "_y": 1}, {"_time": 50.281, "_x": -1, "_y": 1}, {"_time": 50.315, "_x": -1, "_y": 0}, {"_time": 50.342, "_x": -1, "_y": -1}, {"_time": 50.397, "_x": 1, "_y": -1}, {"_time": 50.424, "_x": 1, "_y": 0}, {"_time": 50.451, "_x": 1, "_y": 1}, {"_time": 50.478, "_x": 0, "_y": 1}, {"_time": 50.506, "_x": 0, "_y": 0}, {"_time": 50.533, "_x": 0, "_y": -1}, {"_time": 50.56, "_x": -1, "_y": -1}, {"_time": 50.588, "_x": -1, "_y": 0}, {"_time": 50.615, "_x": 0, "_y": 0}, {"_time": 50.642, "_x": 1, "_y": 0}, {"_time": 50.669, "_x": 1, "_y": 1}, {"_time": 50.697, "_x": 0, "_y": 1}, {"_time": 50.724, "_x": -1, "_y": 1}, {"_time": 50.751, "_x": -1, "_y": 0}, {"_time": 50.778, "_x": -1, "_y": -1}, {"_time": 50.806, "_x": 0, "_y": -1}, {"_time": 50.833, "_x": 1, "_y": -1}, {"_time": 50.86, "_x": 1, "_y": 0}, {"_time": 50.888, "_x": 1, "_y": 1}, {"_time": 50.915, "_x": 0, "_y": 1}, {"_time": 50.942, "_x": -1, "_y": 1}, {"_time": 50.969, "_x": -1, "_y": 1}, {"_time": 50.997, "_x": -1, "_y": 0}, {"_time": 51.024, "_x": -1, "_y": 0}, {"_time": 51.051, "_x": -1, "_y": -1}, {"_time": 51.078, "_x": -1, "_y": -1}, {"_time": 51.106, "_x": 0, "_y": -1}, {"_time": 51.133, "_x": 0, "_y": -1}, {"_time": 51.16, "_x": 1, "_y": -1}, {"_time": 51.188, "_x": 1, "_y": -1}, {"_time": 51.215, "_x": 1, "_y": 0}, {"_time": 51.242, "_x": 1, "_y": 1}, {"_time": 51.269, "_x": 0, "_y": 1}, {"_time": 51.297, "_x": 0, "_y": 0}, {"_time": 51.324, "_x": 0, "_y": -1}, {"_time": 51.351, "_x": -1, "_y": -1}, {"_time": 51.378, "_x": -1, "_y": 0}, {"_time": 51.406, "_x": -1, "_y": 1}, {"_time": 51.433, "_x": 0, "_y": 1}, {"_time": 51.46, "_x": 1, "_y": 1}, {"_time": 51.488, "_x": 1, "_y": 0}, {"_time": 51.515, "_x": 0, "_y": 0}, {"_time": 51.542, "_x": -1, "_y": 0}, {"_time": 51.569, "_x": -1, "_y": -1}, {"_time": 51.597, "_x": 0, "_y": -1}, {"_time": 51.624, "_x": 1, "_y": -1}, {"_time": 51.651, "_x": 1, "_y": 0}, {"_time": 51.678, "_x": 1, "_y": 1}, {"_time": 51.706, "_x": 0, "_y": 1}, {"_time": 51.733, "_x": 0, "_y": 0}, {"_time": 51.76, "_x": 0, "_y": -1}, {"_time": 51.788, "_x": -1, "_y": -1}, {"_time": 51.815, "_x": -1, "_y": 0}, {"_time": 51.842, "_x": -1, "_y": 1}, {"_time": 51.869, "_x": 0, "_y": 1}, {"_time": 51.897, "_x": 1, "_y": 1}, {"_time": 51.924, "_x": 1, "_y": 0}, {"_time": 51.951, "_x": 1, "_y": -1}, {"_time": 52.006, "_x": -1, "_y": -1}, {"_time": 52.033, "_x": -1, "_y": 0}, {"_time": 52.06, "_x": -1, "_y": 1}, {"_time": 52.115, "_x": 1, "_y": 1}, {"_time": 52.142, "_x": 1, "_y": 0}, {"_time": 52.169, "_x": 1, "_y": -1}, {"_time": 52.224, "_x": -1, "_y": -1}, {"_time": 52.251, "_x": -1, "_y": 0}, {"_time": 52.278, "_x": -1, "_y": 1}, {"_time": 52.333, "_x": 1, "_y": 1}, {"_time": 52.36, "_x": 1, "_y": 0}, {"_time": 52.388, "_x": 1, "_y": -1}, {"_time": 52.415, "_x": 0, "_y": -1}, {"_time": 52.442, "_x": -1, "_y": -1}, {"_time": 52.497, "_x": -1, "_y": 1}, {"_time": 52.524, "_x": 0, "_y": 1}, {"_time": 52.551, "_x": 1, "_y": 1}, {"_time": 52.606, "_x": 1, "_y": -1}, {"_time": 52.633, "_x": 0, "_y": -1}, {"_time": 52.66, "_x": 0, "_y": 0}, {"_time": 52.688, "_x": 0, "_y": 1}, {"_time": 52.715, "_x": -1, "_y": 1}, {"_time": 52.742, "_x": -1, "_y": 0}, {"_time": 52.769, "_x": -1, "_y": -1}, {"_time": 52.797, "_x": -1, "_y": -1}, {"_time": 52.824, "_x": 0, "_y": -1}, {"_time": 52.851, "_x": 0, "_y": -1}, {"_time": 52.878, "_x": 1, "_y": -1}, {"_time": 52.906, "_x": 1, "_y": -1}, {"_time": 52.933, "_x": 1, "_y": 0}, {"_time": 52.96, "_x": 1, "_y": 0}, {"_time": 52.988, "_x": 1, "_y": 1}, {"_time": 53.015, "_x": 1, "_y": 1}, {"_time": 53.042, "_x": 0, "_y": 1}, {"_time": 53.069, "_x": -1, "_y": 1}, {"_time": 53.097, "_x": -1, "_y": 0}, {"_time": 53.124, "_x": 0, "_y": 0}, {"_time": 53.151, "_x": 1, "_y": 0}, {"_time": 53.178, "_x": 1, "_y": -1}, {"_time": 53.206, "_x": 0, "_y": -1}, {"_time": 53.233, "_x": -1, "_y": -1}, {"_time": 53.26, "_x": -1, "_y": 0}, {"_time": 53.288, "_x": -1, "_y": 1}, {"_time": 53.315, "_x": 0, "_y": 1}, {"_time": 53.342, "_x": 0, "_y": 0}, {"_time": 53.369, "_x": 0, "_y": -1}, {"_time": 53.397, "_x": 1, "_y": -1}, {"_time": 53.424, "_x": 1, "_y": 0}, {"_time": 53.451, "_x": 1, "_y": 1}, {"_time": 53.478, "_x": 0, "_y": 1}, {"_time": 53.506, "_x": -1, "_y": 1}, {"_time": 53.533, "_x": -1, "_y": 0}, {"_time": 53.56, "_x": -1, "_y": -1}, {"_time": 53.615, "_x": 1, "_y": -1}, {"_time": 53.642, "_x": 1, "_y": 0}, {"_time": 53.669, "_x": 1, "_y": 1}, {"_time": 53.724, "_x": -1, "_y": 1}, {"_time": 53.751, "_x": -1, "_y": 0}, {"_time": 53.778, "_x": -1, "_y": -1}, {"_time": 53.806, "_x": 0, "_y": -1}, {"_time": 53.833, "_x": 1, "_y": -1}, {"_time": 53.888, "_x": 1, "_y": 1}, {"_time": 53.915, "_x": 0, "_y": 1}, {"_time": 53.942, "_x": -1, "_y": 1}, {"_time": 53.997, "_x": -1, "_y": -1}, {"_time": 54.024, "_x": 0, "_y": -1}, {"_time": 54.051, "_x": 0, "_y": 0}, {"_time": 54.078, "_x": 0, "_y": 1}, {"_time": 54.106, "_x": 1, "_y": 1}, {"_time": 54.16, "_x": 1, "_y": -1}, {"_time": 54.188, "_x": 0, "_y": -1}, {"_time": 54.215, "_x": -1, "_y": -1}, {"_time": 54.242, "_x": -1, "_y": 0}, {"_time": 54.269, "_x": -1, "_y": 1}, {"_time": 54.297, "_x": 0, "_y": 1}, {"_time": 54.324, "_x": 1, "_y": 1}, {"_time": 54.351, "_x": 1, "_y": 0}, {"_time": 54.378, "_x": 0, "_y": 0}, {"_time": 54.406, "_x": -1, "_y": 0}, {"_time": 54.433, "_x": -1.03, "_y": -1.62}, {"_time": 54.76, "_x": 1.53, "_y": -0.5}, {"_time": 55.089, "_x": -1.55, "_y": 0.539999962}, {"_time": 55.307, "_x": 1, "_y": 1}, {"_time": 55.319, "_x": 1, "_y": 1}, {"_time": 55.333, "_x": 1, "_y": 0}, {"_time": 55.345, "_x": 1, "_y": 0}, {"_time": 55.36, "_x": 1, "_y": -1}, {"_time": 55.372, "_x": 1, "_y": -1}, {"_time": 55.388, "_x": 0, "_y": -1}, {"_time": 55.4, "_x": 0, "_y": -1}, {"_time": 55.443, "_x": -1, "_y": 0}, {"_time": 55.47, "_x": -1, "_y": 1}, {"_time": 55.497, "_x": 0, "_y": 1}, {"_time": 55.524, "_x": 1, "_y": 1}, {"_time": 55.578, "_x": 1, "_y": -1}, {"_time": 55.606, "_x": 0, "_y": -1}, {"_time": 55.633, "_x": -1, "_y": -1}, {"_time": 55.66, "_x": -1, "_y": 0}, {"_time": 55.715, "_x": 0, "_y": 1}, {"_time": 55.743, "_x": 1, "_y": 1}, {"_time": 55.769, "_x": 1, "_y": 0}, {"_time": 55.797, "_x": 1, "_y": -1}, {"_time": 55.824, "_x": 0, "_y": -1}, {"_time": 55.851, "_x": -1, "_y": -1}, {"_time": 55.878, "_x": -1, "_y": 0}, {"_time": 55.906, "_x": 0, "_y": 0}, {"_time": 55.933, "_x": 1, "_y": 0}, {"_time": 55.96, "_x": 1, "_y": 1}, {"_time": 55.988, "_x": 0, "_y": 1}, {"_time": 56.015, "_x": -1, "_y": 1}, {"_time": 56.042, "_x": -1, "_y": 0}, {"_time": 56.069, "_x": -1, "_y": -1}, {"_time": 56.097, "_x": 0, "_y": -1}, {"_time": 56.124, "_x": 0, "_y": 0}, {"_time": 56.151, "_x": 0, "_y": 1}, {"_time": 56.178, "_x": 1.54, "_y": 1.01}, {"_time": 56.452, "_x": 1, "_y": -1}, {"_time": 56.478, "_x": 0, "_y": -1}, {"_time": 56.506, "_x": -1, "_y": -1}, {"_time": 56.533, "_x": -1, "_y": 0}, {"_time": 56.56, "_x": 0, "_y": 0}, {"_time": 56.588, "_x": 1, "_y": 0}, {"_time": 56.615, "_x": 1, "_y": 1}, {"_time": 56.642, "_x": 0, "_y": 1}, {"_time": 56.669, "_x": -1, "_y": 1}, {"_time": 56.697, "_x": -1, "_y": 0}, {"_time": 56.724, "_x": -1, "_y": -1}, {"_time": 56.751, "_x": 0, "_y": -1}, {"_time": 56.778, "_x": 0, "_y": 0}, {"_time": 56.806, "_x": 0, "_y": 1}, {"_time": 56.833, "_x": 1, "_y": 1}, {"_time": 56.86, "_x": 1, "_y": 0}, {"_time": 56.888, "_x": 1, "_y": -1}, {"_time": 56.915, "_x": 0, "_y": -1}, {"_time": 56.942, "_x": 0, "_y": 0}, {"_time": 56.969, "_x": 0, "_y": 1}, {"_time": 56.997, "_x": -1, "_y": 1}, {"_time": 57.024, "_x": -1, "_y": 0}, {"_time": 57.051, "_x": -1.03, "_y": -1.54}, {"_time": 57.378, "_x": 1, "_y": -1}, {"_time": 57.406, "_x": 1, "_y": 0}, {"_time": 57.433, "_x": 1, "_y": 1}, {"_time": 57.46, "_x": 0, "_y": 1}, {"_time": 57.488, "_x": -1, "_y": 1}, {"_time": 57.515, "_x": -1, "_y": -1}, {"_time": 57.542, "_x": 0, "_y": -1}, {"_time": 57.569, "_x": 1, "_y": -1}, {"_time": 57.597, "_x": 1, "_y": 0}, {"_time": 57.624, "_x": 1, "_y": 1}, {"_time": 57.651, "_x": -1, "_y": 1}, {"_time": 57.678, "_x": -1, "_y": 0}, {"_time": 57.706, "_x": -1, "_y": -1}, {"_time": 57.733, "_x": 0, "_y": -1}, {"_time": 57.76, "_x": 1, "_y": -1}, {"_time": 57.788, "_x": 1, "_y": 1}, {"_time": 57.815, "_x": 0, "_y": 1}, {"_time": 57.842, "_x": -1, "_y": 1}, {"_time": 57.869, "_x": -1, "_y": 0}, {"_time": 57.897, "_x": -1.71, "_y": -1.85}, {"_time": 57.897, "_x": -1.23, "_y": -1.36}, {"_time": 57.897, "_x": -1.23, "_y": -1.82999992}, {"_time": 57.897, "_x": -1.71, "_y": -1.37}, {"_time": 58.797, "_x": -1, "_y": -1}, {"_time": 59.669, "_x": -0.88, "_y": -0.86}, {"_time": 60.543, "_x": -0.68, "_y": -0.53}, {"_time": 61.416, "_x": -0.269999981, "_y": -0.19}, {"_time": 62.288, "_x": -0.100000024, "_y": -0.07999998}, {"_time": 63.16, "_x": 0, "_y": 0}, {"_time": 64.034, "_x": 0, "_y": 0}, {"_time": 64.906, "_x": 0, "_y": 0}, {"_time": 65.778, "_x": 0, "_y": 0}, {"_time": 66.652, "_x": 0, "_y": 0}, {"_time": 67.524, "_x": 0, "_y": 0}, {"_time": 68.506, "_x": 0, "_y": 0}, {"_time": 69.488, "_x": 0, "_y": 0}, {"_time": 70.36, "_x": 0, "_y": 0}, {"_time": 71.233, "_x": 0, "_y": 0}, {"_time": 71.888, "_x": 1, "_y": 1}, {"_time": 71.915, "_x": 1, "_y": 0}, {"_time": 71.942, "_x": 1, "_y": -1}, {"_time": 73.633, "_x": -1, "_y": -1}, {"_time": 75.378, "_x": 1, "_y": 0}, {"_time": 77.124, "_x": -1, "_y": 0}, {"_time": 78.869, "_x": 1, "_y": 1}, {"_time": 80.615, "_x": -1, "_y": 1}, {"_time": 82.36, "_x": 0, "_y": -1}, {"_time": 84.107, "_x": 0, "_y": 1}, {"_time": 85.796, "_x": 1, "_y": -1}, {"_time": 86.014, "_x": 1, "_y": 1}, {"_time": 86.232, "_x": 1, "_y": -1}, {"_time": 86.451, "_x": 1, "_y": 1}, {"_time": 86.669, "_x": 1, "_y": -1}, {"_time": 86.887, "_x": 1, "_y": 1}, {"_time": 87.104, "_x": 1, "_y": -1}, {"_time": 87.322, "_x": 1, "_y": 1}, {"_time": 87.431, "_x": 0, "_y": -1}, {"_time": 87.54, "_x": -1, "_y": 1}, {"_time": 87.758, "_x": 1, "_y": 0}, {"_time": 87.976, "_x": -1, "_y": 1}, {"_time": 88.195, "_x": 1, "_y": 0}, {"_time": 88.413, "_x": -1, "_y": 1}, {"_time": 88.632, "_x": 1, "_y": 0}, {"_time": 88.849, "_x": -1, "_y": 1}, {"_time": 89.067, "_x": 1, "_y": 0}, {"_time": 89.176, "_x": -1, "_y": -1}, {"_time": 89.231, "_x": -1, "_y": -1}, {"_time": 89.285, "_x": 0, "_y": 1}, {"_time": 89.504, "_x": 1, "_y": -1}, {"_time": 89.722, "_x": 0, "_y": 1}, {"_time": 89.94, "_x": 1, "_y": -1}, {"_time": 90.159, "_x": 0, "_y": 1}, {"_time": 90.378, "_x": 1, "_y": -1}, {"_time": 90.596, "_x": 0, "_y": 1}, {"_time": 90.813, "_x": 1, "_y": -1}, {"_time": 90.867, "_x": 1, "_y": -1}, {"_time": 90.922, "_x": -1, "_y": 0}, {"_time": 90.976, "_x": -1, "_y": 0}, {"_time": 91.031, "_x": 1, "_y": 1}, {"_time": 91.249, "_x": 0, "_y": -1}, {"_time": 91.467, "_x": 1, "_y": 1}, {"_time": 91.685, "_x": 0, "_y": -1}, {"_time": 91.904, "_x": 1, "_y": 1}, {"_time": 92.122, "_x": 0, "_y": -1}, {"_time": 92.34, "_x": 1, "_y": 1}, {"_time": 92.558, "_x": 0, "_y": -1}, {"_time": 92.776, "_x": 0, "_y": 1}, {"_time": 92.995, "_x": -1, "_y": -1}, {"_time": 93.213, "_x": 1, "_y": 0}, {"_time": 93.431, "_x": -1, "_y": 0}, {"_time": 93.649, "_x": 1, "_y": 1}, {"_time": 93.867, "_x": 0, "_y": -1}, {"_time": 94.085, "_x": -1, "_y": 1}, {"_time": 94.304, "_x": 1, "_y": 0}, {"_time": 94.522, "_x": -1, "_y": 0}, {"_time": 94.74, "_x": 1, "_y": -1}, {"_time": 94.958, "_x": 0, "_y": 1}, {"_time": 95.176, "_x": -1, "_y": -1}, {"_time": 95.395, "_x": 1, "_y": 0}, {"_time": 95.613, "_x": -1, "_y": 0}, {"_time": 95.831, "_x": 1, "_y": 1}, {"_time": 96.049, "_x": 0, "_y": -1}, {"_time": 96.267, "_x": -1, "_y": 1}, {"_time": 96.376, "_x": -1, "_y": -1}, {"_time": 96.486, "_x": 0, "_y": 1}, {"_time": 96.594, "_x": 1, "_y": -1}, {"_time": 96.705, "_x": -1, "_y": 0}, {"_time": 96.812, "_x": 1, "_y": 0}, {"_time": 96.923, "_x": -1, "_y": 1}, {"_time": 97.03, "_x": 0, "_y": -1}, {"_time": 97.141, "_x": 1, "_y": 1}, {"_time": 97.249, "_x": -1, "_y": 0}, {"_time": 97.358, "_x": 1, "_y": -1}, {"_time": 97.467, "_x": 0, "_y": 1}, {"_time": 97.576, "_x": 0, "_y": -1}, {"_time": 97.685, "_x": -1, "_y": 1}, {"_time": 97.796, "_x": -1, "_y": -1}, {"_time": 97.904, "_x": 1, "_y": 0}, {"_time": 98.014, "_x": -1, "_y": 1}, {"_time": 98.04, "_x": -1, "_y": 1}, {"_time": 98.067, "_x": -1, "_y": 0}, {"_time": 98.095, "_x": -1, "_y": 0}, {"_time": 98.122, "_x": -1, "_y": -1}, {"_time": 98.149, "_x": -1, "_y": -1}, {"_time": 98.176, "_x": 0, "_y": -1}, {"_time": 98.204, "_x": 0, "_y": -1}, {"_time": 98.231, "_x": 0, "_y": 0}, {"_time": 98.258, "_x": 0, "_y": 0}, {"_time": 98.285, "_x": 0, "_y": 1}, {"_time": 98.313, "_x": 0, "_y": 1}, {"_time": 98.34, "_x": 1, "_y": 1}, {"_time": 98.367, "_x": 1, "_y": 1}, {"_time": 98.395, "_x": 1, "_y": 0}, {"_time": 98.421, "_x": 1, "_y": 0}, {"_time": 98.449, "_x": 1, "_y": -1}, {"_time": 98.476, "_x": 1, "_y": -1}, {"_time": 98.504, "_x": 0, "_y": -1}, {"_time": 98.531, "_x": 0, "_y": -1}, {"_time": 98.558, "_x": -1, "_y": -1}, {"_time": 98.585, "_x": -1, "_y": -1}, {"_time": 98.613, "_x": -1, "_y": 0}, {"_time": 98.64, "_x": -1, "_y": 0}, {"_time": 98.667, "_x": 0, "_y": 0}, {"_time": 98.695, "_x": 0, "_y": 0}, {"_time": 98.722, "_x": 1, "_y": 0}, {"_time": 98.749, "_x": 1, "_y": 0}, {"_time": 98.776, "_x": 1, "_y": 1}, {"_time": 98.804, "_x": 1, "_y": 1}, {"_time": 98.831, "_x": 0, "_y": 1}, {"_time": 98.858, "_x": 0, "_y": 1}, {"_time": 98.886, "_x": -1, "_y": 1}, {"_time": 98.899, "_x": -1, "_y": 1}, {"_time": 98.913, "_x": -1, "_y": 1}, {"_time": 98.926, "_x": -1, "_y": 1}, {"_time": 98.94, "_x": -1, "_y": 0}, {"_time": 98.953, "_x": -1, "_y": 0}, {"_time": 98.968, "_x": -1, "_y": 0}, {"_time": 98.981, "_x": -1, "_y": 0}, {"_time": 98.995, "_x": -1, "_y": -1}, {"_time": 99.008, "_x": -1, "_y": -1}, {"_time": 99.022, "_x": -1, "_y": -1}, {"_time": 99.035, "_x": -1, "_y": -1}, {"_time": 99.048, "_x": 0, "_y": -1}, {"_time": 99.061, "_x": 0, "_y": -1}, {"_time": 99.077, "_x": 0, "_y": -1}, {"_time": 99.09, "_x": 0, "_y": -1}, {"_time": 99.104, "_x": 1, "_y": -1}, {"_time": 99.117, "_x": 1, "_y": -1}, {"_time": 99.131, "_x": 1, "_y": -1}, {"_time": 99.144, "_x": 1, "_y": -1}, {"_time": 99.158, "_x": 1, "_y": 0}, {"_time": 99.171, "_x": 1, "_y": 0}, {"_time": 99.186, "_x": 1, "_y": 0}, {"_time": 99.199, "_x": 1, "_y": 0}, {"_time": 99.213, "_x": 0, "_y": 0}, {"_time": 99.226, "_x": 0, "_y": 0}, {"_time": 99.24, "_x": 0, "_y": 0}, {"_time": 99.253, "_x": 0, "_y": 0}, {"_time": 99.268, "_x": -1, "_y": 0}, {"_time": 99.281, "_x": -1, "_y": 0}, {"_time": 99.295, "_x": -1, "_y": 0}, {"_time": 99.308, "_x": -1, "_y": 0}, {"_time": 99.322, "_x": -1, "_y": 1}, {"_time": 99.335, "_x": -1, "_y": 1}, {"_time": 99.349, "_x": -1, "_y": 1}, {"_time": 99.362, "_x": -1, "_y": 1}, {"_time": 99.377, "_x": 0, "_y": 1}, {"_time": 99.39, "_x": 0, "_y": 1}, {"_time": 99.404, "_x": 0, "_y": 1}, {"_time": 99.417, "_x": 0, "_y": 1}, {"_time": 99.431, "_x": 1, "_y": 1}, {"_time": 99.444, "_x": 1, "_y": 1}, {"_time": 99.458, "_x": 1, "_y": 1}, {"_time": 99.471, "_x": 1, "_y": 1}, {"_time": 99.486, "_x": 1, "_y": 0}, {"_time": 99.499, "_x": 1, "_y": 0}, {"_time": 99.513, "_x": 1, "_y": 0}, {"_time": 99.526, "_x": 1, "_y": 0}, {"_time": 99.54, "_x": 1, "_y": -1}, {"_time": 99.553, "_x": 1, "_y": -1}, {"_time": 99.568, "_x": 1, "_y": -1}, {"_time": 99.581, "_x": 1, "_y": -1}, {"_time": 99.594, "_x": 0, "_y": -1}, {"_time": 99.607, "_x": 0, "_y": -1}, {"_time": 99.621, "_x": 0, "_y": -1}, {"_time": 99.634, "_x": 0, "_y": -1}, {"_time": 99.649, "_x": -1, "_y": -1}, {"_time": 99.662, "_x": -1, "_y": -1}, {"_time": 99.676, "_x": -1, "_y": -1}, {"_time": 99.689, "_x": -1, "_y": -1}, {"_time": 99.704, "_x": -1, "_y": 0}, {"_time": 99.717, "_x": -1, "_y": 0}, {"_time": 99.731, "_x": -1, "_y": 0}, {"_time": 99.744, "_x": -1, "_y": 0}, {"_time": 99.758, "_x": -1, "_y": 1}, {"_time": 99.771, "_x": -1, "_y": 1}, {"_time": 99.785, "_x": -1, "_y": 1}, {"_time": 99.798, "_x": -1, "_y": 1}, {"_time": 99.84, "_x": 1, "_y": 1}, {"_time": 99.869, "_x": 1, "_y": 1}, {"_time": 99.896, "_x": 1, "_y": 0}, {"_time": 99.924, "_x": 1, "_y": 0}, {"_time": 99.951, "_x": 1, "_y": -1}, {"_time": 99.978, "_x": 1, "_y": -1}, {"_time": 100.004, "_x": 0, "_y": -1}, {"_time": 100.031, "_x": 0, "_y": -1}, {"_time": 100.14, "_x": -1, "_y": -1}, {"_time": 100.167, "_x": -1, "_y": -1}, {"_time": 100.195, "_x": -1, "_y": 0}, {"_time": 100.222, "_x": -1, "_y": 1}, {"_time": 100.249, "_x": 0, "_y": 1}, {"_time": 100.277, "_x": 0, "_y": 0}, {"_time": 100.304, "_x": 0, "_y": -1}, {"_time": 100.331, "_x": 1, "_y": -1}, {"_time": 100.358, "_x": 1, "_y": 0}, {"_time": 100.386, "_x": 1, "_y": 1}, {"_time": 100.413, "_x": 0, "_y": 1}, {"_time": 100.44, "_x": -1, "_y": 1}, {"_time": 100.467, "_x": -1, "_y": 0}, {"_time": 100.495, "_x": -1, "_y": -1}, {"_time": 100.522, "_x": 0, "_y": -1}, {"_time": 100.549, "_x": 0, "_y": 0}, {"_time": 100.576, "_x": 0, "_y": 1}, {"_time": 100.604, "_x": 1, "_y": 1}, {"_time": 100.631, "_x": 1, "_y": 0}, {"_time": 100.658, "_x": 1, "_y": -1}, {"_time": 100.685, "_x": 0, "_y": -1}, {"_time": 100.713, "_x": -1, "_y": -1}, {"_time": 100.74, "_x": -1, "_y": 0}, {"_time": 100.795, "_x": 1, "_y": 0}, {"_time": 100.822, "_x": 1, "_y": 1}, {"_time": 100.849, "_x": 0, "_y": 1}, {"_time": 100.876, "_x": -1, "_y": 1}, {"_time": 100.931, "_x": -1, "_y": -1}, {"_time": 100.958, "_x": 0, "_y": -1}, {"_time": 100.985, "_x": 1, "_y": -1}, {"_time": 101.04, "_x": 1, "_y": 1}, {"_time": 101.067, "_x": 0, "_y": 1}, {"_time": 101.095, "_x": -1, "_y": 1}, {"_time": 101.149, "_x": -1, "_y": -1}, {"_time": 101.176, "_x": 0, "_y": -1}, {"_time": 101.204, "_x": 0, "_y": 0}, {"_time": 101.231, "_x": 0, "_y": 1}, {"_time": 101.258, "_x": 1, "_y": 1}, {"_time": 101.285, "_x": 1, "_y": 0}, {"_time": 101.313, "_x": 1, "_y": -1}, {"_time": 101.34, "_x": 0, "_y": -1}, {"_time": 101.367, "_x": -1, "_y": -1}, {"_time": 101.395, "_x": -1, "_y": 0}, {"_time": 101.449, "_x": 1, "_y": 1}, {"_time": 101.476, "_x": 1, "_y": 0}, {"_time": 101.504, "_x": 1, "_y": -1}, {"_time": 101.531, "_x": 0, "_y": -1}, {"_time": 101.558, "_x": -1, "_y": -1}, {"_time": 101.585, "_x": -1, "_y": -1}, {"_time": 101.613, "_x": -1, "_y": 0}, {"_time": 101.64, "_x": -1, "_y": 0}, {"_time": 101.667, "_x": -1, "_y": 1}, {"_time": 101.695, "_x": -1, "_y": 1}, {"_time": 101.722, "_x": 0, "_y": 1}, {"_time": 101.749, "_x": 0, "_y": 1}, {"_time": 101.777, "_x": 1, "_y": 1}, {"_time": 101.804, "_x": 1, "_y": 1}, {"_time": 101.831, "_x": 1, "_y": 0}, {"_time": 101.858, "_x": 1, "_y": 0}, {"_time": 101.885, "_x": 1, "_y": -1}, {"_time": 101.913, "_x": 1, "_y": -1}, {"_time": 101.995, "_x": -1, "_y": -1}, {"_time": 102.022, "_x": -1, "_y": 0}, {"_time": 102.049, "_x": -1, "_y": 1}, {"_time": 102.076, "_x": 0, "_y": 1}, {"_time": 102.131, "_x": 0, "_y": -1}, {"_time": 102.158, "_x": 1, "_y": -1}, {"_time": 102.185, "_x": 1, "_y": 0}, {"_time": 102.213, "_x": 1, "_y": 1}, {"_time": 102.24, "_x": 0, "_y": 1}, {"_time": 102.267, "_x": -1, "_y": 1}, {"_time": 102.322, "_x": -1, "_y": -1}, {"_time": 102.349, "_x": 0, "_y": -1}, {"_time": 102.376, "_x": 1, "_y": -1}, {"_time": 102.404, "_x": 1, "_y": 0}, {"_time": 102.431, "_x": 0, "_y": 0}, {"_time": 102.458, "_x": -1, "_y": 0}, {"_time": 102.485, "_x": -1, "_y": 1}, {"_time": 102.513, "_x": 0, "_y": 1}, {"_time": 102.54, "_x": 1, "_y": 1}, {"_time": 102.567, "_x": 1, "_y": 0}, {"_time": 102.595, "_x": 1, "_y": -1}, {"_time": 102.622, "_x": 0, "_y": -1}, {"_time": 102.649, "_x": 0, "_y": 0}, {"_time": 102.676, "_x": 0, "_y": 1}, {"_time": 102.704, "_x": -1, "_y": 1}, {"_time": 102.731, "_x": -1, "_y": 0}, {"_time": 102.758, "_x": -1, "_y": -1}, {"_time": 102.785, "_x": 0, "_y": -1}, {"_time": 102.813, "_x": 1, "_y": -1}, {"_time": 102.84, "_x": 1, "_y": 0}, {"_time": 102.867, "_x": 1, "_y": 1}, {"_time": 102.895, "_x": 0, "_y": 1}, {"_time": 102.922, "_x": -1, "_y": 1}, {"_time": 102.949, "_x": -1, "_y": 0}, {"_time": 102.976, "_x": -1, "_y": -1}, {"_time": 103.004, "_x": 0, "_y": -1}, {"_time": 103.031, "_x": 0, "_y": 0}, {"_time": 103.058, "_x": 0, "_y": 1}, {"_time": 103.085, "_x": 1, "_y": 1}, {"_time": 103.113, "_x": 1, "_y": 0}, {"_time": 103.141, "_x": 1, "_y": -1}, {"_time": 103.167, "_x": 1, "_y": -1}, {"_time": 103.195, "_x": 0, "_y": -1}, {"_time": 103.222, "_x": 0, "_y": -1}, {"_time": 103.249, "_x": -1.53, "_y": -1.03}, {"_time": 103.576, "_x": -0.01999998, "_y": 1.54}, {"_time": 103.905, "_x": 1.49, "_y": -0.49}, {"_time": 104.122, "_x": -1, "_y": -1}, {"_time": 104.149, "_x": -1, "_y": 0}, {"_time": 104.176, "_x": -1, "_y": 1}, {"_time": 104.204, "_x": 0, "_y": 1}, {"_time": 104.231, "_x": 1, "_y": 1}, {"_time": 104.258, "_x": 1, "_y": 0}, {"_time": 104.285, "_x": 0, "_y": 0}, {"_time": 104.313, "_x": -1, "_y": 0}, {"_time": 104.34, "_x": -1, "_y": -1}, {"_time": 104.367, "_x": 0, "_y": -1}, {"_time": 104.395, "_x": 1, "_y": -1}, {"_time": 104.422, "_x": 1, "_y": 0}, {"_time": 104.449, "_x": 1, "_y": 1}, {"_time": 104.476, "_x": 0, "_y": 1}, {"_time": 104.504, "_x": 0, "_y": 0}, {"_time": 104.531, "_x": 0, "_y": -1}, {"_time": 104.558, "_x": -1, "_y": -1}, {"_time": 104.585, "_x": -1, "_y": 0}, {"_time": 104.613, "_x": -1, "_y": 1}, {"_time": 104.64, "_x": 0, "_y": 1}, {"_time": 104.667, "_x": 1, "_y": 1}, {"_time": 104.695, "_x": 1, "_y": 0}, {"_time": 104.722, "_x": 1, "_y": -1}, {"_time": 104.749, "_x": 0, "_y": -1}, {"_time": 104.776, "_x": -1, "_y": -1}, {"_time": 104.831, "_x": -1, "_y": 1}, {"_time": 104.858, "_x": 0, "_y": 1}, {"_time": 104.885, "_x": 1, "_y": 1}, {"_time": 104.913, "_x": 1, "_y": 0}, {"_time": 104.94, "_x": 1, "_y": -1}, {"_time": 104.967, "_x": 0, "_y": -1}, {"_time": 104.995, "_x": -1, "_y": -1}, {"_time": 105.049, "_x": -1, "_y": 1}, {"_time": 105.076, "_x": 0, "_y": 1}, {"_time": 105.131, "_x": 0, "_y": -1}, {"_time": 105.158, "_x": 1, "_y": -1}, {"_time": 105.213, "_x": 1, "_y": 1}, {"_time": 105.24, "_x": 0, "_y": 1}, {"_time": 105.267, "_x": -1, "_y": 1}, {"_time": 105.295, "_x": -1, "_y": 0}, {"_time": 105.349, "_x": 1, "_y": 0}, {"_time": 105.376, "_x": 1, "_y": -1}, {"_time": 105.404, "_x": 0, "_y": -1}, {"_time": 105.431, "_x": -1, "_y": -1}, {"_time": 105.458, "_x": -1, "_y": 0}, {"_time": 105.485, "_x": -1, "_y": 1}, {"_time": 105.513, "_x": 0, "_y": 1}, {"_time": 105.54, "_x": 1, "_y": 1}, {"_time": 105.595, "_x": 1, "_y": -1}, {"_time": 105.622, "_x": 0, "_y": -1}, {"_time": 105.649, "_x": -1, "_y": -1}, {"_time": 105.676, "_x": -1, "_y": 0}, {"_time": 105.704, "_x": -1, "_y": 1}, {"_time": 105.731, "_x": 0, "_y": 1}, {"_time": 105.758, "_x": 0, "_y": 0}, {"_time": 105.785, "_x": 0, "_y": -1}, {"_time": 105.813, "_x": 1, "_y": -1}, {"_time": 105.84, "_x": 1, "_y": 0}, {"_time": 105.867, "_x": 1, "_y": 1}, {"_time": 105.895, "_x": 0, "_y": 1}, {"_time": 105.922, "_x": -1, "_y": 1}, {"_time": 105.976, "_x": -1, "_y": -1}, {"_time": 106.004, "_x": 0, "_y": -1}, {"_time": 106.031, "_x": 1, "_y": -1}, {"_time": 106.085, "_x": 1, "_y": 1}, {"_time": 106.113, "_x": 0, "_y": 1}, {"_time": 106.14, "_x": -1, "_y": 1}, {"_time": 106.168, "_x": -1, "_y": 0}, {"_time": 106.195, "_x": -1, "_y": -1}, {"_time": 106.222, "_x": 0, "_y": -1}, {"_time": 106.276, "_x": 0, "_y": 1}, {"_time": 106.304, "_x": 1, "_y": 1}, {"_time": 106.331, "_x": 1, "_y": 0}, {"_time": 106.358, "_x": 1, "_y": -1}, {"_time": 106.385, "_x": 0, "_y": -1}, {"_time": 106.413, "_x": -1, "_y": -1}, {"_time": 106.44, "_x": -1, "_y": 0}, {"_time": 106.467, "_x": 0, "_y": 0}, {"_time": 106.495, "_x": 1, "_y": 0}, {"_time": 106.522, "_x": 1, "_y": 1}, {"_time": 106.549, "_x": 0, "_y": 1}, {"_time": 106.576, "_x": -1, "_y": 1}, {"_time": 106.604, "_x": -1, "_y": 0}, {"_time": 106.631, "_x": -1, "_y": -1}, {"_time": 106.658, "_x": 0, "_y": -1}, {"_time": 106.685, "_x": 0, "_y": 0}, {"_time": 106.713, "_x": 0, "_y": 1}, {"_time": 106.74, "_x": 1, "_y": 1}, {"_time": 106.767, "_x": 1, "_y": 0}, {"_time": 106.795, "_x": 1, "_y": -1}, {"_time": 106.822, "_x": 1, "_y": -1}, {"_time": 106.849, "_x": 0, "_y": -1}, {"_time": 106.876, "_x": 0, "_y": -1}, {"_time": 106.904, "_x": -1, "_y": -1}, {"_time": 106.931, "_x": -1, "_y": -1}, {"_time": 106.958, "_x": -1, "_y": 0}, {"_time": 106.985, "_x": -1, "_y": 0}, {"_time": 107.013, "_x": -1, "_y": 1}, {"_time": 107.04, "_x": -1, "_y": 1}, {"_time": 107.095, "_x": 1, "_y": 1}, {"_time": 107.108, "_x": 1, "_y": 1}, {"_time": 107.122, "_x": 1, "_y": 0}, {"_time": 107.135, "_x": 1, "_y": 0}, {"_time": 107.149, "_x": 1, "_y": -1}, {"_time": 107.162, "_x": 1, "_y": -1}, {"_time": 107.176, "_x": 0, "_y": -1}, {"_time": 107.189, "_x": 0, "_y": -1}, {"_time": 107.204, "_x": -1, "_y": -1}, {"_time": 107.217, "_x": -1, "_y": -1}, {"_time": 107.258, "_x": -1, "_y": 0}, {"_time": 107.285, "_x": -1, "_y": 1}, {"_time": 107.313, "_x": 0, "_y": 1}, {"_time": 107.34, "_x": 1, "_y": 1}, {"_time": 107.367, "_x": 1, "_y": 0}, {"_time": 107.395, "_x": 0, "_y": 0}, {"_time": 107.422, "_x": -1, "_y": 0}, {"_time": 107.449, "_x": -1, "_y": -1}, {"_time": 107.476, "_x": 0, "_y": -1}, {"_time": 107.504, "_x": 1, "_y": -1}, {"_time": 107.531, "_x": 1, "_y": 0}, {"_time": 107.558, "_x": 1, "_y": 1}, {"_time": 107.585, "_x": 0, "_y": 1}, {"_time": 107.613, "_x": 0, "_y": 0}, {"_time": 107.64, "_x": 0, "_y": -1}, {"_time": 107.667, "_x": -1, "_y": -1}, {"_time": 107.695, "_x": -1, "_y": 0}, {"_time": 107.722, "_x": -1, "_y": 1}, {"_time": 107.776, "_x": 1, "_y": 1}, {"_time": 107.804, "_x": 1, "_y": 0}, {"_time": 107.858, "_x": -1, "_y": 0}, {"_time": 107.885, "_x": -1, "_y": -1}, {"_time": 107.913, "_x": 0, "_y": -1}, {"_time": 107.94, "_x": 1, "_y": -1}, {"_time": 107.995, "_x": 1, "_y": 1}, {"_time": 108.022, "_x": 0, "_y": 1}, {"_time": 108.05, "_x": -1, "_y": 1}, {"_time": 108.104, "_x": -1, "_y": -1}, {"_time": 108.132, "_x": 0, "_y": -1}, {"_time": 108.158, "_x": 0, "_y": 0}, {"_time": 108.185, "_x": 0, "_y": 1}, {"_time": 108.213, "_x": 1, "_y": 1}, {"_time": 108.24, "_x": 1, "_y": 0}, {"_time": 108.267, "_x": 1, "_y": -1}, {"_time": 108.295, "_x": 0, "_y": -1}, {"_time": 108.322, "_x": -1, "_y": -1}, {"_time": 108.376, "_x": -1, "_y": 1}, {"_time": 108.404, "_x": 0, "_y": 1}, {"_time": 108.431, "_x": 1, "_y": 1}, {"_time": 108.458, "_x": 1, "_y": 0}, {"_time": 108.485, "_x": 1, "_y": -1}, {"_time": 108.513, "_x": 0, "_y": -1}, {"_time": 108.54, "_x": 0, "_y": 0}, {"_time": 108.567, "_x": 0, "_y": 1}, {"_time": 108.595, "_x": -1, "_y": 1}, {"_time": 108.622, "_x": -1, "_y": 1}, {"_time": 108.65, "_x": -1, "_y": 0}, {"_time": 108.676, "_x": -1, "_y": 0}, {"_time": 108.705, "_x": -1, "_y": -1}, {"_time": 108.731, "_x": -1, "_y": -1}, {"_time": 108.758, "_x": 0, "_y": -1}, {"_time": 108.785, "_x": 0, "_y": -1}, {"_time": 108.813, "_x": 1, "_y": -1}, {"_time": 108.84, "_x": 1, "_y": -1}, {"_time": 108.867, "_x": 1, "_y": 0}, {"_time": 108.895, "_x": 1, "_y": 0}, {"_time": 108.922, "_x": 1, "_y": 1}, {"_time": 108.949, "_x": 1, "_y": 1}, {"_time": 109.032, "_x": -1, "_y": 1}, {"_time": 109.058, "_x": -1, "_y": 0}, {"_time": 109.085, "_x": -1, "_y": -1}, {"_time": 109.113, "_x": 0, "_y": -1}, {"_time": 109.14, "_x": 1, "_y": -1}, {"_time": 109.167, "_x": 1, "_y": 0}, {"_time": 109.195, "_x": 1, "_y": 1}, {"_time": 109.222, "_x": 0, "_y": 1}, {"_time": 109.249, "_x": -1, "_y": 1}, {"_time": 109.276, "_x": -1, "_y": 0}, {"_time": 109.331, "_x": 0, "_y": -1}, {"_time": 109.358, "_x": 1, "_y": -1}, {"_time": 109.385, "_x": 1, "_y": 0}, {"_time": 109.413, "_x": 1, "_y": 1}, {"_time": 109.467, "_x": -1, "_y": 1}, {"_time": 109.495, "_x": -1, "_y": 0}, {"_time": 109.522, "_x": -1, "_y": -1}, {"_time": 109.549, "_x": 0, "_y": -1}, {"_time": 109.604, "_x": 0, "_y": 1}, {"_time": 109.631, "_x": 1, "_y": 1}, {"_time": 109.658, "_x": 1, "_y": 0}, {"_time": 109.685, "_x": 1, "_y": -1}, {"_time": 109.713, "_x": 0, "_y": -1}, {"_time": 109.74, "_x": -1, "_y": -1}, {"_time": 109.767, "_x": -1, "_y": 0}, {"_time": 109.795, "_x": -1, "_y": 1}, {"_time": 109.849, "_x": 1, "_y": 1}, {"_time": 109.876, "_x": 1, "_y": 0}, {"_time": 109.904, "_x": 1, "_y": -1}, {"_time": 109.958, "_x": -1, "_y": -1}, {"_time": 109.985, "_x": -1, "_y": 0}, {"_time": 110.013, "_x": -1, "_y": 1}, {"_time": 110.04, "_x": 0, "_y": 1}, {"_time": 110.067, "_x": 1, "_y": 1}, {"_time": 110.095, "_x": 1, "_y": 0}, {"_time": 110.122, "_x": 0, "_y": 0}, {"_time": 110.149, "_x": -1, "_y": 0}, {"_time": 110.176, "_x": -1, "_y": -1}, {"_time": 110.204, "_x": 0, "_y": -1}, {"_time": 110.231, "_x": 1.52, "_y": -1.03}, {"_time": 110.558, "_x": 1.05, "_y": 1.56999993}, {"_time": 110.886, "_x": -1.5, "_y": -1.51}, {"_time": 111.105, "_x": -1, "_y": 1}, {"_time": 111.131, "_x": 0, "_y": 1}, {"_time": 111.158, "_x": 1, "_y": 1}, {"_time": 111.185, "_x": 1, "_y": 0}, {"_time": 111.213, "_x": 1, "_y": -1}, {"_time": 111.24, "_x": 0, "_y": -1}, {"_time": 111.295, "_x": 0, "_y": 1}, {"_time": 111.322, "_x": -1, "_y": 1}, {"_time": 111.349, "_x": -1, "_y": 0}, {"_time": 111.376, "_x": -1, "_y": -1}, {"_time": 111.404, "_x": 0, "_y": -1}, {"_time": 111.431, "_x": 1, "_y": -1}, {"_time": 111.485, "_x": 1, "_y": 1}, {"_time": 111.513, "_x": 0, "_y": 1}, {"_time": 111.54, "_x": -1, "_y": 1}, {"_time": 111.595, "_x": -1, "_y": -1}, {"_time": 111.622, "_x": 0, "_y": -1}, {"_time": 111.649, "_x": 1, "_y": -1}, {"_time": 111.676, "_x": 1, "_y": 0}, {"_time": 111.704, "_x": 0, "_y": 0}, {"_time": 111.731, "_x": -1, "_y": 0}, {"_time": 111.758, "_x": -1, "_y": 1}, {"_time": 111.785, "_x": 0, "_y": 1}, {"_time": 111.813, "_x": 1, "_y": 1}, {"_time": 111.84, "_x": 1, "_y": 0}, {"_time": 111.867, "_x": 1, "_y": -1}, {"_time": 111.895, "_x": 0, "_y": -1}, {"_time": 111.922, "_x": -1, "_y": -1}, {"_time": 111.949, "_x": -1, "_y": 0}, {"_time": 111.976, "_x": 0, "_y": 0}, {"_time": 112.004, "_x": 1, "_y": 0}, {"_time": 112.031, "_x": 1, "_y": 1}, {"_time": 112.085, "_x": -1, "_y": 1}, {"_time": 112.113, "_x": -1, "_y": 0}, {"_time": 112.14, "_x": -1, "_y": -1}, {"_time": 112.195, "_x": 1, "_y": -1}, {"_time": 112.222, "_x": 1, "_y": 0}, {"_time": 112.249, "_x": 1, "_y": 1}, {"_time": 112.304, "_x": -1, "_y": 1}, {"_time": 112.331, "_x": -1, "_y": 0}, {"_time": 112.358, "_x": -1, "_y": -1}, {"_time": 112.385, "_x": 0, "_y": -1}, {"_time": 112.44, "_x": 0, "_y": 1}, {"_time": 112.467, "_x": 1, "_y": 1}, {"_time": 112.495, "_x": 1, "_y": 0}, {"_time": 112.522, "_x": 1, "_y": -1}, {"_time": 112.549, "_x": 0, "_y": -1}, {"_time": 112.576, "_x": -1, "_y": -1}, {"_time": 112.604, "_x": -1, "_y": 0}, {"_time": 112.631, "_x": 0, "_y": 0}, {"_time": 112.658, "_x": 1, "_y": 0}, {"_time": 112.685, "_x": 1, "_y": 1}, {"_time": 112.713, "_x": 0, "_y": 1}, {"_time": 112.74, "_x": -1, "_y": 1}, {"_time": 112.767, "_x": -1, "_y": 0}, {"_time": 112.795, "_x": -1, "_y": -1}, {"_time": 112.822, "_x": 0, "_y": -1}, {"_time": 112.849, "_x": 0, "_y": 0}, {"_time": 112.876, "_x": 0, "_y": 1}, {"_time": 112.904, "_x": 1, "_y": 1}, {"_time": 112.958, "_x": 1, "_y": -1}, {"_time": 112.985, "_x": 0, "_y": -1}, {"_time": 113.013, "_x": -1, "_y": -1}, {"_time": 113.067, "_x": -1, "_y": 1}, {"_time": 113.095, "_x": 0, "_y": 1}, {"_time": 113.122, "_x": 1, "_y": 1}, {"_time": 113.176, "_x": 1, "_y": -1}, {"_time": 113.204, "_x": 0, "_y": -1}, {"_time": 113.231, "_x": -1, "_y": -1}, {"_time": 113.258, "_x": -1, "_y": 0}, {"_time": 113.285, "_x": -1, "_y": 1}, {"_time": 113.313, "_x": 0, "_y": 1}, {"_time": 113.34, "_x": 1, "_y": 1}, {"_time": 113.367, "_x": 1, "_y": 0}, {"_time": 113.395, "_x": 0, "_y": 0}, {"_time": 113.422, "_x": -1, "_y": 0}, {"_time": 113.449, "_x": -1, "_y": -1}, {"_time": 113.476, "_x": 0, "_y": -1}, {"_time": 113.504, "_x": 1, "_y": -1}, {"_time": 113.531, "_x": 1, "_y": 0}, {"_time": 113.558, "_x": 1, "_y": 1}, {"_time": 113.585, "_x": 0, "_y": 1}, {"_time": 113.613, "_x": -1, "_y": 1}, {"_time": 113.64, "_x": -1, "_y": 0}, {"_time": 113.667, "_x": -1, "_y": -1}, {"_time": 113.695, "_x": 0, "_y": -1}, {"_time": 113.722, "_x": 1.74, "_y": -1.03}, {"_time": 114.485, "_x": -1, "_y": 1}, {"_time": 114.513, "_x": -1, "_y": 0}, {"_time": 114.54, "_x": -1, "_y": -1}, {"_time": 114.595, "_x": 1, "_y": -1}, {"_time": 114.608, "_x": 1, "_y": -1}, {"_time": 114.622, "_x": 1, "_y": 0}, {"_time": 114.635, "_x": 1, "_y": 0}, {"_time": 114.649, "_x": 1, "_y": 1}, {"_time": 114.662, "_x": 1, "_y": 1}, {"_time": 114.676, "_x": 0, "_y": 1}, {"_time": 114.689, "_x": 0, "_y": 1}, {"_time": 114.704, "_x": -1, "_y": 1}, {"_time": 114.717, "_x": -1, "_y": 1}, {"_time": 114.731, "_x": -1, "_y": 0}, {"_time": 114.744, "_x": -1, "_y": 0}, {"_time": 114.758, "_x": 0, "_y": 0}, {"_time": 114.771, "_x": 0, "_y": 0}, {"_time": 114.785, "_x": 1, "_y": 0}, {"_time": 114.798, "_x": 1, "_y": 0}, {"_time": 114.813, "_x": 1, "_y": -1}, {"_time": 114.826, "_x": 1, "_y": -1}, {"_time": 114.84, "_x": 0, "_y": -1}, {"_time": 114.853, "_x": 0, "_y": -1}, {"_time": 114.867, "_x": -1, "_y": -1}, {"_time": 114.88, "_x": -1, "_y": -1}, {"_time": 114.895, "_x": -1, "_y": 0}, {"_time": 114.908, "_x": -1, "_y": 0}, {"_time": 114.922, "_x": -1, "_y": 1}, {"_time": 114.935, "_x": -1, "_y": 1}, {"_time": 114.949, "_x": 0, "_y": 1}, {"_time": 114.962, "_x": 0, "_y": 1}, {"_time": 114.976, "_x": 0, "_y": 0}, {"_time": 115.004, "_x": 0, "_y": -1}, {"_time": 115.031, "_x": 1, "_y": -1}, {"_time": 115.058, "_x": 1, "_y": 0}, {"_time": 115.085, "_x": 1, "_y": 1}, {"_time": 115.099, "_x": 1, "_y": 1}, {"_time": 115.112, "_x": 0, "_y": 1}, {"_time": 115.126, "_x": 0, "_y": 1}, {"_time": 115.14, "_x": -1, "_y": 1}, {"_time": 115.154, "_x": -1, "_y": 1}, {"_time": 115.167, "_x": -1, "_y": 0}, {"_time": 115.181, "_x": -1, "_y": 0}, {"_time": 115.194, "_x": 0, "_y": 0}, {"_time": 115.208, "_x": 0, "_y": 0}, {"_time": 115.221, "_x": 1, "_y": 0}, {"_time": 115.235, "_x": 1, "_y": 0}, {"_time": 115.249, "_x": 1, "_y": -1}, {"_time": 115.263, "_x": 1, "_y": -1}, {"_time": 115.276, "_x": 0, "_y": -1}, {"_time": 115.29, "_x": 0, "_y": -1}, {"_time": 115.303, "_x": -1, "_y": -1}, {"_time": 115.317, "_x": -1, "_y": -1}, {"_time": 115.331, "_x": -1, "_y": 0}, {"_time": 115.345, "_x": -1, "_y": 0}, {"_time": 115.358, "_x": -1, "_y": 1}, {"_time": 115.372, "_x": -1, "_y": 1}, {"_time": 115.385, "_x": 0, "_y": 1}, {"_time": 115.399, "_x": 0, "_y": 1}, {"_time": 115.412, "_x": 0, "_y": 0}, {"_time": 115.426, "_x": 0, "_y": 0}, {"_time": 115.44, "_x": 0, "_y": -1}, {"_time": 115.454, "_x": 0, "_y": -1}, {"_time": 115.467, "_x": 1, "_y": -1}, {"_time": 115.481, "_x": 1, "_y": -1}, {"_time": 115.494, "_x": 1, "_y": 0}, {"_time": 115.508, "_x": 1, "_y": 0}, {"_time": 115.521, "_x": 1, "_y": 1}, {"_time": 115.535, "_x": 1, "_y": 1}, {"_time": 115.548, "_x": 0, "_y": 1}, {"_time": 115.576, "_x": -1, "_y": 1}, {"_time": 115.631, "_x": -1, "_y": -1}, {"_time": 115.658, "_x": 0, "_y": -1}, {"_time": 115.685, "_x": 1, "_y": -1}, {"_time": 115.713, "_x": 1, "_y": 0}, {"_time": 115.767, "_x": -1, "_y": 0}, {"_time": 115.795, "_x": -1, "_y": 1}, {"_time": 115.822, "_x": 0, "_y": 1}, {"_time": 115.849, "_x": 1, "_y": 1}, {"_time": 115.876, "_x": 1, "_y": 0}, {"_time": 115.904, "_x": 1, "_y": -1}, {"_time": 115.931, "_x": 0, "_y": -1}, {"_time": 115.985, "_x": 0, "_y": 1}, {"_time": 116.013, "_x": -1, "_y": 1}, {"_time": 116.04, "_x": -1, "_y": 0}, {"_time": 116.067, "_x": -1, "_y": -1}, {"_time": 116.095, "_x": 0, "_y": -1}, {"_time": 116.122, "_x": 1, "_y": -1}, {"_time": 116.149, "_x": 1, "_y": 0}, {"_time": 116.176, "_x": 1, "_y": 1}, {"_time": 116.231, "_x": -1, "_y": 1}, {"_time": 116.258, "_x": -1, "_y": 0}, {"_time": 116.285, "_x": -1, "_y": -1}, {"_time": 116.313, "_x": 0, "_y": -1}, {"_time": 116.34, "_x": 1, "_y": -1}, {"_time": 116.367, "_x": 1, "_y": 0}, {"_time": 116.395, "_x": 1, "_y": 1}, {"_time": 116.422, "_x": 0, "_y": 1}, {"_time": 116.449, "_x": -1, "_y": 1}, {"_time": 116.476, "_x": -1, "_y": 0}, {"_time": 116.504, "_x": -1, "_y": -1}, {"_time": 116.531, "_x": 0, "_y": -1}, {"_time": 116.558, "_x": 0, "_y": 0}, {"_time": 116.585, "_x": 0, "_y": 1}, {"_time": 116.613, "_x": 1, "_y": 1}, {"_time": 116.64, "_x": 1, "_y": 0}, {"_time": 116.667, "_x": 1, "_y": -1}, {"_time": 116.695, "_x": 0, "_y": -1}, {"_time": 116.722, "_x": 0, "_y": 0}, {"_time": 116.749, "_x": 0, "_y": 1}, {"_time": 116.776, "_x": -1, "_y": 1}, {"_time": 116.804, "_x": -1, "_y": 0}, {"_time": 116.831, "_x": -1, "_y": -1}, {"_time": 116.858, "_x": 0, "_y": -1}, {"_time": 116.885, "_x": 1, "_y": -1}, {"_time": 116.913, "_x": 1, "_y": 0}, {"_time": 116.94, "_x": 0, "_y": 0}, {"_time": 116.967, "_x": -1, "_y": 0}, {"_time": 116.995, "_x": -1, "_y": 1}, {"_time": 117.022, "_x": 0, "_y": 1}, {"_time": 117.049, "_x": 1, "_y": 1}, {"_time": 117.076, "_x": 1, "_y": 0}, {"_time": 117.104, "_x": 1, "_y": -1}, {"_time": 117.131, "_x": 0, "_y": -1}, {"_time": 117.158, "_x": -1, "_y": -1}, {"_time": 117.185, "_x": -1, "_y": 0}, {"_time": 117.213, "_x": -1, "_y": 1}, {"_time": 117.24, "_x": 0, "_y": 1}, {"_time": 117.267, "_x": 0, "_y": 0}, {"_time": 117.295, "_x": 0, "_y": -1}, {"_time": 117.322, "_x": 1.54, "_y": -0.85}, {"_time": 117.649, "_x": -0.52, "_y": 1.5999999}, {"_time": 117.976, "_x": -1.36, "_y": -1.43000007}, {"_time": 118.141, "_x": 1, "_y": 0}, {"_time": 118.154, "_x": 1, "_y": 0}, {"_time": 118.167, "_x": 1, "_y": 1}, {"_time": 118.18, "_x": 1, "_y": 1}, {"_time": 118.195, "_x": 0, "_y": 1}, {"_time": 118.208, "_x": 0, "_y": 1}, {"_time": 118.222, "_x": 0, "_y": 0}, {"_time": 118.235, "_x": 0, "_y": 0}, {"_time": 118.249, "_x": 0, "_y": -1}, {"_time": 118.262, "_x": 0, "_y": -1}, {"_time": 118.276, "_x": -1, "_y": -1}, {"_time": 118.289, "_x": -1, "_y": -1}, {"_time": 118.304, "_x": -1, "_y": 0}, {"_time": 118.317, "_x": -1, "_y": 0}, {"_time": 118.331, "_x": -1, "_y": 1}, {"_time": 118.344, "_x": -1, "_y": 1}, {"_time": 118.358, "_x": 0, "_y": 1}, {"_time": 118.385, "_x": 1, "_y": 1}, {"_time": 118.44, "_x": 1, "_y": -1}, {"_time": 118.467, "_x": 0, "_y": -1}, {"_time": 118.495, "_x": -1, "_y": -1}, {"_time": 118.522, "_x": -1, "_y": 0}, {"_time": 118.549, "_x": -1, "_y": 1}, {"_time": 118.576, "_x": 0, "_y": 1}, {"_time": 118.604, "_x": 0, "_y": 0}, {"_time": 118.631, "_x": 0, "_y": -1}, {"_time": 118.658, "_x": 1, "_y": -1}, {"_time": 118.685, "_x": 1, "_y": 0}, {"_time": 118.713, "_x": 1, "_y": 1}, {"_time": 118.741, "_x": 0, "_y": 1}, {"_time": 118.767, "_x": -1, "_y": 1}, {"_time": 118.795, "_x": -1, "_y": 0}, {"_time": 118.822, "_x": 0, "_y": 0}, {"_time": 118.849, "_x": 1, "_y": 0}, {"_time": 118.876, "_x": 1, "_y": -1}, {"_time": 118.904, "_x": 0, "_y": -1}, {"_time": 118.931, "_x": -1, "_y": -1}, {"_time": 118.958, "_x": -1, "_y": 0}, {"_time": 118.985, "_x": -1, "_y": 1}, {"_time": 119.04, "_x": 1, "_y": 1}, {"_time": 119.067, "_x": 1, "_y": 0}, {"_time": 119.095, "_x": 1, "_y": -1}, {"_time": 119.149, "_x": -1, "_y": -1}, {"_time": 119.176, "_x": -1, "_y": 0}, {"_time": 119.204, "_x": -1, "_y": 1}, {"_time": 119.258, "_x": 1, "_y": 1}, {"_time": 119.285, "_x": 1, "_y": 0}, {"_time": 119.313, "_x": 1, "_y": -1}, {"_time": 119.34, "_x": 0, "_y": -1}, {"_time": 119.367, "_x": -1, "_y": -1}, {"_time": 119.395, "_x": -1, "_y": 0}, {"_time": 119.449, "_x": 1, "_y": 0}, {"_time": 119.476, "_x": 1, "_y": 1}, {"_time": 119.504, "_x": 0, "_y": 1}, {"_time": 119.531, "_x": -1, "_y": 1}, {"_time": 119.558, "_x": -1, "_y": 0}, {"_time": 119.585, "_x": -1, "_y": -1}, {"_time": 119.613, "_x": 0, "_y": -1}, {"_time": 119.64, "_x": 1, "_y": -1}, {"_time": 119.667, "_x": 1, "_y": 0}, {"_time": 119.695, "_x": 1, "_y": 1}, {"_time": 119.722, "_x": 0, "_y": 1}, {"_time": 119.749, "_x": 0, "_y": 0}, {"_time": 119.776, "_x": 0, "_y": -1}, {"_time": 119.804, "_x": -1, "_y": -1}, {"_time": 119.831, "_x": -1, "_y": 0}, {"_time": 119.858, "_x": -1, "_y": 1}, {"_time": 119.913, "_x": 1, "_y": 1}, {"_time": 119.94, "_x": 1, "_y": 0}, {"_time": 119.967, "_x": 1, "_y": -1}, {"_time": 120.022, "_x": -1, "_y": -1}, {"_time": 120.049, "_x": -1, "_y": 0}, {"_time": 120.076, "_x": -1, "_y": 1}, {"_time": 120.131, "_x": 1, "_y": 1}, {"_time": 120.158, "_x": 1, "_y": 0}, {"_time": 120.185, "_x": 0, "_y": 0}, {"_time": 120.213, "_x": -1, "_y": 0}, {"_time": 120.24, "_x": -1, "_y": -1}, {"_time": 120.267, "_x": 0, "_y": -1}, {"_time": 120.295, "_x": 1, "_y": -1}, {"_time": 120.322, "_x": 1, "_y": 0}, {"_time": 120.349, "_x": 1, "_y": 1}, {"_time": 120.376, "_x": 0, "_y": 1}, {"_time": 120.404, "_x": -1, "_y": 1}, {"_time": 120.431, "_x": -1, "_y": 0}, {"_time": 120.458, "_x": -1, "_y": -1}, {"_time": 120.485, "_x": 0, "_y": -1}, {"_time": 120.513, "_x": 0, "_y": 0}, {"_time": 120.54, "_x": 0, "_y": 1}, {"_time": 120.567, "_x": 1, "_y": 1}, {"_time": 120.595, "_x": 1, "_y": 0}, {"_time": 120.622, "_x": 1, "_y": -1}, {"_time": 120.649, "_x": 0, "_y": -1}, {"_time": 120.676, "_x": -1, "_y": -1}, {"_time": 120.704, "_x": -1, "_y": 0}, {"_time": 120.731, "_x": -1, "_y": 1}, {"_time": 120.758, "_x": 0, "_y": 1}, {"_time": 120.785, "_x": 1, "_y": 1}, {"_time": 120.813, "_x": 1, "_y": 1}, {"_time": 120.84, "_x": 1, "_y": 0}, {"_time": 120.867, "_x": 1, "_y": 0}, {"_time": 120.895, "_x": 1, "_y": -1}, {"_time": 120.922, "_x": 1, "_y": -1}, {"_time": 120.949, "_x": 0, "_y": -1}, {"_time": 120.976, "_x": 0, "_y": -1}, {"_time": 121.004, "_x": -1, "_y": -1}, {"_time": 121.031, "_x": -1, "_y": -1}, {"_time": 121.14, "_x": -1, "_y": 1}, {"_time": 121.154, "_x": -1, "_y": 1}, {"_time": 121.167, "_x": 0, "_y": 1}, {"_time": 121.181, "_x": 0, "_y": 1}, {"_time": 121.195, "_x": 1, "_y": 1}, {"_time": 121.209, "_x": 1, "_y": 1}, {"_time": 121.222, "_x": 1, "_y": 0}, {"_time": 121.236, "_x": 1, "_y": 0}, {"_time": 121.249, "_x": 0, "_y": 0}, {"_time": 121.263, "_x": 0, "_y": 0}, {"_time": 121.276, "_x": -1, "_y": 0}, {"_time": 121.29, "_x": -1, "_y": 0}, {"_time": 121.304, "_x": -1, "_y": -1}, {"_time": 121.318, "_x": -1, "_y": -1}, {"_time": 121.331, "_x": 0, "_y": -1}, {"_time": 121.358, "_x": 1, "_y": -1}, {"_time": 121.385, "_x": 1, "_y": 0}, {"_time": 121.413, "_x": 1, "_y": 1}, {"_time": 121.44, "_x": 0, "_y": 1}, {"_time": 121.467, "_x": 0, "_y": 0}, {"_time": 121.495, "_x": 0, "_y": -1}, {"_time": 121.522, "_x": -1, "_y": -1}, {"_time": 121.549, "_x": -1, "_y": 0}, {"_time": 121.576, "_x": -1, "_y": 1}, {"_time": 121.604, "_x": 0, "_y": 1}, {"_time": 121.631, "_x": 1, "_y": 1}, {"_time": 121.658, "_x": 1, "_y": 0}, {"_time": 121.713, "_x": -1, "_y": 0}, {"_time": 121.74, "_x": -1, "_y": -1}, {"_time": 121.767, "_x": 0, "_y": -1}, {"_time": 121.822, "_x": 1, "_y": 0}, {"_time": 121.849, "_x": 1, "_y": 1}, {"_time": 121.876, "_x": 0, "_y": 1}, {"_time": 121.904, "_x": -1, "_y": 1}, {"_time": 121.931, "_x": -1, "_y": 0}, {"_time": 121.958, "_x": 0, "_y": 0}, {"_time": 121.985, "_x": 1, "_y": 0}, {"_time": 122.013, "_x": 1, "_y": -1}, {"_time": 122.067, "_x": -1, "_y": -1}, {"_time": 122.095, "_x": -1, "_y": 0}, {"_time": 122.122, "_x": -1, "_y": 1}, {"_time": 122.149, "_x": 0, "_y": 1}, {"_time": 122.176, "_x": 0, "_y": 0}, {"_time": 122.204, "_x": 0, "_y": -1}, {"_time": 122.231, "_x": 1, "_y": -1}, {"_time": 122.258, "_x": 1, "_y": 0}, {"_time": 122.285, "_x": 1, "_y": 1}, {"_time": 122.313, "_x": 0, "_y": 1}, {"_time": 122.34, "_x": -1, "_y": 1}, {"_time": 122.368, "_x": -1, "_y": 0}, {"_time": 122.395, "_x": -1, "_y": -1}, {"_time": 122.422, "_x": 0, "_y": -1}, {"_time": 122.449, "_x": 0, "_y": 0}, {"_time": 122.476, "_x": 0, "_y": 1}, {"_time": 122.504, "_x": 1, "_y": 1}, {"_time": 122.531, "_x": 1, "_y": 0}, {"_time": 122.558, "_x": 0.99, "_y": -1.53}, {"_time": 122.885, "_x": -1, "_y": 1}, {"_time": 122.913, "_x": 0, "_y": 1}, {"_time": 122.94, "_x": 1, "_y": 1}, {"_time": 122.967, "_x": 1, "_y": 0}, {"_time": 122.995, "_x": 0, "_y": 0}, {"_time": 123.022, "_x": -1, "_y": 0}, {"_time": 123.049, "_x": -1, "_y": -1}, {"_time": 123.076, "_x": 0, "_y": -1}, {"_time": 123.104, "_x": 1, "_y": -1}, {"_time": 123.131, "_x": 1, "_y": 0}, {"_time": 123.158, "_x": 1, "_y": 1}, {"_time": 123.213, "_x": -1, "_y": 1}, {"_time": 123.24, "_x": -1, "_y": 0}, {"_time": 123.267, "_x": -1, "_y": -1}, {"_time": 123.295, "_x": 0, "_y": -1}, {"_time": 123.322, "_x": 1, "_y": -1}, {"_time": 123.376, "_x": 1, "_y": 1}, {"_time": 123.404, "_x": 0, "_y": 1}, {"_time": 123.431, "_x": 0, "_y": 0}, {"_time": 123.458, "_x": 0, "_y": -1}, {"_time": 123.485, "_x": -1, "_y": -1}, {"_time": 123.54, "_x": -1, "_y": 1}, {"_time": 123.567, "_x": 0, "_y": 1}, {"_time": 123.595, "_x": 0, "_y": 0}, {"_time": 123.622, "_x": 0, "_y": -1}, {"_time": 123.649, "_x": 1, "_y": -1}, {"_time": 123.676, "_x": 1, "_y": 0}, {"_time": 123.704, "_x": 0, "_y": 0}, {"_time": 123.731, "_x": -1, "_y": 0}, {"_time": 123.758, "_x": -1, "_y": 1}, {"_time": 123.785, "_x": 0, "_y": 1}, {"_time": 123.813, "_x": 1, "_y": 1}, {"_time": 123.84, "_x": 1, "_y": 0}, {"_time": 123.867, "_x": 1, "_y": -1}, {"_time": 123.922, "_x": -1, "_y": -1}, {"_time": 123.949, "_x": -1, "_y": 0}, {"_time": 123.976, "_x": -1, "_y": 1}, {"_time": 124.004, "_x": 0, "_y": 1}, {"_time": 124.031, "_x": 0, "_y": 0}, {"_time": 124.058, "_x": 0, "_y": -1}, {"_time": 124.085, "_x": 1, "_y": -1}, {"_time": 124.113, "_x": 1, "_y": 0}, {"_time": 124.14, "_x": 1, "_y": 1}, {"_time": 124.167, "_x": 0, "_y": 1}, {"_time": 124.195, "_x": -1, "_y": 1}, {"_time": 124.222, "_x": -1, "_y": 0}, {"_time": 124.249, "_x": -1, "_y": -1}, {"_time": 124.276, "_x": 0, "_y": -1}, {"_time": 124.304, "_x": 1.8, "_y": -1.02}, {"_time": 124.632, "_x": -1.57999992, "_y": 0.0299999714}, {"_time": 124.958, "_x": 1.5, "_y": 1.53}, {"_time": 125.122, "_x": 0, "_y": -1}, {"_time": 125.149, "_x": -1, "_y": -1}, {"_time": 125.176, "_x": -1, "_y": 0}, {"_time": 125.204, "_x": -1, "_y": 1}, {"_time": 125.231, "_x": 0, "_y": 1}, {"_time": 125.258, "_x": 0, "_y": 0}, {"_time": 125.285, "_x": 0, "_y": -1}, {"_time": 125.313, "_x": 1, "_y": -1}, {"_time": 125.367, "_x": 1, "_y": 1}, {"_time": 125.395, "_x": 0, "_y": 1}, {"_time": 125.422, "_x": -1, "_y": 1}, {"_time": 125.449, "_x": -1, "_y": 0}, {"_time": 125.504, "_x": 1, "_y": 0}, {"_time": 125.531, "_x": 1, "_y": -1}, {"_time": 125.585, "_x": -1, "_y": -1}, {"_time": 125.613, "_x": -1, "_y": 0}, {"_time": 125.64, "_x": -1, "_y": 1}, {"_time": 125.667, "_x": 0, "_y": 1}, {"_time": 125.695, "_x": 1, "_y": 1}, {"_time": 125.722, "_x": 1, "_y": 0}, {"_time": 125.749, "_x": 1, "_y": -1}, {"_time": 125.776, "_x": 0, "_y": -1}, {"_time": 125.804, "_x": 0, "_y": 0}, {"_time": 125.831, "_x": 0, "_y": 1}, {"_time": 125.858, "_x": -1, "_y": 1}, {"_time": 125.885, "_x": -1, "_y": 0}, {"_time": 125.913, "_x": -1, "_y": -1}, {"_time": 125.94, "_x": 0, "_y": -1}, {"_time": 125.967, "_x": 1, "_y": -1}, {"_time": 125.995, "_x": 1, "_y": 0}, {"_time": 126.022, "_x": 1.01, "_y": 1.55}, {"_time": 126.322, "_x": -1, "_y": 1}, {"_time": 126.349, "_x": -1, "_y": 0}, {"_time": 126.376, "_x": -1, "_y": -1}, {"_time": 126.404, "_x": 0, "_y": -1}, {"_time": 126.458, "_x": 0, "_y": 1}, {"_time": 126.485, "_x": 1, "_y": 1}, {"_time": 126.513, "_x": 1, "_y": 0}, {"_time": 126.54, "_x": 1, "_y": -1}, {"_time": 126.567, "_x": 0, "_y": -1}, {"_time": 126.595, "_x": -1, "_y": -1}, {"_time": 126.622, "_x": -1, "_y": 0}, {"_time": 126.676, "_x": 1, "_y": 0}, {"_time": 126.704, "_x": 1, "_y": 1}, {"_time": 126.731, "_x": 0, "_y": 1}, {"_time": 126.758, "_x": -1, "_y": 1}, {"_time": 126.785, "_x": -1, "_y": 0}, {"_time": 126.813, "_x": -1, "_y": -1}, {"_time": 126.84, "_x": 0, "_y": -1}, {"_time": 126.867, "_x": 1, "_y": -1}, {"_time": 126.922, "_x": 1.02, "_y": 1.52}, {"_time": 127.249, "_x": -1, "_y": 1}, {"_time": 127.276, "_x": -1, "_y": 0}, {"_time": 127.304, "_x": 0, "_y": -1}, {"_time": 127.331, "_x": 1, "_y": -1}, {"_time": 127.358, "_x": 1, "_y": 0}, {"_time": 127.385, "_x": 0, "_y": 1}, {"_time": 127.413, "_x": -1, "_y": 1}, {"_time": 127.44, "_x": -1, "_y": 0}, {"_time": 127.467, "_x": 0, "_y": -1}, {"_time": 127.495, "_x": 1, "_y": 0}, {"_time": 127.522, "_x": 1, "_y": 1}, {"_time": 127.549, "_x": 0, "_y": 1}, {"_time": 127.576, "_x": -1, "_y": 0}, {"_time": 127.604, "_x": -1, "_y": -1}, {"_time": 127.631, "_x": 0, "_y": -1}, {"_time": 127.658, "_x": 1, "_y": 0}, {"_time": 127.685, "_x": 1, "_y": 1}, {"_time": 128.122, "_x": 0.919999957, "_y": 0.960000038}, {"_time": 128.558, "_x": 0.679999948, "_y": 0.74}, {"_time": 128.995, "_x": -1, "_y": -1}, {"_time": 129.431, "_x": 0.480000019, "_y": 0.52}, {"_time": 129.867, "_x": 0.190000057, "_y": 0.269999981}, {"_time": 130.304, "_x": -0.87, "_y": -0.83}, {"_time": 130.74, "_x": -0.52, "_y": -0.5}, {"_time": 131.176, "_x": 0.110000014, "_y": 0.120000005}, {"_time": 131.614, "_x": -0.13, "_y": -0.0899999738}, {"_time": 132.049, "_x": 0, "_y": 0}, {"_time": 132.487, "_x": 0, "_y": 0}, {"_time": 132.922, "_x": 0, "_y": 0}, {"_time": 133.358, "_x": 0, "_y": 0}, {"_time": 133.795, "_x": 0, "_y": 0}, {"_time": 134.231, "_x": 0, "_y": 0}, {"_time": 134.667, "_x": 0, "_y": 0}, {"_time": 135.105, "_x": 0, "_y": 0}, {"_time": 135.54, "_x": 0, "_y": 0}, {"_time": 135.976, "_x": 0, "_y": 0}]}