{"_approachDistance": 50, "_approachTime": 1, "_name": "Dyamo ver", "_notes": [{"_time": 1.634, "_x": -1, "_y": -1}, {"_time": 1.788, "_x": -1, "_y": 0}, {"_time": 1.943, "_x": 0, "_y": 1}, {"_time": 2.099, "_x": 1, "_y": 1}, {"_time": 2.565, "_x": 1, "_y": 1}, {"_time": 2.876, "_x": 1, "_y": -1}, {"_time": 3.342, "_x": -1, "_y": 0}, {"_time": 4.12, "_x": 1, "_y": 1}, {"_time": 4.741, "_x": -1, "_y": -1}, {"_time": 4.897, "_x": 0, "_y": -1}, {"_time": 5.052, "_x": 1, "_y": -1}, {"_time": 5.208, "_x": 1, "_y": 0}, {"_time": 5.363, "_x": 1, "_y": 1}, {"_time": 5.829, "_x": 1, "_y": 1}, {"_time": 6.296, "_x": -1, "_y": 0}, {"_time": 6.607, "_x": 1, "_y": -1}, {"_time": 7.384, "_x": 0, "_y": 1}, {"_time": 7.539, "_x": -1, "_y": -1}, {"_time": 7.695, "_x": -1, "_y": 0}, {"_time": 7.85, "_x": 1, "_y": 1}, {"_time": 9.405, "_x": -1, "_y": -1}, {"_time": 9.871, "_x": -1, "_y": 0}, {"_time": 10.337, "_x": -1, "_y": 1}, {"_time": 10.415, "_x": 1, "_y": 0}, {"_time": 10.493, "_x": -1, "_y": -1}, {"_time": 10.57, "_x": 0, "_y": 1}, {"_time": 10.648, "_x": 0, "_y": -1}, {"_time": 10.726, "_x": -1, "_y": 1}, {"_time": 10.803, "_x": 1, "_y": 0}, {"_time": 10.881, "_x": -1, "_y": 0}, {"_time": 10.959, "_x": 1, "_y": -1}, {"_time": 11.037, "_x": -1, "_y": -1}, {"_time": 11.114, "_x": 1, "_y": 0}, {"_time": 11.192, "_x": -1, "_y": 1}, {"_time": 11.27, "_x": 0, "_y": -1}, {"_time": 11.348, "_x": 0, "_y": 1}, {"_time": 11.425, "_x": -1, "_y": -1}, {"_time": 11.503, "_x": 1, "_y": 1}, {"_time": 11.581, "_x": -1, "_y": 0}, {"_time": 11.658, "_x": 1, "_y": 0}, {"_time": 11.736, "_x": -1, "_y": -1}, {"_time": 11.814, "_x": 0, "_y": 1}, {"_time": 11.892, "_x": 0, "_y": -1}, {"_time": 11.969, "_x": -1, "_y": 1}, {"_time": 12.047, "_x": 1, "_y": -1}, {"_time": 12.125, "_x": -1, "_y": 0}, {"_time": 12.202, "_x": 1, "_y": 0}, {"_time": 12.28, "_x": -1, "_y": 1}, {"_time": 12.358, "_x": 1, "_y": 1}, {"_time": 12.436, "_x": -1, "_y": 0}, {"_time": 12.514, "_x": 1, "_y": -1}, {"_time": 12.591, "_x": 0, "_y": 1}, {"_time": 12.669, "_x": -1, "_y": -1}, {"_time": 12.746, "_x": 1, "_y": 0}, {"_time": 12.824, "_x": -1, "_y": 1}, {"_time": 12.902, "_x": 0, "_y": -1}, {"_time": 12.98, "_x": 0, "_y": 1}, {"_time": 13.057, "_x": -1, "_y": -1}, {"_time": 13.135, "_x": 1, "_y": 1}, {"_time": 13.213, "_x": -1, "_y": 0}, {"_time": 13.291, "_x": 1, "_y": -1}, {"_time": 13.368, "_x": 0, "_y": 1}, {"_time": 13.446, "_x": 0, "_y": -1}, {"_time": 13.524, "_x": 1, "_y": 1}, {"_time": 13.601, "_x": -1, "_y": -1}, {"_time": 13.679, "_x": 1, "_y": 0}, {"_time": 13.757, "_x": -1, "_y": 0}, {"_time": 13.835, "_x": 1, "_y": 1}, {"_time": 13.912, "_x": -1, "_y": 1}, {"_time": 13.99, "_x": 1, "_y": 0}, {"_time": 14.068, "_x": -1, "_y": -1}, {"_time": 14.145, "_x": 0, "_y": 1}, {"_time": 14.223, "_x": 0, "_y": -1}, {"_time": 14.301, "_x": -1, "_y": 1}, {"_time": 14.379, "_x": 1, "_y": 0}, {"_time": 14.456, "_x": -1, "_y": 0}, {"_time": 14.534, "_x": 1, "_y": -1}, {"_time": 14.612, "_x": -1, "_y": -1}, {"_time": 14.689, "_x": 1, "_y": 0}, {"_time": 14.767, "_x": -1, "_y": 1}, {"_time": 14.845, "_x": 0, "_y": -1}, {"_time": 14.923, "_x": 1, "_y": 1}, {"_time": 15, "_x": -1, "_y": 0}, {"_time": 15.078, "_x": 1, "_y": -1}, {"_time": 15.156, "_x": 0, "_y": 1}, {"_time": 15.234, "_x": 0, "_y": -1}, {"_time": 15.311, "_x": 1, "_y": 1}, {"_time": 15.389, "_x": -1, "_y": -1}, {"_time": 15.467, "_x": 1, "_y": 0}, {"_time": 15.544, "_x": -1, "_y": 0}, {"_time": 15.622, "_x": 1, "_y": 1}, {"_time": 15.7, "_x": -1, "_y": 1}, {"_time": 15.778, "_x": 1, "_y": 0}, {"_time": 15.855, "_x": -1, "_y": -1}, {"_time": 15.933, "_x": 0, "_y": 1}, {"_time": 16.011, "_x": 0, "_y": -1}, {"_time": 16.088, "_x": 1, "_y": 1}, {"_time": 16.166, "_x": 1, "_y": -1}, {"_time": 16.244, "_x": 0, "_y": 1}, {"_time": 16.322, "_x": -1, "_y": -1}, {"_time": 16.399, "_x": -1, "_y": 1}, {"_time": 16.477, "_x": 0, "_y": -1}, {"_time": 16.555, "_x": 1, "_y": 1}, {"_time": 16.632, "_x": -1, "_y": 0}, {"_time": 16.71, "_x": 1, "_y": -1}, {"_time": 16.788, "_x": 0, "_y": 1}, {"_time": 16.866, "_x": -1, "_y": -1}, {"_time": 16.943, "_x": 1, "_y": 0}, {"_time": 17.021, "_x": -1, "_y": 1}, {"_time": 17.099, "_x": 1, "_y": 1}, {"_time": 17.177, "_x": -1, "_y": 0}, {"_time": 17.254, "_x": 1, "_y": -1}, {"_time": 17.332, "_x": -1, "_y": -1}, {"_time": 17.41, "_x": 1, "_y": 0}, {"_time": 17.487, "_x": -1, "_y": 1}, {"_time": 17.565, "_x": 0, "_y": -1}, {"_time": 17.643, "_x": 1, "_y": 1}, {"_time": 17.721, "_x": -1, "_y": 0}, {"_time": 17.798, "_x": 1, "_y": -1}, {"_time": 17.876, "_x": 0, "_y": 1}, {"_time": 17.954, "_x": 0, "_y": -1}, {"_time": 18.031, "_x": 1, "_y": 1}, {"_time": 18.109, "_x": -1, "_y": -1}, {"_time": 18.187, "_x": 1, "_y": 0}, {"_time": 18.265, "_x": -1, "_y": 0}, {"_time": 18.342, "_x": 1, "_y": 1}, {"_time": 18.42, "_x": -1, "_y": 1}, {"_time": 18.498, "_x": 1, "_y": 0}, {"_time": 18.576, "_x": -1, "_y": -1}, {"_time": 18.653, "_x": 0, "_y": 1}, {"_time": 18.731, "_x": 0, "_y": -1}, {"_time": 18.809, "_x": -1, "_y": 1}, {"_time": 18.886, "_x": 1, "_y": 0}, {"_time": 18.964, "_x": -1, "_y": -1}, {"_time": 19.042, "_x": 0, "_y": 1}, {"_time": 19.12, "_x": 0, "_y": -1}, {"_time": 19.197, "_x": 1, "_y": 1}, {"_time": 19.275, "_x": -1, "_y": 0}, {"_time": 19.353, "_x": 1, "_y": -1}, {"_time": 19.43, "_x": -1, "_y": 1}, {"_time": 19.508, "_x": 0, "_y": -1}, {"_time": 19.586, "_x": 0, "_y": 1}, {"_time": 19.664, "_x": -1, "_y": -1}, {"_time": 19.741, "_x": 1, "_y": 1}, {"_time": 19.819, "_x": -1, "_y": 0}, {"_time": 19.897, "_x": 1, "_y": 0}, {"_time": 19.974, "_x": -1, "_y": -1}, {"_time": 20.052, "_x": 1, "_y": -1}, {"_time": 20.13, "_x": -1, "_y": 0}, {"_time": 20.208, "_x": 1, "_y": 1}, {"_time": 20.285, "_x": -1, "_y": 1}, {"_time": 20.363, "_x": 1, "_y": 0}, {"_time": 20.441, "_x": -1, "_y": -1}, {"_time": 20.519, "_x": 1, "_y": -1}, {"_time": 20.596, "_x": -1, "_y": 0}, {"_time": 20.674, "_x": 1, "_y": 1}, {"_time": 20.752, "_x": 0, "_y": -1}, {"_time": 20.829, "_x": 0, "_y": 1}, {"_time": 20.907, "_x": -1, "_y": -1}, {"_time": 20.985, "_x": -1, "_y": 1}, {"_time": 21.063, "_x": 0, "_y": -1}, {"_time": 21.14, "_x": 1, "_y": 1}, {"_time": 21.218, "_x": 1, "_y": -1}, {"_time": 21.296, "_x": 0, "_y": 1}, {"_time": 21.373, "_x": -1, "_y": -1}, {"_time": 21.451, "_x": 1, "_y": 0}, {"_time": 21.529, "_x": -1, "_y": 0}, {"_time": 21.607, "_x": 1, "_y": 1}, {"_time": 21.684, "_x": 0, "_y": -1}, {"_time": 21.762, "_x": 0, "_y": 1}, {"_time": 21.84, "_x": 1, "_y": -1}, {"_time": 21.917, "_x": -1, "_y": 0}, {"_time": 21.995, "_x": 1, "_y": 0}, {"_time": 22.073, "_x": -1, "_y": 1}, {"_time": 22.151, "_x": 0, "_y": -1}, {"_time": 22.228, "_x": 1, "_y": 1}, {"_time": 22.306, "_x": -1, "_y": -1}, {"_time": 22.384, "_x": 1, "_y": 0}, {"_time": 22.462, "_x": -1, "_y": 1}, {"_time": 22.539, "_x": 1, "_y": -1}, {"_time": 22.617, "_x": 0, "_y": 1}, {"_time": 22.695, "_x": 0, "_y": -1}, {"_time": 22.772, "_x": 1, "_y": 1}, {"_time": 22.85, "_x": -1, "_y": 0}, {"_time": 22.928, "_x": 1, "_y": 0}, {"_time": 23.006, "_x": -1, "_y": -1}, {"_time": 23.083, "_x": 0, "_y": 1}, {"_time": 23.161, "_x": 0, "_y": -1}, {"_time": 23.239, "_x": 1, "_y": 1}, {"_time": 23.316, "_x": -1, "_y": 0}, {"_time": 23.394, "_x": 1, "_y": 0}, {"_time": 23.472, "_x": -1, "_y": -1}, {"_time": 23.55, "_x": 0, "_y": 1}, {"_time": 23.627, "_x": 0, "_y": -1}, {"_time": 23.705, "_x": 1, "_y": 1}, {"_time": 23.783, "_x": -1, "_y": 0}, {"_time": 23.86, "_x": 1, "_y": 0}, {"_time": 23.938, "_x": -1, "_y": -1}, {"_time": 24.016, "_x": 0, "_y": 1}, {"_time": 24.094, "_x": 0, "_y": -1}, {"_time": 24.171, "_x": -1, "_y": 1}, {"_time": 24.249, "_x": 1, "_y": 0}, {"_time": 24.327, "_x": -1, "_y": 0}, {"_time": 24.405, "_x": 1, "_y": -1}, {"_time": 24.482, "_x": 0, "_y": 1}, {"_time": 24.56, "_x": 0, "_y": -1}, {"_time": 24.638, "_x": -1, "_y": 1}, {"_time": 24.715, "_x": 1, "_y": 0}, {"_time": 24.793, "_x": -1, "_y": 0}, {"_time": 24.871, "_x": 1, "_y": -1}, {"_time": 24.949, "_x": 0, "_y": 1}, {"_time": 25.026, "_x": 0, "_y": -1}, {"_time": 25.104, "_x": -1, "_y": 1}, {"_time": 25.182, "_x": 1, "_y": 0}, {"_time": 25.259, "_x": -1, "_y": 0}, {"_time": 25.337, "_x": 1, "_y": 1}, {"_time": 25.415, "_x": 0, "_y": -1}, {"_time": 25.493, "_x": -1, "_y": 1}, {"_time": 25.57, "_x": 1, "_y": 0}, {"_time": 25.648, "_x": -1, "_y": -1}, {"_time": 25.726, "_x": 0, "_y": 1}, {"_time": 25.803, "_x": 1, "_y": -1}, {"_time": 25.881, "_x": -1, "_y": 1}, {"_time": 25.959, "_x": 0, "_y": -1}, {"_time": 26.037, "_x": 1, "_y": 1}, {"_time": 26.114, "_x": -1, "_y": 0}, {"_time": 26.192, "_x": 1, "_y": -1}, {"_time": 26.27, "_x": 0, "_y": 1}, {"_time": 26.348, "_x": -1, "_y": -1}, {"_time": 26.425, "_x": 1, "_y": 0}, {"_time": 26.503, "_x": -1, "_y": 0}, {"_time": 26.581, "_x": 1, "_y": 1}, {"_time": 26.658, "_x": 0, "_y": -1}, {"_time": 26.736, "_x": -1, "_y": 1}, {"_time": 26.814, "_x": 1, "_y": 0}, {"_time": 26.892, "_x": -1, "_y": -1}, {"_time": 26.969, "_x": 0, "_y": 1}, {"_time": 27.047, "_x": 1, "_y": -1}, {"_time": 27.125, "_x": -1, "_y": 0}, {"_time": 27.202, "_x": 1, "_y": 1}, {"_time": 27.28, "_x": 0, "_y": -1}, {"_time": 27.358, "_x": -1, "_y": 1}, {"_time": 27.436, "_x": 1, "_y": 0}, {"_time": 27.513, "_x": -1, "_y": -1}, {"_time": 27.591, "_x": 0, "_y": 1}, {"_time": 27.669, "_x": 1, "_y": -1}, {"_time": 27.746, "_x": -1, "_y": 0}, {"_time": 27.824, "_x": 1, "_y": 0}, {"_time": 27.902, "_x": -1, "_y": 1}, {"_time": 27.98, "_x": 0, "_y": -1}, {"_time": 28.057, "_x": 1, "_y": 1}, {"_time": 28.135, "_x": -1, "_y": 0}, {"_time": 28.213, "_x": 1, "_y": 0}, {"_time": 28.291, "_x": -1, "_y": 1}, {"_time": 28.368, "_x": 0, "_y": -1}, {"_time": 28.446, "_x": 1, "_y": 1}, {"_time": 28.524, "_x": -1, "_y": 0}, {"_time": 28.601, "_x": 1, "_y": 0}, {"_time": 28.679, "_x": -1, "_y": 1}, {"_time": 28.757, "_x": 0, "_y": -1}, {"_time": 28.835, "_x": 1, "_y": 1}, {"_time": 28.912, "_x": -1, "_y": 0}, {"_time": 28.99, "_x": 1, "_y": -1}, {"_time": 29.068, "_x": -1, "_y": 1}, {"_time": 29.145, "_x": 1, "_y": 0}, {"_time": 29.223, "_x": -1, "_y": 0}, {"_time": 29.301, "_x": 1, "_y": 1}, {"_time": 29.379, "_x": -1, "_y": -1}, {"_time": 29.456, "_x": 0, "_y": 1}, {"_time": 29.534, "_x": 0, "_y": -1}, {"_time": 29.612, "_x": -1, "_y": 1}, {"_time": 29.689, "_x": 1, "_y": -1}, {"_time": 29.767, "_x": -1, "_y": 0}, {"_time": 29.845, "_x": 1, "_y": 0}, {"_time": 29.923, "_x": -1, "_y": -1}, {"_time": 30, "_x": 1, "_y": 1}, {"_time": 30.078, "_x": 0, "_y": -1}, {"_time": 30.156, "_x": 0, "_y": 1}, {"_time": 30.234, "_x": -1, "_y": -1}, {"_time": 30.311, "_x": 1, "_y": 0}, {"_time": 30.389, "_x": -1, "_y": 0}, {"_time": 30.467, "_x": 1, "_y": 1}, {"_time": 30.544, "_x": 0, "_y": -1}, {"_time": 30.622, "_x": -1, "_y": 1}, {"_time": 30.7, "_x": 1, "_y": -1}, {"_time": 30.778, "_x": -1, "_y": 0}, {"_time": 30.855, "_x": 1, "_y": 0}, {"_time": 30.933, "_x": -1, "_y": 1}, {"_time": 31.011, "_x": 1, "_y": 1}, {"_time": 31.088, "_x": -1, "_y": 0}, {"_time": 31.166, "_x": 1, "_y": -1}, {"_time": 31.244, "_x": -1, "_y": -1}, {"_time": 31.322, "_x": 1, "_y": 0}, {"_time": 31.399, "_x": -1, "_y": 1}, {"_time": 31.477, "_x": 1, "_y": -1}, {"_time": 31.555, "_x": 0, "_y": 1}, {"_time": 31.632, "_x": -1, "_y": -1}, {"_time": 31.71, "_x": -1, "_y": 1}, {"_time": 31.788, "_x": 0, "_y": -1}, {"_time": 31.866, "_x": 1, "_y": 1}, {"_time": 31.943, "_x": 1, "_y": -1}, {"_time": 32.021, "_x": 0, "_y": 1}, {"_time": 32.099, "_x": -1, "_y": -1}, {"_time": 32.177, "_x": 1, "_y": 0}, {"_time": 32.254, "_x": -1, "_y": 0}, {"_time": 32.332, "_x": 1, "_y": 1}, {"_time": 32.41, "_x": 0, "_y": -1}, {"_time": 32.487, "_x": -1, "_y": 1}, {"_time": 32.565, "_x": 1, "_y": 0}, {"_time": 32.643, "_x": -1, "_y": -1}, {"_time": 32.721, "_x": 1, "_y": -1}, {"_time": 32.798, "_x": -1, "_y": 0}, {"_time": 32.876, "_x": 1, "_y": 1}, {"_time": 32.954, "_x": 0, "_y": -1}, {"_time": 33.031, "_x": 0, "_y": 1}, {"_time": 33.109, "_x": -1, "_y": -1}, {"_time": 33.187, "_x": 1, "_y": 0}, {"_time": 33.265, "_x": -1, "_y": 1}, {"_time": 33.342, "_x": 1, "_y": -1}, {"_time": 33.42, "_x": 0, "_y": 1}, {"_time": 33.498, "_x": 0, "_y": -1}, {"_time": 33.576, "_x": 1, "_y": 1}, {"_time": 33.653, "_x": -1, "_y": -1}, {"_time": 33.731, "_x": 1, "_y": 0}, {"_time": 33.809, "_x": -1, "_y": 0}, {"_time": 33.886, "_x": 1, "_y": 1}, {"_time": 33.964, "_x": -1, "_y": 1}, {"_time": 34.042, "_x": 1, "_y": 0}, {"_time": 34.12, "_x": -1, "_y": -1}, {"_time": 34.197, "_x": 1, "_y": -1}, {"_time": 34.275, "_x": -1, "_y": 0}, {"_time": 34.353, "_x": 1, "_y": 1}, {"_time": 34.43, "_x": 0, "_y": -1}, {"_time": 34.508, "_x": 0, "_y": 1}, {"_time": 34.586, "_x": -1, "_y": -1}, {"_time": 34.664, "_x": 1, "_y": 0}, {"_time": 34.741, "_x": -1, "_y": 1}, {"_time": 34.819, "_x": 0, "_y": -1}, {"_time": 34.897, "_x": 0, "_y": 1}, {"_time": 34.974, "_x": -1, "_y": -1}, {"_time": 35.052, "_x": 1, "_y": 0}, {"_time": 35.13, "_x": -1, "_y": 0}, {"_time": 35.208, "_x": 1, "_y": 1}, {"_time": 35.285, "_x": -1, "_y": 1}, {"_time": 35.363, "_x": 1, "_y": 0}, {"_time": 35.441, "_x": -1, "_y": -1}, {"_time": 35.519, "_x": 0, "_y": 1}, {"_time": 35.596, "_x": 0, "_y": -1}, {"_time": 35.674, "_x": -1, "_y": 1}, {"_time": 35.752, "_x": 1, "_y": 0}, {"_time": 35.829, "_x": -1, "_y": -1}, {"_time": 35.907, "_x": 0, "_y": 1}, {"_time": 35.985, "_x": 0, "_y": -1}, {"_time": 36.063, "_x": 1, "_y": 1}, {"_time": 36.14, "_x": -1, "_y": 0}, {"_time": 36.218, "_x": 1, "_y": -1}, {"_time": 36.296, "_x": -1, "_y": 1}, {"_time": 36.373, "_x": 0, "_y": -1}, {"_time": 36.451, "_x": 0, "_y": 1}, {"_time": 36.529, "_x": -1, "_y": -1}, {"_time": 36.607, "_x": 1, "_y": 1}, {"_time": 36.684, "_x": -1, "_y": 0}, {"_time": 36.762, "_x": 1, "_y": 0}, {"_time": 36.84, "_x": -1, "_y": -1}, {"_time": 36.917, "_x": 1, "_y": -1}, {"_time": 36.995, "_x": -1, "_y": 0}, {"_time": 37.073, "_x": 1, "_y": 1}, {"_time": 37.151, "_x": 0, "_y": -1}, {"_time": 37.228, "_x": 0, "_y": 1}, {"_time": 37.306, "_x": 1, "_y": -1}, {"_time": 37.384, "_x": -1, "_y": 0}, {"_time": 37.462, "_x": 1, "_y": 0}, {"_time": 37.539, "_x": -1, "_y": 1}, {"_time": 37.617, "_x": 0, "_y": -1}, {"_time": 37.695, "_x": 1, "_y": 1}, {"_time": 37.772, "_x": -1, "_y": -1}, {"_time": 37.85, "_x": 1, "_y": 1}, {"_time": 37.928, "_x": -1, "_y": 0}, {"_time": 38.006, "_x": 1, "_y": 0}, {"_time": 38.083, "_x": -1, "_y": -1}, {"_time": 38.161, "_x": 0, "_y": 1}, {"_time": 38.239, "_x": 0, "_y": -1}, {"_time": 38.316, "_x": -1, "_y": 1}, {"_time": 38.394, "_x": 1, "_y": 0}, {"_time": 38.472, "_x": -1, "_y": 0}, {"_time": 38.55, "_x": 1, "_y": -1}, {"_time": 38.627, "_x": -1, "_y": -1}, {"_time": 38.705, "_x": 1, "_y": 0}, {"_time": 38.783, "_x": -1, "_y": 1}, {"_time": 38.86, "_x": 0, "_y": -1}, {"_time": 38.938, "_x": 1, "_y": 1}, {"_time": 39.016, "_x": -1, "_y": -1}, {"_time": 39.094, "_x": 1, "_y": 0}, {"_time": 39.171, "_x": -1, "_y": 0}, {"_time": 39.249, "_x": 1, "_y": 1}, {"_time": 39.327, "_x": -1, "_y": 1}, {"_time": 39.405, "_x": 1, "_y": 0}, {"_time": 39.482, "_x": -1, "_y": -1}, {"_time": 39.56, "_x": 1, "_y": -1}, {"_time": 39.638, "_x": -1, "_y": 0}, {"_time": 39.715, "_x": 1, "_y": 1}, {"_time": 39.793, "_x": 0, "_y": -1}, {"_time": 39.871, "_x": 0, "_y": 1}, {"_time": 39.949, "_x": 1, "_y": -1}, {"_time": 40.026, "_x": -1, "_y": 0}, {"_time": 40.104, "_x": 1, "_y": 0}, {"_time": 40.182, "_x": -1, "_y": 1}, {"_time": 40.259, "_x": 0, "_y": -1}, {"_time": 40.337, "_x": 0, "_y": 1}, {"_time": 40.415, "_x": -1, "_y": -1}, {"_time": 40.493, "_x": 1, "_y": 1}, {"_time": 40.57, "_x": -1, "_y": 0}, {"_time": 40.648, "_x": 1, "_y": 0}, {"_time": 40.726, "_x": -1, "_y": 1}, {"_time": 40.803, "_x": 0, "_y": -1}, {"_time": 40.881, "_x": 1, "_y": 1}, {"_time": 40.959, "_x": -1, "_y": 0}, {"_time": 41.037, "_x": 1, "_y": -1}, {"_time": 41.114, "_x": 0, "_y": 1}, {"_time": 41.192, "_x": -1, "_y": -1}, {"_time": 41.27, "_x": 1, "_y": 0}, {"_time": 41.348, "_x": -1, "_y": 1}, {"_time": 41.425, "_x": 0, "_y": -1}, {"_time": 41.503, "_x": 0, "_y": 1}, {"_time": 41.581, "_x": 1, "_y": -1}, {"_time": 41.658, "_x": -1, "_y": 1}, {"_time": 41.736, "_x": 1, "_y": 0}, {"_time": 41.814, "_x": -1, "_y": 0}, {"_time": 41.892, "_x": 1, "_y": 1}, {"_time": 41.969, "_x": -1, "_y": -1}, {"_time": 42.047, "_x": 0, "_y": 1}, {"_time": 42.125, "_x": 1, "_y": -1}, {"_time": 42.202, "_x": -1, "_y": 0}, {"_time": 42.28, "_x": 1, "_y": 1}, {"_time": 42.358, "_x": 0, "_y": -1}, {"_time": 42.436, "_x": -1, "_y": 1}, {"_time": 42.513, "_x": 1, "_y": 0}, {"_time": 42.591, "_x": -1, "_y": -1}, {"_time": 42.669, "_x": 1, "_y": 1}, {"_time": 42.746, "_x": 0, "_y": -1}, {"_time": 42.824, "_x": -1, "_y": 1}, {"_time": 42.902, "_x": 1, "_y": 0}, {"_time": 42.98, "_x": -1, "_y": -1}, {"_time": 43.057, "_x": 0, "_y": 1}, {"_time": 43.135, "_x": 1, "_y": -1}, {"_time": 43.213, "_x": -1, "_y": 0}, {"_time": 43.291, "_x": 1, "_y": 0}, {"_time": 43.368, "_x": -1, "_y": 1}, {"_time": 43.446, "_x": 0, "_y": -1}, {"_time": 43.524, "_x": 1, "_y": 1}, {"_time": 43.601, "_x": -1, "_y": 0}, {"_time": 43.679, "_x": 1, "_y": -1}, {"_time": 43.757, "_x": 0, "_y": 1}, {"_time": 43.835, "_x": -1, "_y": -1}, {"_time": 43.912, "_x": 1, "_y": 1}, {"_time": 43.99, "_x": -1, "_y": 0}, {"_time": 44.068, "_x": 1, "_y": -1}, {"_time": 44.145, "_x": 0, "_y": 1}, {"_time": 44.223, "_x": -1, "_y": -1}, {"_time": 44.301, "_x": 1, "_y": 0}, {"_time": 44.379, "_x": -1, "_y": 1}, {"_time": 44.456, "_x": 0, "_y": -1}, {"_time": 44.534, "_x": 0, "_y": 1}, {"_time": 44.612, "_x": 1, "_y": -1}, {"_time": 44.689, "_x": -1, "_y": 0}, {"_time": 44.767, "_x": 1, "_y": 1}, {"_time": 44.845, "_x": 0, "_y": -1}, {"_time": 44.923, "_x": -1, "_y": 1}, {"_time": 45, "_x": 1, "_y": 0}, {"_time": 45.078, "_x": -1, "_y": -1}, {"_time": 45.156, "_x": 0, "_y": 1}, {"_time": 45.234, "_x": 0, "_y": -1}, {"_time": 45.311, "_x": -1, "_y": 1}, {"_time": 45.389, "_x": 1, "_y": -1}, {"_time": 45.467, "_x": -1, "_y": 0}, {"_time": 45.544, "_x": 1, "_y": 0}, {"_time": 45.622, "_x": -1, "_y": -1}, {"_time": 45.7, "_x": 1, "_y": 1}, {"_time": 45.778, "_x": 0, "_y": -1}, {"_time": 45.855, "_x": 0, "_y": 1}, {"_time": 45.933, "_x": 1, "_y": -1}, {"_time": 46.011, "_x": -1, "_y": 1}, {"_time": 46.088, "_x": 1, "_y": 0}, {"_time": 46.166, "_x": -1, "_y": 0}, {"_time": 46.244, "_x": 1, "_y": 1}, {"_time": 46.322, "_x": -1, "_y": -1}, {"_time": 46.399, "_x": 0, "_y": 1}, {"_time": 46.477, "_x": 0, "_y": -1}, {"_time": 46.555, "_x": 1, "_y": 1}, {"_time": 46.632, "_x": 1, "_y": -1}, {"_time": 46.71, "_x": -1, "_y": 1}, {"_time": 46.788, "_x": -1, "_y": -1}, {"_time": 46.866, "_x": 0, "_y": 1}, {"_time": 46.943, "_x": 0, "_y": -1}, {"_time": 47.021, "_x": 1, "_y": 1}, {"_time": 47.099, "_x": 1, "_y": -1}, {"_time": 47.177, "_x": -1, "_y": 1}, {"_time": 47.215, "_x": -1, "_y": 0}, {"_time": 47.254, "_x": -1, "_y": -1}, {"_time": 47.293, "_x": 0, "_y": -1}, {"_time": 47.332, "_x": 1, "_y": -1}, {"_time": 47.41, "_x": 1, "_y": 1}, {"_time": 47.487, "_x": -1, "_y": 1}, {"_time": 47.526, "_x": -1, "_y": 0}, {"_time": 47.565, "_x": -1, "_y": -1}, {"_time": 47.604, "_x": 0, "_y": -1}, {"_time": 47.643, "_x": 1, "_y": -1}, {"_time": 47.721, "_x": 0, "_y": 1}, {"_time": 47.798, "_x": 0, "_y": -1}, {"_time": 47.876, "_x": 1, "_y": 1}, {"_time": 47.954, "_x": -1, "_y": -1}, {"_time": 48.031, "_x": 1, "_y": 0}, {"_time": 48.109, "_x": -1, "_y": 0}, {"_time": 48.187, "_x": 1, "_y": 1}, {"_time": 48.265, "_x": 0, "_y": -1}, {"_time": 48.342, "_x": -1, "_y": 1}, {"_time": 48.42, "_x": 1, "_y": -1}, {"_time": 48.498, "_x": -1, "_y": 0}, {"_time": 48.576, "_x": 1, "_y": 0}, {"_time": 48.653, "_x": -1, "_y": 1}, {"_time": 48.731, "_x": 0, "_y": -1}, {"_time": 48.809, "_x": 1, "_y": 1}, {"_time": 48.886, "_x": -1, "_y": -1}, {"_time": 48.964, "_x": 1, "_y": 0}, {"_time": 49.042, "_x": -1, "_y": 0}, {"_time": 49.12, "_x": 1, "_y": 1}, {"_time": 49.197, "_x": 0, "_y": -1}, {"_time": 49.275, "_x": -1, "_y": 1}, {"_time": 49.353, "_x": 1, "_y": -1}, {"_time": 49.43, "_x": -1, "_y": 0}, {"_time": 49.508, "_x": 1, "_y": 0}, {"_time": 49.586, "_x": -1, "_y": -1}, {"_time": 49.664, "_x": 1, "_y": 1}, {"_time": 49.741, "_x": -1, "_y": 0}, {"_time": 49.819, "_x": 1, "_y": 0}, {"_time": 49.897, "_x": -1, "_y": 1}, {"_time": 49.974, "_x": 1, "_y": 1}, {"_time": 50.052, "_x": -1, "_y": 0}, {"_time": 50.13, "_x": 1, "_y": -1}, {"_time": 50.208, "_x": -1, "_y": -1}, {"_time": 50.285, "_x": 1, "_y": 0}, {"_time": 50.363, "_x": -1, "_y": 1}, {"_time": 50.441, "_x": 0, "_y": -1}, {"_time": 50.519, "_x": 1, "_y": 1}, {"_time": 50.596, "_x": -1, "_y": -1}, {"_time": 50.674, "_x": 1, "_y": 0}, {"_time": 50.752, "_x": -1, "_y": 0}, {"_time": 50.829, "_x": 1, "_y": 1}, {"_time": 50.907, "_x": -1, "_y": 1}, {"_time": 50.985, "_x": 1, "_y": 0}, {"_time": 51.063, "_x": -1, "_y": -1}, {"_time": 51.14, "_x": 0, "_y": 1}, {"_time": 51.218, "_x": 0, "_y": -1}, {"_time": 51.296, "_x": -1, "_y": 1}, {"_time": 51.373, "_x": 1, "_y": -1}, {"_time": 51.451, "_x": 1, "_y": 1}, {"_time": 51.529, "_x": 0, "_y": -1}, {"_time": 51.607, "_x": 0, "_y": 1}, {"_time": 51.684, "_x": -1, "_y": -1}, {"_time": 51.762, "_x": 1, "_y": 0}, {"_time": 51.84, "_x": -1, "_y": 0}, {"_time": 51.917, "_x": 1, "_y": 1}, {"_time": 51.995, "_x": -1, "_y": 1}, {"_time": 52.073, "_x": 1, "_y": 0}, {"_time": 52.151, "_x": -1, "_y": -1}, {"_time": 52.228, "_x": 0, "_y": 1}, {"_time": 52.306, "_x": 0, "_y": -1}, {"_time": 52.384, "_x": -1, "_y": 1}, {"_time": 52.462, "_x": 1, "_y": 0}, {"_time": 52.539, "_x": -1, "_y": 0}, {"_time": 52.617, "_x": 1, "_y": -1}, {"_time": 52.695, "_x": -1, "_y": -1}, {"_time": 52.772, "_x": 1, "_y": 0}, {"_time": 52.85, "_x": -1, "_y": 1}, {"_time": 52.928, "_x": 0, "_y": -1}, {"_time": 53.006, "_x": 0, "_y": 1}, {"_time": 53.083, "_x": -1, "_y": -1}, {"_time": 53.161, "_x": 1, "_y": 1}, {"_time": 53.239, "_x": -1, "_y": 0}, {"_time": 53.316, "_x": 1, "_y": 0}, {"_time": 53.394, "_x": -1, "_y": -1}, {"_time": 53.472, "_x": 0, "_y": 1}, {"_time": 53.55, "_x": 1, "_y": -1}, {"_time": 53.627, "_x": -1, "_y": 1}, {"_time": 53.705, "_x": 1, "_y": 0}, {"_time": 53.783, "_x": -1, "_y": 0}, {"_time": 53.86, "_x": 1, "_y": -1}, {"_time": 53.938, "_x": -1, "_y": -1}, {"_time": 54.016, "_x": 1, "_y": 0}, {"_time": 54.094, "_x": -1, "_y": 1}, {"_time": 54.171, "_x": 0, "_y": -1}, {"_time": 54.249, "_x": 0, "_y": 1}, {"_time": 54.327, "_x": 1, "_y": -1}, {"_time": 54.405, "_x": -1, "_y": 0}, {"_time": 54.482, "_x": 1, "_y": 0}, {"_time": 54.56, "_x": -1, "_y": 1}, {"_time": 54.638, "_x": 0, "_y": -1}, {"_time": 54.715, "_x": 1, "_y": 1}, {"_time": 54.793, "_x": -1, "_y": -1}, {"_time": 54.871, "_x": 1, "_y": 0}, {"_time": 54.949, "_x": -1, "_y": 0}, {"_time": 55.026, "_x": 1, "_y": 1}, {"_time": 55.104, "_x": -1, "_y": 1}, {"_time": 55.182, "_x": 1, "_y": 0}, {"_time": 55.259, "_x": -1, "_y": -1}, {"_time": 55.337, "_x": 0, "_y": 1}, {"_time": 55.415, "_x": 1, "_y": -1}, {"_time": 55.493, "_x": -1, "_y": 0}, {"_time": 55.57, "_x": 1, "_y": 1}, {"_time": 55.648, "_x": 0, "_y": -1}, {"_time": 55.726, "_x": 0, "_y": 1}, {"_time": 55.803, "_x": -1, "_y": -1}, {"_time": 55.881, "_x": -1, "_y": 1}, {"_time": 55.959, "_x": 0, "_y": -1}, {"_time": 56.037, "_x": 1, "_y": 1}, {"_time": 56.114, "_x": -1, "_y": -1}, {"_time": 56.192, "_x": 1, "_y": 0}, {"_time": 56.27, "_x": -1, "_y": 0}, {"_time": 56.348, "_x": 1, "_y": 1}, {"_time": 56.425, "_x": 0, "_y": -1}, {"_time": 56.503, "_x": -1, "_y": 1}, {"_time": 56.581, "_x": 1, "_y": -1}, {"_time": 56.658, "_x": -1, "_y": 0}, {"_time": 56.736, "_x": 1, "_y": 0}, {"_time": 56.814, "_x": -1, "_y": 0}, {"_time": 56.892, "_x": 1, "_y": 1}, {"_time": 56.969, "_x": 0, "_y": -1}, {"_time": 57.047, "_x": 0, "_y": 1}, {"_time": 57.125, "_x": -1, "_y": -1}, {"_time": 57.202, "_x": -1, "_y": 1}, {"_time": 57.28, "_x": 0, "_y": -1}, {"_time": 57.358, "_x": 1, "_y": 1}, {"_time": 57.436, "_x": -1, "_y": 0}, {"_time": 57.513, "_x": 1, "_y": -1}, {"_time": 57.591, "_x": 0, "_y": 1}, {"_time": 57.669, "_x": 0, "_y": -1}, {"_time": 57.746, "_x": -1, "_y": 1}, {"_time": 57.824, "_x": -1, "_y": -1}, {"_time": 57.902, "_x": 1, "_y": 0}, {"_time": 57.98, "_x": -1, "_y": 0}, {"_time": 58.057, "_x": 1, "_y": -1}, {"_time": 58.135, "_x": -1, "_y": -1}, {"_time": 58.213, "_x": 0, "_y": 1}, {"_time": 58.291, "_x": 0, "_y": -1}, {"_time": 58.368, "_x": -1, "_y": 1}, {"_time": 58.446, "_x": -1, "_y": -1}, {"_time": 58.524, "_x": 1, "_y": 0}, {"_time": 58.601, "_x": -1, "_y": 0}, {"_time": 58.679, "_x": 1, "_y": -1}, {"_time": 58.757, "_x": -1, "_y": -1}, {"_time": 58.835, "_x": 0, "_y": 1}, {"_time": 58.912, "_x": 0, "_y": -1}, {"_time": 58.99, "_x": 1, "_y": 1}, {"_time": 59.068, "_x": 1, "_y": -1}, {"_time": 59.145, "_x": -1, "_y": 0}, {"_time": 59.223, "_x": 1, "_y": 0}, {"_time": 59.301, "_x": -1, "_y": -1}, {"_time": 59.379, "_x": 1, "_y": -1}, {"_time": 59.456, "_x": 0, "_y": 1}, {"_time": 59.534, "_x": 0, "_y": -1}, {"_time": 59.612, "_x": 1, "_y": 1}, {"_time": 59.689, "_x": 1, "_y": -1}, {"_time": 59.767, "_x": -1, "_y": 0}, {"_time": 59.845, "_x": 1, "_y": 0}, {"_time": 59.923, "_x": -1, "_y": -1}, {"_time": 60, "_x": 1, "_y": -1}, {"_time": 60.078, "_x": -1, "_y": 1}, {"_time": 60.156, "_x": 0, "_y": -1}, {"_time": 60.234, "_x": 0, "_y": 1}, {"_time": 60.311, "_x": -1, "_y": -1}, {"_time": 60.389, "_x": 1, "_y": 0}, {"_time": 60.467, "_x": -1, "_y": 0}, {"_time": 60.544, "_x": 1, "_y": 1}, {"_time": 60.622, "_x": -1, "_y": 1}, {"_time": 60.7, "_x": 1, "_y": 0}, {"_time": 60.778, "_x": -1, "_y": -1}, {"_time": 60.855, "_x": 0, "_y": 1}, {"_time": 60.933, "_x": 0, "_y": -1}, {"_time": 61.011, "_x": -1, "_y": 1}, {"_time": 61.088, "_x": 1, "_y": -1}, {"_time": 61.166, "_x": -1, "_y": 0}, {"_time": 61.244, "_x": 1, "_y": 1}, {"_time": 61.322, "_x": -1, "_y": -1}, {"_time": 61.399, "_x": 1, "_y": 0}, {"_time": 61.477, "_x": -1, "_y": 0}, {"_time": 61.555, "_x": 1, "_y": 1}, {"_time": 61.632, "_x": -1, "_y": 1}, {"_time": 61.71, "_x": 1, "_y": 0}, {"_time": 61.788, "_x": -1, "_y": -1}, {"_time": 61.866, "_x": 0, "_y": 1}, {"_time": 61.943, "_x": 0, "_y": -1}, {"_time": 62.021, "_x": 1, "_y": 1}, {"_time": 62.099, "_x": -1, "_y": 0}, {"_time": 62.177, "_x": 1, "_y": -1}, {"_time": 62.254, "_x": 0, "_y": 1}, {"_time": 62.332, "_x": -1, "_y": -1}, {"_time": 62.41, "_x": 1, "_y": 0}, {"_time": 62.487, "_x": -1, "_y": 0}, {"_time": 62.565, "_x": 1, "_y": 1}, {"_time": 62.643, "_x": 1, "_y": -1}, {"_time": 62.721, "_x": 0, "_y": 1}, {"_time": 62.798, "_x": -1, "_y": -1}, {"_time": 62.876, "_x": -1, "_y": 1}, {"_time": 62.954, "_x": 0, "_y": -1}, {"_time": 63.031, "_x": 1, "_y": 1}, {"_time": 63.109, "_x": 1, "_y": -1}, {"_time": 63.187, "_x": 0, "_y": 1}, {"_time": 63.265, "_x": -1, "_y": -1}, {"_time": 63.342, "_x": -1, "_y": 1}, {"_time": 63.42, "_x": 0, "_y": -1}, {"_time": 63.498, "_x": 1, "_y": 1}, {"_time": 63.576, "_x": 1, "_y": -1}, {"_time": 63.653, "_x": 0, "_y": 1}, {"_time": 63.731, "_x": -1, "_y": -1}, {"_time": 63.809, "_x": 1, "_y": 1}, {"_time": 63.886, "_x": -1, "_y": 1}, {"_time": 63.964, "_x": 1, "_y": 0}, {"_time": 64.042, "_x": -1, "_y": -1}, {"_time": 64.12, "_x": 1, "_y": -1}, {"_time": 64.197, "_x": -1, "_y": 0}, {"_time": 64.275, "_x": 1, "_y": 1}, {"_time": 64.353, "_x": -1, "_y": 1}, {"_time": 64.43, "_x": 1, "_y": 0}, {"_time": 64.508, "_x": -1, "_y": -1}, {"_time": 64.586, "_x": 1, "_y": -1}, {"_time": 64.664, "_x": -1, "_y": 0}, {"_time": 64.741, "_x": 1, "_y": 1}, {"_time": 64.819, "_x": -1, "_y": 1}, {"_time": 64.897, "_x": 1, "_y": 0}, {"_time": 64.974, "_x": -1, "_y": -1}, {"_time": 65.052, "_x": 1, "_y": -1}, {"_time": 65.13, "_x": -1, "_y": 0}, {"_time": 65.208, "_x": 1, "_y": 1}, {"_time": 65.285, "_x": 0, "_y": -1}, {"_time": 65.363, "_x": -1, "_y": 1}, {"_time": 65.441, "_x": 1, "_y": 0}, {"_time": 65.519, "_x": -1, "_y": -1}, {"_time": 65.596, "_x": 0, "_y": 1}, {"_time": 65.674, "_x": 0, "_y": -1}, {"_time": 65.752, "_x": 1, "_y": 1}, {"_time": 65.829, "_x": -1, "_y": 0}, {"_time": 65.907, "_x": 1, "_y": -1}, {"_time": 65.985, "_x": 0, "_y": 1}, {"_time": 66.063, "_x": -1, "_y": -1}, {"_time": 66.14, "_x": 1, "_y": 0}, {"_time": 66.218, "_x": -1, "_y": 1}, {"_time": 66.296, "_x": 0, "_y": -1}, {"_time": 66.373, "_x": 0, "_y": 1}, {"_time": 66.451, "_x": 1, "_y": -1}, {"_time": 66.529, "_x": -1, "_y": 0}, {"_time": 66.607, "_x": 1, "_y": 1}, {"_time": 66.684, "_x": 0, "_y": -1}, {"_time": 66.762, "_x": -1, "_y": 1}, {"_time": 66.84, "_x": 1, "_y": 0}, {"_time": 66.917, "_x": -1, "_y": 0}, {"_time": 66.995, "_x": 1, "_y": -1}, {"_time": 67.073, "_x": 0, "_y": 1}, {"_time": 67.151, "_x": -1, "_y": -1}, {"_time": 67.228, "_x": 1, "_y": 0}, {"_time": 67.306, "_x": -1, "_y": 1}, {"_time": 67.384, "_x": 0, "_y": -1}, {"_time": 67.462, "_x": 1, "_y": 1}, {"_time": 67.539, "_x": -1, "_y": 0}, {"_time": 67.617, "_x": 1, "_y": 0}, {"_time": 67.695, "_x": -1, "_y": -1}, {"_time": 67.772, "_x": 1, "_y": 1}, {"_time": 67.85, "_x": 0, "_y": -1}, {"_time": 67.928, "_x": 0, "_y": 1}, {"_time": 68.006, "_x": 1, "_y": -1}, {"_time": 68.083, "_x": -1, "_y": 1}, {"_time": 68.161, "_x": 0, "_y": -1}, {"_time": 68.239, "_x": 0, "_y": 1}, {"_time": 68.316, "_x": -1, "_y": -1}, {"_time": 68.394, "_x": 1, "_y": 1}, {"_time": 68.472, "_x": -1, "_y": 0}, {"_time": 68.55, "_x": 1, "_y": 0}, {"_time": 68.627, "_x": -1, "_y": 1}, {"_time": 68.705, "_x": 1, "_y": -1}, {"_time": 68.783, "_x": -1, "_y": 0}, {"_time": 68.86, "_x": 1, "_y": 0}, {"_time": 68.938, "_x": -1, "_y": -1}, {"_time": 69.016, "_x": 1, "_y": 1}, {"_time": 69.094, "_x": 0, "_y": -1}, {"_time": 69.171, "_x": 0, "_y": 1}, {"_time": 69.249, "_x": 1, "_y": -1}, {"_time": 69.327, "_x": -1, "_y": 1}, {"_time": 69.405, "_x": 0, "_y": -1}, {"_time": 69.482, "_x": 0, "_y": 1}, {"_time": 69.56, "_x": -1, "_y": -1}, {"_time": 69.638, "_x": 1, "_y": 1}, {"_time": 69.715, "_x": -1, "_y": 0}, {"_time": 69.793, "_x": 1, "_y": 0}, {"_time": 69.871, "_x": -1, "_y": 1}, {"_time": 69.949, "_x": 1, "_y": -1}, {"_time": 70.026, "_x": -1, "_y": 0}, {"_time": 70.104, "_x": 1, "_y": 1}, {"_time": 70.182, "_x": 0, "_y": -1}, {"_time": 70.259, "_x": -1, "_y": 1}, {"_time": 70.337, "_x": 1, "_y": 0}, {"_time": 70.415, "_x": -1, "_y": -1}, {"_time": 70.493, "_x": 0, "_y": 1}, {"_time": 70.57, "_x": 1, "_y": -1}, {"_time": 70.648, "_x": 0, "_y": 1}, {"_time": 70.726, "_x": -1, "_y": -1}, {"_time": 70.803, "_x": 1, "_y": 0}, {"_time": 70.881, "_x": -1, "_y": 1}, {"_time": 70.959, "_x": 0, "_y": -1}, {"_time": 71.037, "_x": 1, "_y": 1}, {"_time": 71.114, "_x": -1, "_y": 0}, {"_time": 71.192, "_x": 1, "_y": -1}, {"_time": 71.271, "_x": -1, "_y": 0}, {"_time": 71.347, "_x": 1, "_y": 1}, {"_time": 71.425, "_x": 0, "_y": -1}, {"_time": 71.503, "_x": -1, "_y": 1}, {"_time": 71.581, "_x": 1, "_y": 0}, {"_time": 71.658, "_x": -1, "_y": -1}, {"_time": 71.736, "_x": 0, "_y": 1}, {"_time": 71.814, "_x": 1, "_y": -1}, {"_time": 71.892, "_x": -1, "_y": -1}, {"_time": 71.93, "_x": -1, "_y": 0}, {"_time": 71.969, "_x": -1, "_y": 1}, {"_time": 72.008, "_x": 0, "_y": 1}, {"_time": 72.047, "_x": 0, "_y": 0}, {"_time": 72.086, "_x": 0, "_y": -1}, {"_time": 72.125, "_x": 1, "_y": -1}, {"_time": 72.164, "_x": 1, "_y": 0}, {"_time": 72.202, "_x": 1, "_y": 1}, {"_time": 72.241, "_x": 0, "_y": 1}, {"_time": 72.28, "_x": -1, "_y": 1}, {"_time": 72.319, "_x": -1, "_y": 0}, {"_time": 72.358, "_x": 0, "_y": 0}, {"_time": 72.397, "_x": 1, "_y": 0}, {"_time": 72.436, "_x": 1, "_y": -1}, {"_time": 72.474, "_x": 0, "_y": -1}, {"_time": 72.514, "_x": -1, "_y": -1}, {"_time": 72.591, "_x": -1, "_y": 1}, {"_time": 72.669, "_x": -1, "_y": -1}, {"_time": 72.746, "_x": 0, "_y": 1}, {"_time": 72.824, "_x": -1, "_y": -1}, {"_time": 72.902, "_x": 1, "_y": 1}, {"_time": 72.98, "_x": -1, "_y": -1}, {"_time": 73.057, "_x": 1, "_y": 0}, {"_time": 73.135, "_x": -1, "_y": 1}, {"_time": 73.213, "_x": -1, "_y": -1}, {"_time": 73.291, "_x": -1, "_y": 1}, {"_time": 73.368, "_x": 0, "_y": -1}, {"_time": 73.446, "_x": -1, "_y": 1}, {"_time": 73.524, "_x": 1, "_y": -1}, {"_time": 73.601, "_x": -1, "_y": 1}, {"_time": 73.679, "_x": 1, "_y": 0}, {"_time": 73.757, "_x": -1, "_y": -1}, {"_time": 73.835, "_x": -1, "_y": 1}, {"_time": 73.912, "_x": -1, "_y": -1}, {"_time": 73.99, "_x": 0, "_y": 1}, {"_time": 74.068, "_x": -1, "_y": -1}, {"_time": 74.145, "_x": 1, "_y": 1}, {"_time": 74.223, "_x": -1, "_y": -1}, {"_time": 74.301, "_x": 1, "_y": 0}, {"_time": 74.379, "_x": -1, "_y": 1}, {"_time": 74.456, "_x": -1, "_y": -1}, {"_time": 74.534, "_x": -1, "_y": 1}, {"_time": 74.612, "_x": 0, "_y": -1}, {"_time": 74.689, "_x": -1, "_y": 1}, {"_time": 74.767, "_x": 1, "_y": -1}, {"_time": 74.845, "_x": -1, "_y": 1}, {"_time": 74.923, "_x": 1, "_y": 0}, {"_time": 75, "_x": -1, "_y": -1}, {"_time": 75.078, "_x": -1, "_y": 1}, {"_time": 75.156, "_x": -1, "_y": -1}, {"_time": 75.234, "_x": 0, "_y": 1}, {"_time": 75.311, "_x": 1, "_y": -1}, {"_time": 75.389, "_x": -1, "_y": -1}, {"_time": 75.467, "_x": 1, "_y": -1}, {"_time": 75.544, "_x": -1, "_y": 0}, {"_time": 75.622, "_x": 1, "_y": 1}, {"_time": 75.7, "_x": 1, "_y": -1}, {"_time": 75.778, "_x": 1, "_y": 1}, {"_time": 75.855, "_x": 0, "_y": -1}, {"_time": 75.933, "_x": -1, "_y": 1}, {"_time": 76.011, "_x": 1, "_y": 1}, {"_time": 76.088, "_x": -1, "_y": 1}, {"_time": 76.166, "_x": 1, "_y": 0}, {"_time": 76.244, "_x": -1, "_y": -1}, {"_time": 76.322, "_x": 0, "_y": 1}, {"_time": 76.399, "_x": 1, "_y": -1}, {"_time": 76.477, "_x": -1, "_y": 0}, {"_time": 76.555, "_x": 1, "_y": 1}, {"_time": 76.632, "_x": 0, "_y": -1}, {"_time": 76.71, "_x": -1, "_y": 1}, {"_time": 76.788, "_x": 1, "_y": 0}, {"_time": 76.866, "_x": -1, "_y": -1}, {"_time": 76.943, "_x": 0, "_y": 1}, {"_time": 77.021, "_x": 1, "_y": -1}, {"_time": 77.099, "_x": -1, "_y": 0}, {"_time": 77.177, "_x": 1, "_y": 1}, {"_time": 77.254, "_x": 0, "_y": -1}, {"_time": 77.332, "_x": -1, "_y": 1}, {"_time": 77.41, "_x": 1, "_y": 0}, {"_time": 77.487, "_x": -1, "_y": -1}, {"_time": 77.565, "_x": 1, "_y": -1}, {"_time": 77.643, "_x": 1, "_y": 1}, {"_time": 77.721, "_x": -1, "_y": 1}, {"_time": 77.798, "_x": -1, "_y": -1}, {"_time": 77.876, "_x": 1, "_y": -1}, {"_time": 77.954, "_x": 1, "_y": 1}, {"_time": 78.031, "_x": -1, "_y": 1}, {"_time": 78.109, "_x": -1, "_y": -1}, {"_time": 78.187, "_x": 1, "_y": 0}, {"_time": 78.265, "_x": -1, "_y": 1}, {"_time": 78.342, "_x": -1, "_y": -1}, {"_time": 78.42, "_x": 1, "_y": -1}, {"_time": 78.498, "_x": 0, "_y": 1}, {"_time": 78.576, "_x": -1, "_y": -1}, {"_time": 78.653, "_x": 1, "_y": -1}, {"_time": 78.731, "_x": 1, "_y": 1}, {"_time": 78.809, "_x": -1, "_y": 0}, {"_time": 78.886, "_x": 1, "_y": -1}, {"_time": 78.964, "_x": 0, "_y": 1}, {"_time": 79.042, "_x": -1, "_y": -1}, {"_time": 79.12, "_x": 1, "_y": 0}, {"_time": 79.197, "_x": -1, "_y": 1}, {"_time": 79.275, "_x": 0, "_y": -1}, {"_time": 79.353, "_x": 1, "_y": 1}, {"_time": 79.392, "_x": 0, "_y": 1}, {"_time": 79.43, "_x": -1, "_y": 1}, {"_time": 79.469, "_x": -1, "_y": 0}, {"_time": 79.508, "_x": 0, "_y": 0}, {"_time": 79.547, "_x": 1, "_y": 0}, {"_time": 79.586, "_x": 1, "_y": -1}, {"_time": 79.625, "_x": 0, "_y": -1}, {"_time": 79.664, "_x": -1, "_y": -1}, {"_time": 79.702, "_x": -1, "_y": 0}, {"_time": 79.741, "_x": -1, "_y": 1}, {"_time": 79.78, "_x": 0, "_y": 1}, {"_time": 79.819, "_x": 0, "_y": 0}, {"_time": 79.858, "_x": 0, "_y": -1}, {"_time": 79.897, "_x": 1, "_y": -1}, {"_time": 79.936, "_x": 1, "_y": 0}, {"_time": 79.974, "_x": 1, "_y": 1}, {"_time": 80.052, "_x": -1, "_y": 1}, {"_time": 80.13, "_x": 1, "_y": 0}, {"_time": 80.208, "_x": -1, "_y": -1}, {"_time": 80.285, "_x": 1, "_y": -1}, {"_time": 80.363, "_x": -1, "_y": 0}, {"_time": 80.441, "_x": 1, "_y": 1}, {"_time": 80.519, "_x": 0, "_y": -1}, {"_time": 80.596, "_x": 0, "_y": 1}, {"_time": 80.674, "_x": 1, "_y": -1}, {"_time": 80.752, "_x": -1, "_y": 0}, {"_time": 80.829, "_x": 1, "_y": 0}, {"_time": 80.907, "_x": -1, "_y": 1}, {"_time": 80.985, "_x": 0, "_y": -1}, {"_time": 81.063, "_x": 1, "_y": 1}, {"_time": 81.14, "_x": -1, "_y": -1}, {"_time": 81.218, "_x": 1, "_y": 0}, {"_time": 81.296, "_x": -1, "_y": 0}, {"_time": 81.373, "_x": 1, "_y": 1}, {"_time": 81.451, "_x": -1, "_y": 1}, {"_time": 81.529, "_x": 1, "_y": 0}, {"_time": 81.607, "_x": -1, "_y": -1}, {"_time": 81.684, "_x": 0, "_y": 1}, {"_time": 81.762, "_x": 0, "_y": -1}, {"_time": 81.84, "_x": -1, "_y": 1}, {"_time": 81.917, "_x": 1, "_y": 0}, {"_time": 81.995, "_x": -1, "_y": -1}, {"_time": 82.073, "_x": 0, "_y": 1}, {"_time": 82.151, "_x": 0, "_y": -1}, {"_time": 82.228, "_x": -1, "_y": 1}, {"_time": 82.306, "_x": 1, "_y": 0}, {"_time": 82.384, "_x": -1, "_y": 0}, {"_time": 82.462, "_x": 1, "_y": -1}, {"_time": 82.539, "_x": -1, "_y": -1}, {"_time": 82.617, "_x": 1, "_y": 0}, {"_time": 82.695, "_x": -1, "_y": 1}, {"_time": 82.772, "_x": 0, "_y": -1}, {"_time": 82.85, "_x": 1, "_y": 1}, {"_time": 82.928, "_x": -1, "_y": -1}, {"_time": 83.006, "_x": 1, "_y": 0}, {"_time": 83.083, "_x": -1, "_y": 0}, {"_time": 83.161, "_x": 1, "_y": 1}, {"_time": 83.239, "_x": -1, "_y": 1}, {"_time": 83.316, "_x": 1, "_y": 0}, {"_time": 83.394, "_x": -1, "_y": -1}, {"_time": 83.472, "_x": 0, "_y": 1}, {"_time": 83.55, "_x": 0, "_y": -1}, {"_time": 83.627, "_x": -1, "_y": 1}, {"_time": 83.705, "_x": 1, "_y": 0}, {"_time": 83.783, "_x": -1, "_y": 0}, {"_time": 83.86, "_x": 1, "_y": -1}, {"_time": 83.938, "_x": -1, "_y": -1}, {"_time": 84.016, "_x": 1, "_y": 0}, {"_time": 84.094, "_x": -1, "_y": 1}, {"_time": 84.171, "_x": 0, "_y": -1}, {"_time": 84.249, "_x": 1, "_y": 1}, {"_time": 84.327, "_x": -1, "_y": -1}, {"_time": 84.405, "_x": 1, "_y": 0}, {"_time": 84.482, "_x": -1, "_y": 0}, {"_time": 84.56, "_x": 1, "_y": 1}, {"_time": 84.638, "_x": -1, "_y": 1}, {"_time": 84.715, "_x": 1, "_y": 0}, {"_time": 84.793, "_x": -1, "_y": -1}, {"_time": 84.871, "_x": 0, "_y": 1}, {"_time": 84.949, "_x": 0, "_y": -1}, {"_time": 85.026, "_x": -1, "_y": 1}, {"_time": 85.104, "_x": 1, "_y": 0}, {"_time": 85.182, "_x": -1, "_y": 0}, {"_time": 85.259, "_x": 1, "_y": -1}, {"_time": 85.337, "_x": -1, "_y": -1}, {"_time": 85.415, "_x": 1, "_y": 0}, {"_time": 85.493, "_x": -1, "_y": 1}, {"_time": 85.57, "_x": 0, "_y": -1}, {"_time": 85.648, "_x": 1, "_y": 1}, {"_time": 85.726, "_x": -1, "_y": -1}, {"_time": 85.803, "_x": 1, "_y": 0}, {"_time": 85.881, "_x": -1, "_y": 1}, {"_time": 85.959, "_x": 1, "_y": -1}, {"_time": 86.037, "_x": 0, "_y": 1}, {"_time": 86.114, "_x": 0, "_y": -1}, {"_time": 86.192, "_x": -1, "_y": 1}, {"_time": 86.27, "_x": 1, "_y": 0}, {"_time": 86.348, "_x": -1, "_y": -1}, {"_time": 86.425, "_x": 1, "_y": 1}, {"_time": 86.503, "_x": 0, "_y": -1}, {"_time": 86.581, "_x": 0, "_y": 1}, {"_time": 86.658, "_x": -1, "_y": -1}, {"_time": 86.736, "_x": 1, "_y": 0}, {"_time": 86.814, "_x": -1, "_y": 0}, {"_time": 86.892, "_x": 1, "_y": 1}, {"_time": 86.969, "_x": 0, "_y": -1}, {"_time": 87.047, "_x": -1, "_y": 1}, {"_time": 87.125, "_x": 1, "_y": 0}, {"_time": 87.202, "_x": -1, "_y": 0}, {"_time": 87.28, "_x": 1, "_y": -1}, {"_time": 87.358, "_x": 0, "_y": 1}, {"_time": 87.436, "_x": 0, "_y": -1}, {"_time": 87.513, "_x": 1, "_y": 1}, {"_time": 87.591, "_x": -1, "_y": 0}, {"_time": 87.669, "_x": 1, "_y": 0}, {"_time": 87.746, "_x": -1, "_y": -1}, {"_time": 87.824, "_x": 0, "_y": 1}, {"_time": 87.902, "_x": 0, "_y": -1}, {"_time": 87.98, "_x": -1, "_y": 1}, {"_time": 88.057, "_x": 1, "_y": 0}, {"_time": 88.135, "_x": -1, "_y": -1}, {"_time": 88.213, "_x": 0, "_y": 1}, {"_time": 88.291, "_x": 0, "_y": -1}, {"_time": 88.368, "_x": -1, "_y": 1}, {"_time": 88.446, "_x": 1, "_y": 0}, {"_time": 88.524, "_x": -1, "_y": 0}, {"_time": 88.601, "_x": 1, "_y": -1}, {"_time": 88.679, "_x": 0, "_y": 1}, {"_time": 88.757, "_x": 0, "_y": -1}, {"_time": 88.835, "_x": 1, "_y": 1}, {"_time": 88.912, "_x": -1, "_y": -1}, {"_time": 88.99, "_x": 1, "_y": 0}, {"_time": 89.068, "_x": -1, "_y": 0}, {"_time": 89.145, "_x": 1, "_y": -1}, {"_time": 89.223, "_x": -1, "_y": 1}, {"_time": 89.301, "_x": 0, "_y": -1}, {"_time": 89.379, "_x": 0, "_y": 1}, {"_time": 89.456, "_x": -1, "_y": -1}, {"_time": 89.534, "_x": 1, "_y": 1}, {"_time": 89.612, "_x": -1, "_y": 0}, {"_time": 89.689, "_x": 1, "_y": 0}, {"_time": 89.767, "_x": -1, "_y": 1}, {"_time": 89.845, "_x": 1, "_y": -1}, {"_time": 89.923, "_x": 0, "_y": 0}]}