{"_approachDistance": 50, "_approachTime": 1, "_name": "deception", "_notes": [{"_time": 0.244, "_x": 1, "_y": -1}, {"_time": 0.518, "_x": -1, "_y": 1}, {"_time": 0.564, "_x": 0, "_y": 1}, {"_time": 0.61, "_x": 1, "_y": 1}, {"_time": 0.656, "_x": 1, "_y": 0}, {"_time": 0.701, "_x": 0, "_y": 0}, {"_time": 0.747, "_x": -1, "_y": 0}, {"_time": 0.793, "_x": -1, "_y": -1}, {"_time": 0.839, "_x": 0, "_y": -1}, {"_time": 0.884, "_x": 1, "_y": -1}, {"_time": 0.976, "_x": 0, "_y": 1}, {"_time": 1.342, "_x": -1, "_y": -1}, {"_time": 1.387, "_x": 0, "_y": -1}, {"_time": 1.707, "_x": 1, "_y": 1}, {"_time": 1.982, "_x": -1, "_y": -1}, {"_time": 2.028, "_x": -1, "_y": 0}, {"_time": 2.073, "_x": -1, "_y": 1}, {"_time": 2.119, "_x": 0, "_y": 1}, {"_time": 2.165, "_x": 0, "_y": 0}, {"_time": 2.21, "_x": 0, "_y": -1}, {"_time": 2.256, "_x": 1, "_y": -1}, {"_time": 2.302, "_x": 1, "_y": 0}, {"_time": 2.348, "_x": 1, "_y": 1}, {"_time": 2.439, "_x": -1, "_y": 0}, {"_time": 2.805, "_x": 1, "_y": 0}, {"_time": 2.851, "_x": 1, "_y": -1}, {"_time": 3.171, "_x": -1, "_y": -1}, {"_time": 3.445, "_x": -1, "_y": 1}, {"_time": 3.491, "_x": 0, "_y": 1}, {"_time": 3.537, "_x": 1, "_y": 1}, {"_time": 3.582, "_x": 1, "_y": 0}, {"_time": 3.628, "_x": 1, "_y": -1}, {"_time": 3.674, "_x": 0, "_y": -1}, {"_time": 3.72, "_x": 0, "_y": 0}, {"_time": 3.765, "_x": 0, "_y": 1}, {"_time": 3.903, "_x": -1, "_y": -1}, {"_time": 4.268, "_x": 1, "_y": 1}, {"_time": 4.314, "_x": 1, "_y": 0}, {"_time": 4.634, "_x": -1, "_y": -1}, {"_time": 4.68, "_x": -1, "_y": 0}, {"_time": 5, "_x": 1, "_y": 0}, {"_time": 5.046, "_x": 1, "_y": -1}, {"_time": 5.366, "_x": -1, "_y": 1}, {"_time": 5.732, "_x": 1, "_y": -1}, {"_time": 5.778, "_x": 0, "_y": -1}, {"_time": 6.098, "_x": -1, "_y": 1}, {"_time": 6.143, "_x": 0, "_y": 1}, {"_time": 6.464, "_x": -1, "_y": -1}, {"_time": 6.646, "_x": -1, "_y": 0}, {"_time": 7.058, "_x": -1, "_y": 1}, {"_time": 8.099, "_x": -1, "_y": 1}, {"_time": 9.699, "_x": 1, "_y": 0}, {"_time": 11.299, "_x": -1, "_y": 0}, {"_time": 12.366, "_x": 1, "_y": -1}, {"_time": 12.399, "_x": 1, "_y": 0}, {"_time": 12.433, "_x": 1, "_y": 1}, {"_time": 12.466, "_x": 0, "_y": 1}, {"_time": 12.499, "_x": -1, "_y": 1}, {"_time": 12.566, "_x": -1, "_y": -1}, {"_time": 12.633, "_x": 1, "_y": -1}, {"_time": 12.666, "_x": 1, "_y": 0}, {"_time": 12.699, "_x": 1, "_y": 1}, {"_time": 12.766, "_x": -1, "_y": 1}, {"_time": 12.833, "_x": -1, "_y": -1}, {"_time": 12.866, "_x": 0, "_y": -1}, {"_time": 12.899, "_x": 1, "_y": -1}, {"_time": 12.966, "_x": 1, "_y": 1}, {"_time": 13.033, "_x": -1, "_y": 1}, {"_time": 13.066, "_x": -1, "_y": 0}, {"_time": 13.099, "_x": -1, "_y": -1}, {"_time": 13.166, "_x": 1, "_y": -1}, {"_time": 13.199, "_x": 1, "_y": 0}, {"_time": 13.233, "_x": 1, "_y": 1}, {"_time": 13.299, "_x": -1, "_y": 1}, {"_time": 13.433, "_x": 1, "_y": -1}, {"_time": 13.466, "_x": 0, "_y": -1}, {"_time": 13.499, "_x": -1, "_y": -1}, {"_time": 13.566, "_x": -1, "_y": 1}, {"_time": 13.633, "_x": 1, "_y": 1}, {"_time": 13.699, "_x": 1, "_y": -1}, {"_time": 13.766, "_x": -1, "_y": -1}, {"_time": 13.833, "_x": -1, "_y": 1}, {"_time": 13.866, "_x": 0, "_y": 1}, {"_time": 13.899, "_x": 1, "_y": 1}, {"_time": 13.966, "_x": 1, "_y": -1}, {"_time": 14.033, "_x": -1, "_y": -1}, {"_time": 14.066, "_x": -1, "_y": 0}, {"_time": 14.099, "_x": -1, "_y": 1}, {"_time": 14.166, "_x": 1, "_y": 1}, {"_time": 14.233, "_x": 1, "_y": -1}, {"_time": 14.266, "_x": 0, "_y": -1}, {"_time": 14.299, "_x": -1, "_y": -1}, {"_time": 14.366, "_x": -1, "_y": 1}, {"_time": 14.399, "_x": 0, "_y": 1}, {"_time": 14.433, "_x": 1, "_y": 1}, {"_time": 14.466, "_x": 1, "_y": 0}, {"_time": 14.499, "_x": 1, "_y": -1}, {"_time": 14.566, "_x": -1, "_y": 0}, {"_time": 14.633, "_x": 1, "_y": 0}, {"_time": 14.699, "_x": -1, "_y": 1}, {"_time": 14.766, "_x": 0, "_y": -1}, {"_time": 14.833, "_x": 1, "_y": 1}, {"_time": 14.899, "_x": -1, "_y": -1}, {"_time": 14.966, "_x": 1, "_y": 0}, {"_time": 15.033, "_x": -1, "_y": 0}, {"_time": 15.099, "_x": 1, "_y": 1}, {"_time": 15.166, "_x": 0, "_y": -1}, {"_time": 15.233, "_x": 0, "_y": 1}, {"_time": 15.299, "_x": 1, "_y": -1}, {"_time": 15.366, "_x": -1, "_y": 1}, {"_time": 15.433, "_x": 1, "_y": 0}, {"_time": 15.499, "_x": -1, "_y": 0}, {"_time": 15.566, "_x": 1, "_y": 1}, {"_time": 15.599, "_x": 1, "_y": 1}, {"_time": 15.633, "_x": 0, "_y": -1}, {"_time": 15.666, "_x": 0, "_y": -1}, {"_time": 15.699, "_x": -1, "_y": 1}, {"_time": 15.733, "_x": -1, "_y": 1}, {"_time": 15.766, "_x": 1, "_y": -1}, {"_time": 15.799, "_x": 1, "_y": -1}, {"_time": 15.833, "_x": -1, "_y": 0}, {"_time": 15.866, "_x": -1, "_y": 0}, {"_time": 15.899, "_x": 1, "_y": 1}, {"_time": 15.933, "_x": 1, "_y": 1}, {"_time": 15.966, "_x": 1, "_y": -1}, {"_time": 15.999, "_x": 1, "_y": -1}, {"_time": 16.033, "_x": -1, "_y": 1}, {"_time": 16.066, "_x": -1, "_y": 1}, {"_time": 16.099, "_x": 1, "_y": 0}, {"_time": 16.633, "_x": -1, "_y": -1}, {"_time": 16.699, "_x": 1, "_y": 1}, {"_time": 16.766, "_x": 0, "_y": -1}, {"_time": 16.833, "_x": -1, "_y": 1}, {"_time": 16.899, "_x": 1, "_y": -1}, {"_time": 16.966, "_x": 0, "_y": 1}, {"_time": 17.033, "_x": -1, "_y": -1}, {"_time": 17.066, "_x": 0, "_y": -1}, {"_time": 17.099, "_x": 1, "_y": -1}, {"_time": 17.133, "_x": 1, "_y": 0}, {"_time": 17.166, "_x": 1, "_y": 1}, {"_time": 17.233, "_x": -1, "_y": 0}, {"_time": 17.299, "_x": 1, "_y": -1}, {"_time": 17.366, "_x": -1, "_y": 1}, {"_time": 17.433, "_x": 1, "_y": -1}, {"_time": 17.499, "_x": 0, "_y": 1}, {"_time": 17.566, "_x": -1, "_y": -1}, {"_time": 17.583, "_x": -1, "_y": -1}, {"_time": 17.599, "_x": 0, "_y": -1}, {"_time": 17.616, "_x": 0, "_y": -1}, {"_time": 17.633, "_x": 1, "_y": -1}, {"_time": 17.649, "_x": 1, "_y": -1}, {"_time": 17.666, "_x": 1, "_y": 0}, {"_time": 17.683, "_x": 1, "_y": 0}, {"_time": 17.699, "_x": 1, "_y": 1}, {"_time": 17.766, "_x": -1, "_y": 0}, {"_time": 17.833, "_x": 1, "_y": 0}, {"_time": 17.9, "_x": -1, "_y": -1}, {"_time": 17.966, "_x": 1, "_y": 1}, {"_time": 18.033, "_x": -1, "_y": -1}, {"_time": 18.099, "_x": -1, "_y": 1}, {"_time": 18.166, "_x": 0, "_y": -1}, {"_time": 18.199, "_x": 0, "_y": 0}, {"_time": 18.233, "_x": 0, "_y": 1}, {"_time": 18.299, "_x": 1, "_y": -1}, {"_time": 18.366, "_x": -1, "_y": 1}, {"_time": 18.433, "_x": 1, "_y": 0}, {"_time": 18.499, "_x": -1, "_y": 0}, {"_time": 18.566, "_x": 1, "_y": 1}, {"_time": 18.633, "_x": -1, "_y": -1}, {"_time": 18.699, "_x": -1, "_y": 1}, {"_time": 18.766, "_x": 0, "_y": -1}, {"_time": 18.833, "_x": 0, "_y": 1}, {"_time": 18.899, "_x": 1, "_y": -1}, {"_time": 18.966, "_x": -1, "_y": 0}, {"_time": 19.033, "_x": 1, "_y": 0}, {"_time": 19.099, "_x": -1, "_y": 1}, {"_time": 19.166, "_x": 1, "_y": -1}, {"_time": 19.233, "_x": 0, "_y": 1}, {"_time": 19.266, "_x": 0, "_y": 0}, {"_time": 19.299, "_x": 0, "_y": -1}, {"_time": 19.366, "_x": 1, "_y": 1}, {"_time": 19.433, "_x": -1, "_y": 0}, {"_time": 19.499, "_x": 1, "_y": 0}, {"_time": 19.566, "_x": -1, "_y": 0}, {"_time": 19.633, "_x": 1, "_y": -1}, {"_time": 19.699, "_x": -1, "_y": 1}, {"_time": 19.733, "_x": -1, "_y": 0}, {"_time": 19.766, "_x": -1, "_y": -1}, {"_time": 19.799, "_x": 0, "_y": -1}, {"_time": 19.833, "_x": 1, "_y": -1}, {"_time": 19.899, "_x": 0, "_y": 1}, {"_time": 19.966, "_x": -1, "_y": -1}, {"_time": 20.033, "_x": 1, "_y": 1}, {"_time": 20.099, "_x": -1, "_y": 0}, {"_time": 20.166, "_x": 1, "_y": -1}, {"_time": 20.233, "_x": -1, "_y": 1}, {"_time": 20.299, "_x": 1, "_y": 0}, {"_time": 20.366, "_x": -1, "_y": -1}, {"_time": 20.383, "_x": -1, "_y": -1}, {"_time": 20.399, "_x": -1, "_y": 0}, {"_time": 20.416, "_x": -1, "_y": 0}, {"_time": 20.433, "_x": -1, "_y": 1}, {"_time": 20.449, "_x": -1, "_y": 1}, {"_time": 20.466, "_x": 0, "_y": 1}, {"_time": 20.483, "_x": 0, "_y": 1}, {"_time": 20.499, "_x": 0, "_y": 0}, {"_time": 20.516, "_x": 0, "_y": 0}, {"_time": 20.533, "_x": 0, "_y": -1}, {"_time": 20.549, "_x": 0, "_y": -1}, {"_time": 20.566, "_x": 1, "_y": -1}, {"_time": 20.583, "_x": 1, "_y": -1}, {"_time": 20.599, "_x": 1, "_y": 0}, {"_time": 20.616, "_x": 1, "_y": 0}, {"_time": 20.633, "_x": 1, "_y": 1}, {"_time": 20.666, "_x": 1, "_y": 1}, {"_time": 20.699, "_x": -1, "_y": 1}, {"_time": 20.733, "_x": -1, "_y": 1}, {"_time": 20.766, "_x": 1, "_y": 0}, {"_time": 20.799, "_x": 1, "_y": 0}, {"_time": 20.833, "_x": -1, "_y": -1}, {"_time": 20.866, "_x": -1, "_y": -1}, {"_time": 20.901, "_x": 1, "_y": 1}, {"_time": 20.966, "_x": 0, "_y": -1}, {"_time": 21.033, "_x": -1, "_y": 1}, {"_time": 21.099, "_x": 1, "_y": -1}, {"_time": 21.166, "_x": -1, "_y": 1}, {"_time": 21.233, "_x": 1, "_y": 0}, {"_time": 21.299, "_x": -1, "_y": -1}, {"_time": 21.333, "_x": -1, "_y": 0}, {"_time": 21.366, "_x": -1, "_y": 1}, {"_time": 21.399, "_x": 0, "_y": 1}, {"_time": 21.433, "_x": 1, "_y": 1}, {"_time": 21.499, "_x": 0, "_y": -1}, {"_time": 21.566, "_x": 0, "_y": 1}, {"_time": 21.633, "_x": 1, "_y": -1}, {"_time": 21.699, "_x": -1, "_y": 1}, {"_time": 21.766, "_x": 1, "_y": 0}, {"_time": 21.833, "_x": -1, "_y": 0}, {"_time": 21.849, "_x": -1, "_y": 0}, {"_time": 21.866, "_x": -1, "_y": 1}, {"_time": 21.883, "_x": -1, "_y": 1}, {"_time": 21.899, "_x": 0, "_y": 1}, {"_time": 21.916, "_x": 0, "_y": 1}, {"_time": 21.933, "_x": 1, "_y": 1}, {"_time": 21.949, "_x": 1, "_y": 1}, {"_time": 21.966, "_x": 1, "_y": 0}, {"_time": 22.033, "_x": -1, "_y": -1}, {"_time": 22.099, "_x": 1, "_y": 1}, {"_time": 22.166, "_x": 0, "_y": -1}, {"_time": 22.233, "_x": -1, "_y": 1}, {"_time": 22.299, "_x": 1, "_y": -1}, {"_time": 22.366, "_x": 0, "_y": 1}, {"_time": 22.433, "_x": -1, "_y": -1}, {"_time": 22.466, "_x": -1, "_y": 0}, {"_time": 22.499, "_x": -1, "_y": 1}, {"_time": 22.566, "_x": 1, "_y": 0}, {"_time": 22.633, "_x": -1, "_y": 0}, {"_time": 22.699, "_x": 1, "_y": 1}, {"_time": 22.766, "_x": 0, "_y": -1}, {"_time": 22.833, "_x": -1, "_y": 1}, {"_time": 22.899, "_x": 1, "_y": -1}, {"_time": 22.966, "_x": -1, "_y": 1}, {"_time": 23.033, "_x": 1, "_y": 0}, {"_time": 23.099, "_x": -1, "_y": 0}, {"_time": 23.166, "_x": 1, "_y": -1}, {"_time": 23.233, "_x": 0, "_y": 1}, {"_time": 23.299, "_x": 0, "_y": -1}, {"_time": 23.366, "_x": 1, "_y": 1}, {"_time": 23.433, "_x": -1, "_y": -1}, {"_time": 23.499, "_x": 1, "_y": 0}, {"_time": 23.533, "_x": 0, "_y": 0}, {"_time": 23.566, "_x": -1, "_y": 0}, {"_time": 23.633, "_x": 1, "_y": 1}, {"_time": 23.699, "_x": 1, "_y": -1}, {"_time": 23.766, "_x": -1, "_y": 1}, {"_time": 23.833, "_x": 1, "_y": 0}, {"_time": 23.899, "_x": -1, "_y": 0}, {"_time": 23.966, "_x": 1, "_y": -1}, {"_time": 24.033, "_x": -1, "_y": -1}, {"_time": 24.099, "_x": -1, "_y": 1}, {"_time": 24.119, "_x": -1, "_y": 1}, {"_time": 24.138, "_x": 0, "_y": 1}, {"_time": 24.157, "_x": 0, "_y": 1}, {"_time": 24.176, "_x": 1, "_y": 0}, {"_time": 24.195, "_x": 1, "_y": 0}, {"_time": 24.214, "_x": 0, "_y": -1}, {"_time": 24.233, "_x": 0, "_y": -1}, {"_time": 24.252, "_x": -1, "_y": -1}, {"_time": 24.271, "_x": -1, "_y": -1}, {"_time": 24.29, "_x": -1, "_y": 0}, {"_time": 24.309, "_x": -1, "_y": 0}, {"_time": 24.328, "_x": 0, "_y": 1}, {"_time": 24.347, "_x": 0, "_y": 1}, {"_time": 24.366, "_x": 1, "_y": 1}, {"_time": 24.399, "_x": 1, "_y": 1}, {"_time": 24.433, "_x": 0, "_y": -1}, {"_time": 24.466, "_x": 0, "_y": -1}, {"_time": 24.499, "_x": -1, "_y": 1}, {"_time": 24.533, "_x": -1, "_y": 1}, {"_time": 24.533, "_x": 1, "_y": -1}, {"_time": 24.566, "_x": 1, "_y": -1}, {"_time": 24.633, "_x": -1, "_y": 0}, {"_time": 24.699, "_x": 1, "_y": 1}, {"_time": 24.766, "_x": -1, "_y": -1}, {"_time": 24.833, "_x": -1, "_y": 1}, {"_time": 24.899, "_x": 1, "_y": -1}, {"_time": 24.966, "_x": -1, "_y": 0}, {"_time": 25.033, "_x": 1, "_y": 0}, {"_time": 25.099, "_x": -1, "_y": -1}, {"_time": 25.166, "_x": 0, "_y": 1}, {"_time": 25.233, "_x": 0, "_y": -1}, {"_time": 25.299, "_x": 0, "_y": 1}, {"_time": 25.366, "_x": 0, "_y": -1}, {"_time": 25.433, "_x": -1, "_y": 1}, {"_time": 25.499, "_x": 1, "_y": -1}, {"_time": 25.566, "_x": -1, "_y": 1}, {"_time": 25.633, "_x": 1, "_y": -1}, {"_time": 25.699, "_x": -1, "_y": 0}, {"_time": 25.766, "_x": 1, "_y": 0}, {"_time": 25.833, "_x": -1, "_y": 0}, {"_time": 25.899, "_x": 1, "_y": 0}, {"_time": 25.966, "_x": -1, "_y": -1}, {"_time": 26.033, "_x": 1, "_y": -1}, {"_time": 26.099, "_x": -1, "_y": 0}, {"_time": 26.166, "_x": 1, "_y": 1}, {"_time": 26.233, "_x": 0, "_y": -1}, {"_time": 26.299, "_x": 0, "_y": 1}, {"_time": 26.366, "_x": 0, "_y": -1}, {"_time": 26.433, "_x": 0, "_y": 1}, {"_time": 26.499, "_x": -1, "_y": -1}, {"_time": 26.566, "_x": 1, "_y": 1}, {"_time": 26.633, "_x": -1, "_y": -1}, {"_time": 26.699, "_x": 1, "_y": 1}, {"_time": 26.766, "_x": -1, "_y": 0}, {"_time": 26.833, "_x": 1, "_y": -1}, {"_time": 26.899, "_x": 0, "_y": 1}, {"_time": 26.966, "_x": -1, "_y": -1}, {"_time": 27.033, "_x": 1, "_y": 0}, {"_time": 27.099, "_x": -1, "_y": 0}, {"_time": 27.166, "_x": 1, "_y": 0}, {"_time": 27.233, "_x": -1, "_y": 0}, {"_time": 27.299, "_x": 1, "_y": 1}, {"_time": 27.366, "_x": -1, "_y": 1}, {"_time": 27.433, "_x": 1, "_y": 1}, {"_time": 27.499, "_x": -1, "_y": 1}, {"_time": 27.566, "_x": 1, "_y": 0}, {"_time": 27.633, "_x": -1, "_y": 0}, {"_time": 27.699, "_x": 1, "_y": 0}, {"_time": 27.766, "_x": -1, "_y": 0}, {"_time": 27.833, "_x": 1, "_y": -1}, {"_time": 27.899, "_x": -1, "_y": 1}, {"_time": 27.966, "_x": 1, "_y": -1}, {"_time": 28.033, "_x": -1, "_y": 1}, {"_time": 28.099, "_x": 0, "_y": -1}, {"_time": 28.166, "_x": 0, "_y": 1}, {"_time": 28.233, "_x": -1, "_y": -1}, {"_time": 28.299, "_x": 1, "_y": 0}, {"_time": 28.366, "_x": -1, "_y": 1}, {"_time": 28.433, "_x": 1, "_y": 1}, {"_time": 28.499, "_x": -1, "_y": 1}, {"_time": 28.566, "_x": 1, "_y": 1}, {"_time": 28.633, "_x": -1, "_y": 0}, {"_time": 28.699, "_x": 1, "_y": 0}, {"_time": 28.766, "_x": -1, "_y": 0}, {"_time": 28.833, "_x": 1, "_y": 0}, {"_time": 28.899, "_x": -1, "_y": -1}, {"_time": 28.966, "_x": 1, "_y": -1}, {"_time": 29.033, "_x": -1, "_y": -1}, {"_time": 29.099, "_x": 1, "_y": -1}, {"_time": 29.166, "_x": -1, "_y": 1}, {"_time": 29.199, "_x": -1, "_y": 0}, {"_time": 29.233, "_x": -1, "_y": -1}, {"_time": 29.266, "_x": 0, "_y": -1}, {"_time": 29.299, "_x": 0, "_y": 0}, {"_time": 29.333, "_x": 0, "_y": 1}, {"_time": 29.366, "_x": 1, "_y": 1}, {"_time": 29.399, "_x": 1, "_y": 0}, {"_time": 29.433, "_x": 1, "_y": -1}, {"_time": 29.499, "_x": -1, "_y": 0}, {"_time": 29.566, "_x": 1, "_y": 1}, {"_time": 29.633, "_x": 0, "_y": -1}, {"_time": 29.699, "_x": -1, "_y": 1}, {"_time": 29.766, "_x": 1, "_y": -1}, {"_time": 29.833, "_x": 0, "_y": 1}, {"_time": 29.899, "_x": -1, "_y": -1}, {"_time": 29.933, "_x": -1, "_y": 0}, {"_time": 29.966, "_x": -1, "_y": 1}, {"_time": 30.033, "_x": 0, "_y": -1}, {"_time": 30.099, "_x": 1, "_y": 1}, {"_time": 30.166, "_x": -1, "_y": -1}, {"_time": 30.233, "_x": 1, "_y": 0}, {"_time": 30.299, "_x": -1, "_y": 0}, {"_time": 30.366, "_x": 1, "_y": -1}, {"_time": 30.399, "_x": 1, "_y": 0}, {"_time": 30.433, "_x": 1, "_y": 1}, {"_time": 30.466, "_x": 0, "_y": 1}, {"_time": 30.499, "_x": -1, "_y": 1}, {"_time": 30.566, "_x": 1, "_y": 0}, {"_time": 30.633, "_x": -1, "_y": -1}, {"_time": 30.699, "_x": 1, "_y": 1}, {"_time": 30.766, "_x": -1, "_y": 0}, {"_time": 30.833, "_x": 1, "_y": -1}, {"_time": 30.899, "_x": -1, "_y": 1}, {"_time": 30.966, "_x": 0, "_y": -1}, {"_time": 30.999, "_x": 0, "_y": 0}, {"_time": 31.033, "_x": 0, "_y": 1}, {"_time": 31.099, "_x": 1, "_y": -1}, {"_time": 31.166, "_x": -1, "_y": 0}, {"_time": 31.233, "_x": 1, "_y": 1}, {"_time": 31.299, "_x": -1, "_y": -1}, {"_time": 31.366, "_x": -1, "_y": 1}, {"_time": 31.433, "_x": 0, "_y": -1}, {"_time": 31.499, "_x": 0, "_y": 1}, {"_time": 31.566, "_x": 1, "_y": -1}, {"_time": 31.633, "_x": -1, "_y": 0}, {"_time": 31.699, "_x": 1, "_y": 0}, {"_time": 31.766, "_x": -1, "_y": 1}, {"_time": 31.833, "_x": 1, "_y": -1}, {"_time": 31.899, "_x": 0, "_y": 1}, {"_time": 31.966, "_x": 0, "_y": -1}, {"_time": 32.033, "_x": -1, "_y": 1}, {"_time": 32.066, "_x": -1, "_y": 0}, {"_time": 32.099, "_x": -1, "_y": -1}, {"_time": 32.166, "_x": 1, "_y": 0}, {"_time": 32.233, "_x": -1, "_y": 0}, {"_time": 32.299, "_x": 1, "_y": 1}, {"_time": 32.367, "_x": 0, "_y": -1}, {"_time": 32.433, "_x": -1, "_y": 1}, {"_time": 32.499, "_x": 1, "_y": -1}, {"_time": 32.533, "_x": 0, "_y": -1}, {"_time": 32.566, "_x": -1, "_y": -1}, {"_time": 32.633, "_x": -1, "_y": 1}, {"_time": 32.666, "_x": -1, "_y": 1}, {"_time": 32.699, "_x": 1, "_y": 0}, {"_time": 32.733, "_x": 1, "_y": 0}, {"_time": 32.766, "_x": -1, "_y": 0}, {"_time": 32.799, "_x": -1, "_y": 0}, {"_time": 32.833, "_x": 1, "_y": 1}, {"_time": 32.866, "_x": 1, "_y": 1}, {"_time": 32.899, "_x": -1, "_y": -1}, {"_time": 32.933, "_x": -1, "_y": -1}, {"_time": 32.966, "_x": 1, "_y": 1}, {"_time": 32.999, "_x": 1, "_y": 1}, {"_time": 33.033, "_x": -1, "_y": 0}, {"_time": 33.066, "_x": -1, "_y": 0}, {"_time": 33.099, "_x": 1, "_y": -1}, {"_time": 33.133, "_x": 1, "_y": -1}, {"_time": 33.166, "_x": -1, "_y": 1}, {"_time": 33.183, "_x": -1, "_y": 1}, {"_time": 33.199, "_x": -1, "_y": 0}, {"_time": 33.216, "_x": -1, "_y": 0}, {"_time": 33.233, "_x": 0, "_y": -1}, {"_time": 33.249, "_x": 0, "_y": -1}, {"_time": 33.266, "_x": 1, "_y": 0}, {"_time": 33.283, "_x": 1, "_y": 0}, {"_time": 33.299, "_x": 1, "_y": 1}, {"_time": 33.316, "_x": 1, "_y": 1}, {"_time": 33.333, "_x": 0, "_y": 1}, {"_time": 33.349, "_x": 0, "_y": 1}, {"_time": 33.366, "_x": -1, "_y": 0}, {"_time": 33.383, "_x": -1, "_y": 0}, {"_time": 33.399, "_x": 0, "_y": -1}, {"_time": 33.416, "_x": 0, "_y": -1}, {"_time": 33.433, "_x": 1, "_y": -1}, {"_time": 33.449, "_x": 1, "_y": -1}, {"_time": 33.466, "_x": 1, "_y": 0}, {"_time": 33.483, "_x": 1, "_y": 0}, {"_time": 33.499, "_x": 0, "_y": 1}, {"_time": 33.516, "_x": 0, "_y": 1}, {"_time": 33.533, "_x": -1, "_y": 0}, {"_time": 33.549, "_x": -1, "_y": 0}, {"_time": 33.566, "_x": -1, "_y": -1}, {"_time": 33.583, "_x": -1, "_y": -1}, {"_time": 33.599, "_x": 0, "_y": -1}, {"_time": 33.616, "_x": 0, "_y": -1}, {"_time": 33.633, "_x": 1, "_y": 0}, {"_time": 33.649, "_x": 1, "_y": 0}, {"_time": 33.666, "_x": 0, "_y": 1}, {"_time": 33.683, "_x": 0, "_y": 1}, {"_time": 33.699, "_x": -1, "_y": 1}, {"_time": 33.766, "_x": 1, "_y": -1}, {"_time": 33.833, "_x": -1, "_y": 0}, {"_time": 33.899, "_x": 1, "_y": 1}, {"_time": 33.966, "_x": -1, "_y": -1}, {"_time": 34.033, "_x": -1, "_y": 1}, {"_time": 34.099, "_x": 0, "_y": -1}, {"_time": 34.166, "_x": 0, "_y": 1}, {"_time": 34.233, "_x": -1, "_y": -1}, {"_time": 34.299, "_x": 1, "_y": 0}, {"_time": 34.366, "_x": -1, "_y": 0}, {"_time": 34.433, "_x": 1, "_y": -1}, {"_time": 34.499, "_x": -1, "_y": 1}, {"_time": 34.566, "_x": 1, "_y": 0}, {"_time": 34.633, "_x": -1, "_y": -1}, {"_time": 34.699, "_x": 1, "_y": 1}, {"_time": 34.766, "_x": 1, "_y": -1}, {"_time": 34.833, "_x": -1, "_y": 1}, {"_time": 34.899, "_x": 1, "_y": 0}, {"_time": 34.966, "_x": -1, "_y": 0}, {"_time": 35.033, "_x": 1, "_y": -1}, {"_time": 35.099, "_x": 0, "_y": 1}, {"_time": 35.166, "_x": -1, "_y": -1}, {"_time": 35.233, "_x": 1, "_y": 0}, {"_time": 35.299, "_x": -1, "_y": 1}, {"_time": 35.366, "_x": -1, "_y": -1}, {"_time": 35.433, "_x": 0, "_y": 1}, {"_time": 35.499, "_x": 1, "_y": -1}, {"_time": 35.566, "_x": -1, "_y": 0}, {"_time": 35.599, "_x": -1, "_y": 0}, {"_time": 35.633, "_x": 1, "_y": 0}, {"_time": 35.666, "_x": 1, "_y": 0}, {"_time": 35.699, "_x": -1, "_y": -1}, {"_time": 35.733, "_x": -1, "_y": -1}, {"_time": 35.766, "_x": -1, "_y": 1}, {"_time": 35.799, "_x": -1, "_y": 1}, {"_time": 35.833, "_x": 1, "_y": -1}, {"_time": 35.899, "_x": 0, "_y": 1}, {"_time": 35.966, "_x": 0, "_y": -1}, {"_time": 36.033, "_x": 1, "_y": 1}, {"_time": 36.099, "_x": -1, "_y": -1}, {"_time": 36.166, "_x": 0, "_y": 1}, {"_time": 36.233, "_x": 1, "_y": -1}, {"_time": 36.299, "_x": -1, "_y": 1}, {"_time": 36.366, "_x": 1, "_y": 0}, {"_time": 36.433, "_x": -1, "_y": 0}, {"_time": 36.499, "_x": 1, "_y": 1}, {"_time": 36.566, "_x": 0, "_y": -1}, {"_time": 36.633, "_x": 0, "_y": 1}, {"_time": 36.699, "_x": -1, "_y": -1}, {"_time": 36.766, "_x": 1, "_y": 0}, {"_time": 36.799, "_x": 1, "_y": 1}, {"_time": 36.833, "_x": 0, "_y": 1}, {"_time": 36.866, "_x": -1, "_y": 1}, {"_time": 36.899, "_x": -1, "_y": 0}, {"_time": 36.966, "_x": 1, "_y": 0}, {"_time": 37.033, "_x": -1, "_y": -1}, {"_time": 37.099, "_x": 1, "_y": 1}, {"_time": 37.166, "_x": 0, "_y": -1}, {"_time": 37.233, "_x": -1, "_y": 1}, {"_time": 37.299, "_x": 1, "_y": -1}, {"_time": 37.366, "_x": 0, "_y": 1}, {"_time": 37.434, "_x": -1, "_y": -1}, {"_time": 37.499, "_x": 1, "_y": 0}, {"_time": 37.566, "_x": -1, "_y": 1}, {"_time": 37.599, "_x": -1, "_y": 0}, {"_time": 37.633, "_x": -1, "_y": -1}, {"_time": 37.666, "_x": 0, "_y": -1}, {"_time": 37.699, "_x": 0, "_y": 0}, {"_time": 37.733, "_x": 0, "_y": 1}, {"_time": 37.766, "_x": 1, "_y": 1}, {"_time": 37.799, "_x": 1, "_y": 0}, {"_time": 37.833, "_x": 1, "_y": -1}, {"_time": 37.866, "_x": 0, "_y": -1}, {"_time": 37.899, "_x": -1, "_y": -1}, {"_time": 37.933, "_x": -1, "_y": 0}, {"_time": 37.966, "_x": -1, "_y": 1}, {"_time": 38.033, "_x": 1, "_y": 0}, {"_time": 38.099, "_x": -1, "_y": 0}, {"_time": 38.166, "_x": 1, "_y": 1}, {"_time": 38.233, "_x": -1, "_y": -1}, {"_time": 38.299, "_x": -1, "_y": 1}, {"_time": 38.366, "_x": 0, "_y": -1}, {"_time": 38.433, "_x": 1, "_y": 1}, {"_time": 38.499, "_x": -1, "_y": -1}, {"_time": 38.566, "_x": 1, "_y": 0}, {"_time": 38.633, "_x": -1, "_y": 0}, {"_time": 38.699, "_x": 1, "_y": -1}, {"_time": 38.766, "_x": -1, "_y": 1}, {"_time": 38.833, "_x": 1, "_y": 0}, {"_time": 38.899, "_x": -1, "_y": -1}, {"_time": 38.933, "_x": -1, "_y": 0}, {"_time": 38.966, "_x": -1, "_y": 1}, {"_time": 38.999, "_x": 0, "_y": 1}, {"_time": 39.033, "_x": 1, "_y": 1}, {"_time": 39.099, "_x": -1, "_y": 0}, {"_time": 39.166, "_x": 1, "_y": -1}, {"_time": 39.233, "_x": -1, "_y": 1}, {"_time": 39.299, "_x": -1, "_y": -1}, {"_time": 39.366, "_x": 0, "_y": 1}, {"_time": 39.433, "_x": 0, "_y": -1}, {"_time": 39.499, "_x": 1, "_y": 1}, {"_time": 39.566, "_x": -1, "_y": -1}, {"_time": 39.633, "_x": 1, "_y": 0}, {"_time": 39.699, "_x": -1, "_y": 1}, {"_time": 39.766, "_x": 1, "_y": -1}, {"_time": 39.833, "_x": -1, "_y": 0}, {"_time": 39.866, "_x": -1, "_y": 0}, {"_time": 39.899, "_x": 1, "_y": 1}, {"_time": 39.933, "_x": 1, "_y": 1}, {"_time": 39.966, "_x": -1, "_y": -1}, {"_time": 39.999, "_x": -1, "_y": -1}, {"_time": 40.033, "_x": 0, "_y": 1}, {"_time": 40.066, "_x": 0, "_y": 1}, {"_time": 40.099, "_x": 0, "_y": -1}, {"_time": 40.166, "_x": -1, "_y": 1}, {"_time": 40.233, "_x": 1, "_y": -1}, {"_time": 40.299, "_x": -1, "_y": 0}, {"_time": 40.366, "_x": 1, "_y": 0}, {"_time": 40.433, "_x": -1, "_y": -1}, {"_time": 40.499, "_x": 1, "_y": 1}, {"_time": 40.566, "_x": 0, "_y": -1}, {"_time": 40.633, "_x": -1, "_y": 1}, {"_time": 40.699, "_x": -1, "_y": -1}, {"_time": 40.766, "_x": 1, "_y": 0}, {"_time": 40.833, "_x": -1, "_y": 0}, {"_time": 40.899, "_x": 1, "_y": -1}, {"_time": 40.966, "_x": -1, "_y": 1}, {"_time": 41.033, "_x": 0, "_y": -1}, {"_time": 41.066, "_x": 1, "_y": -1}, {"_time": 41.099, "_x": 1, "_y": 0}, {"_time": 41.133, "_x": 1, "_y": 1}, {"_time": 41.166, "_x": 0, "_y": 1}, {"_time": 41.233, "_x": -1, "_y": -1}, {"_time": 41.299, "_x": 1, "_y": 0}, {"_time": 41.366, "_x": -1, "_y": 0}, {"_time": 41.433, "_x": 1, "_y": 1}, {"_time": 41.499, "_x": 0, "_y": -1}, {"_time": 41.566, "_x": 0, "_y": 1}, {"_time": 41.633, "_x": 1, "_y": -1}, {"_time": 41.699, "_x": -1, "_y": 1}, {"_time": 41.766, "_x": 1, "_y": 0}, {"_time": 41.833, "_x": -1, "_y": -1}, {"_time": 41.899, "_x": 0, "_y": 1}, {"_time": 41.966, "_x": 1, "_y": -1}, {"_time": 41.999, "_x": 0, "_y": -1}, {"_time": 42.033, "_x": -1, "_y": -1}, {"_time": 42.066, "_x": -1, "_y": 0}, {"_time": 42.099, "_x": 0, "_y": 0}, {"_time": 42.133, "_x": 1, "_y": 0}, {"_time": 42.166, "_x": 1, "_y": 1}, {"_time": 42.199, "_x": 0, "_y": 1}, {"_time": 42.233, "_x": -1, "_y": 1}, {"_time": 42.299, "_x": 0, "_y": -1}, {"_time": 42.333, "_x": 0, "_y": 0}, {"_time": 42.366, "_x": 0, "_y": 1}, {"_time": 42.433, "_x": 1, "_y": -1}, {"_time": 42.499, "_x": -1, "_y": 1}, {"_time": 42.533, "_x": 0, "_y": 1}, {"_time": 42.566, "_x": 1, "_y": 1}, {"_time": 42.633, "_x": -1, "_y": 0}, {"_time": 42.699, "_x": 1, "_y": -1}, {"_time": 42.733, "_x": 0, "_y": -1}, {"_time": 42.766, "_x": -1, "_y": -1}, {"_time": 42.833, "_x": 0, "_y": 1}, {"_time": 42.899, "_x": 1, "_y": -1}, {"_time": 42.933, "_x": 0, "_y": -1}, {"_time": 42.966, "_x": -1, "_y": -1}, {"_time": 42.999, "_x": -1, "_y": 0}, {"_time": 43.033, "_x": -1, "_y": 1}, {"_time": 43.066, "_x": 0, "_y": 1}, {"_time": 43.099, "_x": 0, "_y": 0}, {"_time": 43.133, "_x": 0, "_y": -1}, {"_time": 43.166, "_x": 1, "_y": -1}, {"_time": 43.233, "_x": -1, "_y": 0}, {"_time": 43.299, "_x": 1, "_y": 1}, {"_time": 43.333, "_x": 1, "_y": 0}, {"_time": 43.366, "_x": 1, "_y": -1}, {"_time": 43.433, "_x": 0, "_y": 1}, {"_time": 43.499, "_x": -1, "_y": -1}, {"_time": 43.567, "_x": 1, "_y": 0}, {"_time": 43.633, "_x": -1, "_y": 0}, {"_time": 43.699, "_x": 1, "_y": -1}, {"_time": 43.733, "_x": 0, "_y": -1}, {"_time": 43.766, "_x": -1, "_y": -1}, {"_time": 43.833, "_x": 0, "_y": 1}, {"_time": 43.899, "_x": -1, "_y": -1}, {"_time": 43.933, "_x": -1, "_y": 0}, {"_time": 43.966, "_x": -1, "_y": 1}, {"_time": 44.033, "_x": 1, "_y": 0}, {"_time": 44.099, "_x": -1, "_y": 1}, {"_time": 44.166, "_x": 1, "_y": 1}, {"_time": 44.233, "_x": 0, "_y": -1}, {"_time": 44.299, "_x": 0, "_y": 1}, {"_time": 44.366, "_x": -1, "_y": -1}, {"_time": 44.433, "_x": 1, "_y": 0}, {"_time": 44.466, "_x": 0, "_y": 0}, {"_time": 44.499, "_x": -1, "_y": 0}, {"_time": 44.566, "_x": 1, "_y": -1}, {"_time": 44.633, "_x": -1, "_y": 1}, {"_time": 44.666, "_x": 0, "_y": 1}, {"_time": 44.699, "_x": 1, "_y": 1}, {"_time": 44.766, "_x": -1, "_y": -1}, {"_time": 44.833, "_x": 1, "_y": 1}, {"_time": 44.866, "_x": 0, "_y": 1}, {"_time": 44.899, "_x": -1, "_y": 1}, {"_time": 44.966, "_x": 1, "_y": 0}, {"_time": 45.033, "_x": -1, "_y": -1}, {"_time": 45.066, "_x": -1, "_y": 0}, {"_time": 45.099, "_x": -1, "_y": 1}, {"_time": 45.166, "_x": 1, "_y": -1}, {"_time": 45.233, "_x": -1, "_y": 0}, {"_time": 45.266, "_x": 0, "_y": 0}, {"_time": 45.299, "_x": 1, "_y": 0}, {"_time": 45.366, "_x": -1, "_y": 1}, {"_time": 45.433, "_x": 0, "_y": -1}, {"_time": 45.466, "_x": 0, "_y": 0}, {"_time": 45.499, "_x": 0, "_y": 1}, {"_time": 45.566, "_x": -1, "_y": -1}, {"_time": 45.633, "_x": 1, "_y": 1}, {"_time": 45.699, "_x": 0, "_y": -1}, {"_time": 45.766, "_x": -1, "_y": 1}, {"_time": 45.833, "_x": 1, "_y": -1}, {"_time": 45.866, "_x": 1, "_y": 0}, {"_time": 45.899, "_x": 1, "_y": 1}, {"_time": 45.966, "_x": -1, "_y": -1}, {"_time": 45.999, "_x": 0, "_y": -1}, {"_time": 46.033, "_x": 1, "_y": -1}, {"_time": 46.066, "_x": 1, "_y": 0}, {"_time": 46.099, "_x": 0, "_y": 0}, {"_time": 46.133, "_x": -1, "_y": 0}, {"_time": 46.166, "_x": -1, "_y": 1}, {"_time": 46.199, "_x": 0, "_y": 1}, {"_time": 46.233, "_x": 0, "_y": 0}, {"_time": 46.266, "_x": 0, "_y": -1}, {"_time": 46.299, "_x": 1, "_y": -1}, {"_time": 46.333, "_x": 1, "_y": 0}, {"_time": 46.366, "_x": 0, "_y": 0}, {"_time": 46.399, "_x": -1, "_y": 0}, {"_time": 46.433, "_x": -1, "_y": 1}, {"_time": 46.466, "_x": 0, "_y": 1}, {"_time": 46.499, "_x": 1, "_y": 1}, {"_time": 46.516, "_x": 1, "_y": 1}, {"_time": 46.533, "_x": 1, "_y": 0}, {"_time": 46.549, "_x": 1, "_y": 0}, {"_time": 46.566, "_x": 1, "_y": -1}, {"_time": 46.583, "_x": 1, "_y": -1}, {"_time": 46.599, "_x": 0, "_y": -1}, {"_time": 46.616, "_x": 0, "_y": -1}, {"_time": 46.633, "_x": -1, "_y": -1}, {"_time": 46.699, "_x": 1, "_y": 0}, {"_time": 46.766, "_x": -1, "_y": 1}, {"_time": 46.783, "_x": -1, "_y": 1}, {"_time": 46.799, "_x": 0, "_y": 1}, {"_time": 46.816, "_x": 0, "_y": 1}, {"_time": 46.833, "_x": 1, "_y": 1}, {"_time": 46.899, "_x": -1, "_y": 0}, {"_time": 46.966, "_x": 1, "_y": -1}, {"_time": 46.983, "_x": 1, "_y": -1}, {"_time": 46.999, "_x": 1, "_y": 0}, {"_time": 47.016, "_x": 1, "_y": 0}, {"_time": 47.033, "_x": 1, "_y": 1}, {"_time": 47.099, "_x": 0, "_y": -1}, {"_time": 47.166, "_x": 1, "_y": 1}, {"_time": 47.199, "_x": 0, "_y": 1}, {"_time": 47.233, "_x": -1, "_y": 1}, {"_time": 47.299, "_x": 1, "_y": 0}, {"_time": 47.366, "_x": -1, "_y": -1}, {"_time": 47.433, "_x": 1, "_y": 1}, {"_time": 47.499, "_x": 0, "_y": -1}, {"_time": 47.566, "_x": 0, "_y": 1}, {"_time": 47.599, "_x": 0, "_y": 0}, {"_time": 47.633, "_x": 0, "_y": -1}, {"_time": 47.699, "_x": -1, "_y": 1}, {"_time": 47.766, "_x": 1, "_y": -1}, {"_time": 47.834, "_x": 0, "_y": 1}, {"_time": 47.899, "_x": -1, "_y": -1}, {"_time": 47.966, "_x": -1, "_y": 1}, {"_time": 47.983, "_x": -1, "_y": 1}, {"_time": 47.999, "_x": 0, "_y": 1}, {"_time": 48.016, "_x": 0, "_y": 1}, {"_time": 48.033, "_x": 1, "_y": 1}, {"_time": 48.099, "_x": -1, "_y": 0}, {"_time": 48.166, "_x": 1, "_y": 1}, {"_time": 48.183, "_x": 1, "_y": 1}, {"_time": 48.199, "_x": 1, "_y": 0}, {"_time": 48.216, "_x": 1, "_y": 0}, {"_time": 48.233, "_x": 1, "_y": -1}, {"_time": 48.299, "_x": -1, "_y": 1}, {"_time": 48.366, "_x": 1, "_y": -1}, {"_time": 48.399, "_x": 1, "_y": 0}, {"_time": 48.433, "_x": 1, "_y": 1}, {"_time": 48.466, "_x": 0, "_y": 1}, {"_time": 48.499, "_x": -1, "_y": 1}, {"_time": 48.533, "_x": -1, "_y": 0}, {"_time": 48.566, "_x": 0, "_y": 0}, {"_time": 48.599, "_x": 1, "_y": 0}, {"_time": 48.633, "_x": 1, "_y": -1}, {"_time": 48.649, "_x": 1, "_y": -1}, {"_time": 48.666, "_x": 0, "_y": -1}, {"_time": 48.683, "_x": 0, "_y": -1}, {"_time": 48.699, "_x": -1, "_y": -1}, {"_time": 48.766, "_x": 1, "_y": 0}, {"_time": 48.833, "_x": -1, "_y": 1}, {"_time": 48.849, "_x": -1, "_y": 1}, {"_time": 48.866, "_x": -1, "_y": 0}, {"_time": 48.883, "_x": -1, "_y": 0}, {"_time": 48.899, "_x": -1, "_y": -1}, {"_time": 48.966, "_x": 1, "_y": 1}, {"_time": 49.033, "_x": 0, "_y": -1}, {"_time": 49.049, "_x": 0, "_y": -1}, {"_time": 49.066, "_x": 0, "_y": 0}, {"_time": 49.083, "_x": 0, "_y": 0}, {"_time": 49.099, "_x": 0, "_y": 1}, {"_time": 49.166, "_x": -1, "_y": -1}, {"_time": 49.233, "_x": 1, "_y": 0}, {"_time": 49.266, "_x": 0, "_y": 0}, {"_time": 49.299, "_x": -1, "_y": 0}, {"_time": 49.366, "_x": 1, "_y": -1}, {"_time": 49.399, "_x": 1, "_y": 0}, {"_time": 49.433, "_x": 1, "_y": 1}, {"_time": 49.499, "_x": -1, "_y": -1}, {"_time": 49.533, "_x": -1, "_y": 0}, {"_time": 49.566, "_x": -1, "_y": 1}, {"_time": 49.633, "_x": 1, "_y": 0}, {"_time": 49.666, "_x": 0, "_y": 0}, {"_time": 49.699, "_x": -1, "_y": 0}, {"_time": 49.766, "_x": 1, "_y": -1}, {"_time": 49.833, "_x": -1, "_y": 1}, {"_time": 49.899, "_x": 1, "_y": 0}, {"_time": 49.966, "_x": -1, "_y": -1}, {"_time": 50.033, "_x": 1, "_y": 1}, {"_time": 50.049, "_x": 1, "_y": 1}, {"_time": 50.066, "_x": 0, "_y": 1}, {"_time": 50.083, "_x": 0, "_y": 1}, {"_time": 50.099, "_x": -1, "_y": 1}, {"_time": 50.166, "_x": 0, "_y": -1}, {"_time": 50.233, "_x": 1, "_y": 1}, {"_time": 50.249, "_x": 1, "_y": 1}, {"_time": 50.266, "_x": 0, "_y": 1}, {"_time": 50.283, "_x": 0, "_y": 1}, {"_time": 50.299, "_x": -1, "_y": 1}, {"_time": 50.366, "_x": -1, "_y": -1}, {"_time": 50.399, "_x": 0, "_y": -1}, {"_time": 50.433, "_x": 1, "_y": 0}, {"_time": 50.466, "_x": 1, "_y": 1}, {"_time": 50.499, "_x": 0, "_y": 1}, {"_time": 50.516, "_x": 0, "_y": 1}, {"_time": 50.533, "_x": -1, "_y": 0}, {"_time": 50.549, "_x": -1, "_y": 0}, {"_time": 50.566, "_x": 0, "_y": -1}, {"_time": 50.583, "_x": 0, "_y": -1}, {"_time": 50.599, "_x": 1, "_y": -1}, {"_time": 50.616, "_x": 1, "_y": -1}, {"_time": 50.633, "_x": 1, "_y": 0}, {"_time": 50.649, "_x": 1, "_y": 0}, {"_time": 50.666, "_x": 0, "_y": 1}, {"_time": 50.683, "_x": 0, "_y": 1}, {"_time": 50.699, "_x": -1, "_y": 1}, {"_time": 50.716, "_x": -1, "_y": 1}, {"_time": 50.733, "_x": -1, "_y": 0}, {"_time": 50.749, "_x": -1, "_y": 0}, {"_time": 50.766, "_x": -1, "_y": -1}]}