{"_approachDistance": 50, "_approachTime": 1, "_name": "fun?", "_notes": [{"_time": 0.354, "_x": 1, "_y": 0}, {"_time": 0.554, "_x": -1, "_y": 0}, {"_time": 0.754, "_x": 1, "_y": -1}, {"_time": 0.954, "_x": 0, "_y": 1}, {"_time": 1.054, "_x": 0, "_y": 0}, {"_time": 1.154, "_x": 0, "_y": -1}, {"_time": 1.354, "_x": -1, "_y": 1}, {"_time": 1.554, "_x": 1, "_y": -1}, {"_time": 1.654, "_x": 0, "_y": -1}, {"_time": 1.754, "_x": -1, "_y": -1}, {"_time": 1.854, "_x": -1, "_y": 0}, {"_time": 1.954, "_x": -1, "_y": 1}, {"_time": 2.154, "_x": 1, "_y": 0}, {"_time": 2.354, "_x": -1, "_y": -1}, {"_time": 2.554, "_x": 0, "_y": 1}, {"_time": 2.754, "_x": 0, "_y": -1}, {"_time": 2.954, "_x": -1, "_y": 1}, {"_time": 3.154, "_x": 1, "_y": 1}, {"_time": 3.254, "_x": 1, "_y": 0}, {"_time": 3.354, "_x": 0, "_y": -1}, {"_time": 3.454, "_x": -1, "_y": -1}, {"_time": 3.554, "_x": 0, "_y": 1}, {"_time": 3.754, "_x": 0, "_y": -1}, {"_time": 3.954, "_x": -1, "_y": 1}, {"_time": 4.154, "_x": 1, "_y": 0}, {"_time": 4.254, "_x": 0, "_y": 0}, {"_time": 4.354, "_x": -1, "_y": 0}, {"_time": 4.554, "_x": 1, "_y": -1}, {"_time": 4.754, "_x": 0, "_y": 1}, {"_time": 4.854, "_x": -1, "_y": -1}, {"_time": 4.954, "_x": 0, "_y": -1}, {"_time": 5.054, "_x": 1, "_y": 0}, {"_time": 5.154, "_x": -1, "_y": 1}, {"_time": 5.354, "_x": -1, "_y": -1}, {"_time": 5.554, "_x": 1, "_y": -1}, {"_time": 5.654, "_x": 1, "_y": 0}, {"_time": 5.754, "_x": 1, "_y": 1}, {"_time": 5.954, "_x": -1, "_y": 1}, {"_time": 6.154, "_x": 1, "_y": 0}, {"_time": 6.204, "_x": 1, "_y": 0}, {"_time": 6.254, "_x": -1, "_y": -1}, {"_time": 6.304, "_x": -1, "_y": -1}, {"_time": 6.354, "_x": 0, "_y": 1}, {"_time": 6.404, "_x": 0, "_y": 1}, {"_time": 6.454, "_x": 1, "_y": -1}, {"_time": 6.504, "_x": 1, "_y": -1}, {"_time": 6.554, "_x": -1, "_y": 0}, {"_time": 6.604, "_x": -1, "_y": 0}, {"_time": 6.654, "_x": 1, "_y": 1}, {"_time": 6.704, "_x": 1, "_y": 0}, {"_time": 6.754, "_x": 0, "_y": -1}, {"_time": 6.954, "_x": 0, "_y": 1}, {"_time": 7.154, "_x": 1, "_y": -1}, {"_time": 7.354, "_x": -1, "_y": 0}, {"_time": 7.454, "_x": 0, "_y": 0}, {"_time": 7.554, "_x": 1, "_y": 0}, {"_time": 7.754, "_x": -1, "_y": -1}, {"_time": 7.954, "_x": 1, "_y": 1}, {"_time": 8.054, "_x": -1, "_y": 0}, {"_time": 8.154, "_x": 1, "_y": 1}, {"_time": 8.254, "_x": -1, "_y": 0}, {"_time": 8.354, "_x": 1, "_y": -1}, {"_time": 8.554, "_x": 0, "_y": 1}, {"_time": 8.754, "_x": 1, "_y": -1}, {"_time": 8.954, "_x": -1, "_y": 0}, {"_time": 9.154, "_x": 1, "_y": 0}, {"_time": 9.354, "_x": -1, "_y": 1}, {"_time": 9.554, "_x": -1, "_y": -1}, {"_time": 9.654, "_x": 0, "_y": -1}, {"_time": 9.754, "_x": 1, "_y": 0}, {"_time": 9.854, "_x": 1, "_y": 1}, {"_time": 9.954, "_x": -1, "_y": 0}, {"_time": 10.154, "_x": 1, "_y": -1}, {"_time": 10.354, "_x": 0, "_y": 1}, {"_time": 10.554, "_x": -1, "_y": -1}, {"_time": 10.654, "_x": -1, "_y": 0}, {"_time": 10.754, "_x": -1, "_y": 1}, {"_time": 10.954, "_x": 1, "_y": 0}, {"_time": 11.154, "_x": -1, "_y": -1}, {"_time": 11.254, "_x": 0, "_y": 1}, {"_time": 11.354, "_x": 1, "_y": -1}, {"_time": 11.454, "_x": -1, "_y": 0}, {"_time": 11.554, "_x": 1, "_y": 0}, {"_time": 11.754, "_x": -1, "_y": -1}, {"_time": 11.954, "_x": 0, "_y": 1}, {"_time": 12.054, "_x": 0, "_y": 0}, {"_time": 12.154, "_x": 0, "_y": -1}, {"_time": 12.354, "_x": -1, "_y": 1}, {"_time": 12.379, "_x": -1, "_y": 1}, {"_time": 12.404, "_x": 0, "_y": 1}, {"_time": 12.429, "_x": 0, "_y": 1}, {"_time": 12.454, "_x": 1, "_y": 1}, {"_time": 12.479, "_x": 1, "_y": 1}, {"_time": 12.504, "_x": 1, "_y": 0}, {"_time": 12.529, "_x": 1, "_y": 0}, {"_time": 12.554, "_x": 0, "_y": 0}, {"_time": 12.579, "_x": 0, "_y": 0}, {"_time": 12.604, "_x": -1, "_y": 0}, {"_time": 12.629, "_x": -1, "_y": 0}, {"_time": 12.654, "_x": -1, "_y": -1}, {"_time": 12.679, "_x": -1, "_y": -1}, {"_time": 12.704, "_x": 0, "_y": -1}, {"_time": 12.729, "_x": 0, "_y": -1}, {"_time": 12.754, "_x": 1, "_y": -1}, {"_time": 12.779, "_x": 1, "_y": -1}, {"_time": 12.804, "_x": 1, "_y": 0}, {"_time": 12.829, "_x": 1, "_y": 0}, {"_time": 12.854, "_x": 1, "_y": 1}, {"_time": 12.879, "_x": 1, "_y": 1}, {"_time": 12.904, "_x": 0, "_y": 1}, {"_time": 12.929, "_x": 0, "_y": 1}, {"_time": 12.954, "_x": -1, "_y": 1}, {"_time": 12.979, "_x": -1, "_y": 1}, {"_time": 13.004, "_x": -1, "_y": 0}, {"_time": 13.029, "_x": -1, "_y": 0}, {"_time": 13.054, "_x": -1, "_y": -1}, {"_time": 13.079, "_x": -1, "_y": -1}, {"_time": 13.154, "_x": 1, "_y": 0}, {"_time": 13.354, "_x": -1, "_y": -1}, {"_time": 13.554, "_x": 1, "_y": 0}, {"_time": 13.754, "_x": -1, "_y": 0}, {"_time": 13.854, "_x": 1, "_y": -1}, {"_time": 13.954, "_x": -1, "_y": 0}, {"_time": 14.154, "_x": 1, "_y": 1}, {"_time": 14.354, "_x": 0, "_y": -1}, {"_time": 14.454, "_x": 0, "_y": 1}, {"_time": 14.554, "_x": 0, "_y": -1}, {"_time": 14.654, "_x": 0, "_y": 1}, {"_time": 14.754, "_x": -1, "_y": -1}, {"_time": 14.954, "_x": 1, "_y": 0}, {"_time": 15.154, "_x": -1, "_y": -1}, {"_time": 15.354, "_x": 0, "_y": 1}, {"_time": 15.554, "_x": 0, "_y": -1}, {"_time": 15.754, "_x": -1, "_y": 1}, {"_time": 15.954, "_x": 1, "_y": -1}, {"_time": 16.054, "_x": 1, "_y": 0}, {"_time": 16.154, "_x": 0, "_y": 0}, {"_time": 16.254, "_x": -1, "_y": 0}, {"_time": 16.354, "_x": -1, "_y": 1}, {"_time": 16.554, "_x": 1, "_y": 0}, {"_time": 16.754, "_x": -1, "_y": -1}, {"_time": 16.954, "_x": 0, "_y": 1}, {"_time": 17.054, "_x": 0, "_y": -1}, {"_time": 17.154, "_x": 0, "_y": 1}, {"_time": 17.354, "_x": -1, "_y": -1}, {"_time": 17.554, "_x": 1, "_y": 0}, {"_time": 17.654, "_x": -1, "_y": 0}, {"_time": 17.754, "_x": 1, "_y": -1}, {"_time": 17.854, "_x": -1, "_y": 0}, {"_time": 17.954, "_x": 1, "_y": 1}, {"_time": 18.154, "_x": 0, "_y": -1}, {"_time": 18.354, "_x": -1, "_y": 1}, {"_time": 18.554, "_x": 1, "_y": 0}, {"_time": 18.754, "_x": -1, "_y": -1}, {"_time": 18.804, "_x": -1, "_y": -1}, {"_time": 18.854, "_x": -1, "_y": 1}, {"_time": 18.904, "_x": -1, "_y": 1}, {"_time": 18.954, "_x": 1, "_y": 1}, {"_time": 19.004, "_x": 1, "_y": 1}, {"_time": 19.054, "_x": 1, "_y": -1}, {"_time": 19.104, "_x": 1, "_y": -1}, {"_time": 19.154, "_x": -1, "_y": -1}, {"_time": 19.204, "_x": -1, "_y": -1}, {"_time": 19.254, "_x": -1, "_y": 1}, {"_time": 19.304, "_x": -1, "_y": 1}, {"_time": 19.354, "_x": 1, "_y": 1}, {"_time": 19.404, "_x": 1, "_y": 1}, {"_time": 19.454, "_x": 1, "_y": -1}, {"_time": 19.504, "_x": 1, "_y": -1}, {"_time": 19.554, "_x": -1, "_y": -1}, {"_time": 19.754, "_x": 1, "_y": 0}, {"_time": 19.954, "_x": -1, "_y": 0}, {"_time": 20.154, "_x": 1, "_y": -1}, {"_time": 20.254, "_x": 0, "_y": -1}, {"_time": 20.354, "_x": -1, "_y": -1}, {"_time": 20.554, "_x": 1, "_y": 0}, {"_time": 20.754, "_x": -1, "_y": 1}, {"_time": 20.854, "_x": 0, "_y": -1}, {"_time": 20.954, "_x": 0, "_y": 1}, {"_time": 21.054, "_x": 0, "_y": -1}, {"_time": 21.154, "_x": 1, "_y": 1}, {"_time": 21.354, "_x": -1, "_y": 0}, {"_time": 21.554, "_x": 1, "_y": -1}, {"_time": 21.754, "_x": 0, "_y": 1}, {"_time": 21.954, "_x": 0, "_y": -1}, {"_time": 22.154, "_x": 1, "_y": 1}, {"_time": 22.354, "_x": -1, "_y": 0}, {"_time": 22.454, "_x": -1, "_y": -1}, {"_time": 22.554, "_x": 0, "_y": -1}, {"_time": 22.654, "_x": 1, "_y": -1}, {"_time": 22.754, "_x": 0, "_y": 1}, {"_time": 22.954, "_x": 0, "_y": -1}, {"_time": 23.154, "_x": -1, "_y": 1}, {"_time": 23.354, "_x": 1, "_y": 0}, {"_time": 23.454, "_x": 0, "_y": -1}, {"_time": 23.554, "_x": -1, "_y": -1}, {"_time": 23.754, "_x": 0, "_y": 1}, {"_time": 23.954, "_x": 1, "_y": -1}, {"_time": 24.154, "_x": -1, "_y": 0}, {"_time": 24.254, "_x": 1, "_y": 0}, {"_time": 24.354, "_x": -1, "_y": 0}, {"_time": 24.554, "_x": 1, "_y": -1}, {"_time": 24.754, "_x": 0, "_y": 1}, {"_time": 24.954, "_x": 0, "_y": -1}, {"_time": 25.154, "_x": 1, "_y": 1}, {"_time": 25.154, "_x": 1, "_y": 1}, {"_time": 25.954, "_x": -1, "_y": -1}, {"_time": 26.004, "_x": 0, "_y": -1}, {"_time": 26.054, "_x": 1, "_y": -1}, {"_time": 26.104, "_x": 1, "_y": 0}, {"_time": 26.154, "_x": 0, "_y": 0}, {"_time": 26.204, "_x": -1, "_y": 0}, {"_time": 26.254, "_x": -1, "_y": 1}, {"_time": 26.304, "_x": 0, "_y": 1}, {"_time": 26.354, "_x": 1, "_y": 1}, {"_time": 26.404, "_x": 1, "_y": 0}, {"_time": 26.454, "_x": 1, "_y": -1}, {"_time": 26.504, "_x": 0, "_y": -1}, {"_time": 26.554, "_x": 0, "_y": 0}, {"_time": 26.604, "_x": 0, "_y": 1}, {"_time": 26.654, "_x": -1, "_y": 1}, {"_time": 26.704, "_x": -1, "_y": 0}, {"_time": 26.754, "_x": 0, "_y": 0}, {"_time": 26.804, "_x": 1, "_y": 0}, {"_time": 26.854, "_x": 1, "_y": -1}, {"_time": 26.904, "_x": 0, "_y": -1}, {"_time": 26.954, "_x": -1, "_y": -1}, {"_time": 27.004, "_x": -1, "_y": 0}, {"_time": 27.054, "_x": 0, "_y": 0}, {"_time": 27.104, "_x": 1, "_y": 0}, {"_time": 27.154, "_x": 1, "_y": 1}, {"_time": 27.204, "_x": 0, "_y": 1}, {"_time": 27.254, "_x": -1, "_y": 1}, {"_time": 27.304, "_x": -1, "_y": 0}, {"_time": 27.354, "_x": -1, "_y": -1}, {"_time": 27.404, "_x": 0, "_y": -1}, {"_time": 27.454, "_x": 1, "_y": -1}, {"_time": 27.504, "_x": 1, "_y": 0}, {"_time": 27.554, "_x": 0, "_y": 0}, {"_time": 27.604, "_x": -1, "_y": 0}, {"_time": 27.654, "_x": -1, "_y": 1}, {"_time": 27.704, "_x": 0, "_y": 1}, {"_time": 27.754, "_x": 1, "_y": 1}, {"_time": 27.804, "_x": 1, "_y": 0}, {"_time": 27.854, "_x": 1, "_y": -1}, {"_time": 27.904, "_x": 0, "_y": -1}, {"_time": 27.954, "_x": 0, "_y": 0}, {"_time": 28.004, "_x": 0, "_y": 1}, {"_time": 28.054, "_x": -1, "_y": 1}, {"_time": 28.104, "_x": -1, "_y": 0}, {"_time": 28.154, "_x": -1, "_y": -1}, {"_time": 28.204, "_x": 0, "_y": -1}, {"_time": 28.254, "_x": 1, "_y": -1}, {"_time": 28.304, "_x": 1, "_y": 0}, {"_time": 28.354, "_x": 0, "_y": 0}, {"_time": 28.404, "_x": -1, "_y": 0}, {"_time": 28.454, "_x": -1, "_y": 1}, {"_time": 28.504, "_x": 0, "_y": 1}, {"_time": 28.554, "_x": 0, "_y": 0}, {"_time": 28.604, "_x": 0, "_y": -1}, {"_time": 28.654, "_x": 1, "_y": -1}, {"_time": 28.704, "_x": 1, "_y": 0}, {"_time": 28.754, "_x": 0, "_y": 0}, {"_time": 28.804, "_x": -1, "_y": 0}, {"_time": 28.854, "_x": -1, "_y": 1}, {"_time": 28.904, "_x": 0, "_y": 1}, {"_time": 28.954, "_x": 1, "_y": 1}, {"_time": 29.004, "_x": 1, "_y": 0}, {"_time": 29.054, "_x": 1, "_y": -1}, {"_time": 29.104, "_x": 0, "_y": -1}, {"_time": 29.154, "_x": -1, "_y": -1}, {"_time": 29.254, "_x": 0, "_y": 1}, {"_time": 29.354, "_x": 0, "_y": -1}, {"_time": 29.454, "_x": -1, "_y": 1}, {"_time": 29.554, "_x": 1, "_y": 0}, {"_time": 29.654, "_x": -1, "_y": -1}, {"_time": 29.754, "_x": 1, "_y": 1}, {"_time": 29.854, "_x": 0, "_y": -1}, {"_time": 29.954, "_x": -1, "_y": 1}, {"_time": 30.054, "_x": 1, "_y": 0}, {"_time": 30.154, "_x": -1, "_y": 0}, {"_time": 30.254, "_x": 1, "_y": -1}, {"_time": 30.354, "_x": 0, "_y": 1}, {"_time": 30.404, "_x": 0, "_y": 0}, {"_time": 30.454, "_x": 0, "_y": -1}, {"_time": 30.504, "_x": -1, "_y": -1}, {"_time": 30.554, "_x": -1, "_y": 0}, {"_time": 30.604, "_x": -1, "_y": 1}, {"_time": 30.654, "_x": 0, "_y": 1}, {"_time": 30.704, "_x": 1, "_y": 1}, {"_time": 30.754, "_x": 1, "_y": -1}, {"_time": 30.854, "_x": -1, "_y": 0}, {"_time": 30.954, "_x": 1, "_y": 1}, {"_time": 31.054, "_x": 0, "_y": -1}, {"_time": 31.154, "_x": 0, "_y": 1}, {"_time": 31.254, "_x": 1, "_y": -1}, {"_time": 31.354, "_x": -1, "_y": 1}, {"_time": 31.454, "_x": 1, "_y": 0}, {"_time": 31.554, "_x": -1, "_y": -1}, {"_time": 31.754, "_x": 0, "_y": 1}, {"_time": 31.954, "_x": 1, "_y": -1}, {"_time": 32.154, "_x": -1, "_y": -1}, {"_time": 32.179, "_x": -1, "_y": -1}, {"_time": 32.204, "_x": -1, "_y": 0}, {"_time": 32.229, "_x": -1, "_y": 0}, {"_time": 32.254, "_x": 0, "_y": 0}, {"_time": 32.279, "_x": 0, "_y": 0}, {"_time": 32.304, "_x": 1, "_y": 0}, {"_time": 32.329, "_x": 1, "_y": 0}, {"_time": 32.354, "_x": -1, "_y": 1}, {"_time": 32.404, "_x": -1, "_y": 0}, {"_time": 32.454, "_x": -1, "_y": -1}, {"_time": 32.504, "_x": 0, "_y": -1}, {"_time": 32.554, "_x": 1, "_y": -1}, {"_time": 32.604, "_x": 1, "_y": 0}, {"_time": 32.654, "_x": 0, "_y": 0}, {"_time": 32.704, "_x": -1, "_y": 0}, {"_time": 32.754, "_x": -1, "_y": 1}, {"_time": 32.804, "_x": 0, "_y": 1}, {"_time": 32.854, "_x": 1, "_y": 1}, {"_time": 32.904, "_x": 1, "_y": 0}, {"_time": 32.954, "_x": 1, "_y": -1}, {"_time": 33.004, "_x": 0, "_y": -1}, {"_time": 33.054, "_x": 0, "_y": 0}, {"_time": 33.104, "_x": 0, "_y": 1}, {"_time": 33.154, "_x": -1, "_y": 1}, {"_time": 33.204, "_x": -1, "_y": 0}, {"_time": 33.254, "_x": -1, "_y": -1}, {"_time": 33.304, "_x": 0, "_y": -1}, {"_time": 33.354, "_x": 1, "_y": -1}, {"_time": 33.404, "_x": 1, "_y": 0}, {"_time": 33.454, "_x": 0, "_y": 0}, {"_time": 33.504, "_x": -1, "_y": 0}, {"_time": 33.554, "_x": -1, "_y": 1}, {"_time": 33.604, "_x": 0, "_y": 1}, {"_time": 33.654, "_x": 1, "_y": 1}, {"_time": 33.704, "_x": 1, "_y": 0}, {"_time": 33.754, "_x": 1, "_y": -1}, {"_time": 33.804, "_x": 0, "_y": -1}, {"_time": 33.854, "_x": 0, "_y": 0}, {"_time": 33.904, "_x": 0, "_y": 1}, {"_time": 33.954, "_x": -1, "_y": 1}, {"_time": 34.004, "_x": -1, "_y": 0}, {"_time": 34.054, "_x": 0, "_y": 0}, {"_time": 34.104, "_x": 1, "_y": 0}, {"_time": 34.154, "_x": 1, "_y": -1}, {"_time": 34.204, "_x": 0, "_y": -1}, {"_time": 34.254, "_x": -1, "_y": -1}, {"_time": 34.304, "_x": -1, "_y": 0}, {"_time": 34.354, "_x": 0, "_y": 0}, {"_time": 34.404, "_x": 1, "_y": 0}, {"_time": 34.454, "_x": 1, "_y": 1}, {"_time": 34.504, "_x": 0, "_y": 1}, {"_time": 34.554, "_x": 0, "_y": 0}, {"_time": 34.604, "_x": 0, "_y": -1}, {"_time": 34.654, "_x": -1, "_y": -1}, {"_time": 34.704, "_x": -1, "_y": 0}, {"_time": 34.754, "_x": -1, "_y": 1}, {"_time": 34.804, "_x": 0, "_y": 1}, {"_time": 34.854, "_x": 1, "_y": 1}, {"_time": 34.904, "_x": 1, "_y": 0}, {"_time": 34.954, "_x": 1, "_y": -1}, {"_time": 35.004, "_x": 0, "_y": -1}, {"_time": 35.054, "_x": -1, "_y": -1}, {"_time": 35.104, "_x": -1, "_y": 0}, {"_time": 35.154, "_x": 0, "_y": 0}, {"_time": 35.204, "_x": 1, "_y": 0}, {"_time": 35.254, "_x": 1, "_y": 1}, {"_time": 35.304, "_x": 0, "_y": 1}, {"_time": 35.354, "_x": -1, "_y": 1}, {"_time": 35.404, "_x": -1, "_y": 0}, {"_time": 35.454, "_x": -1, "_y": -1}, {"_time": 35.504, "_x": 0, "_y": -1}, {"_time": 35.554, "_x": 1, "_y": -1}, {"_time": 35.754, "_x": 0, "_y": 1}, {"_time": 35.754, "_x": 0, "_y": 1}, {"_time": 35.954, "_x": -1, "_y": -1}, {"_time": 35.954, "_x": -1, "_y": -1}, {"_time": 36.154, "_x": 1, "_y": -1}, {"_time": 36.204, "_x": 1, "_y": 0}, {"_time": 36.254, "_x": 0, "_y": 0}, {"_time": 36.304, "_x": -1, "_y": 0}, {"_time": 36.354, "_x": -1, "_y": 1}, {"_time": 36.454, "_x": 1, "_y": 1}, {"_time": 36.504, "_x": 1, "_y": 0}, {"_time": 36.554, "_x": 1, "_y": -1}, {"_time": 36.604, "_x": 0, "_y": -1}, {"_time": 36.654, "_x": -1, "_y": -1}, {"_time": 36.754, "_x": -1, "_y": 1}, {"_time": 36.954, "_x": 1, "_y": 1}, {"_time": 37.004, "_x": 1, "_y": 0}, {"_time": 37.054, "_x": 1, "_y": -1}, {"_time": 37.104, "_x": 0, "_y": -1}, {"_time": 37.154, "_x": -1, "_y": -1}, {"_time": 37.354, "_x": 0, "_y": 1}, {"_time": 37.554, "_x": 1, "_y": -1}, {"_time": 37.654, "_x": 1, "_y": 0}, {"_time": 37.754, "_x": 1, "_y": 1}, {"_time": 37.954, "_x": -1, "_y": -1}, {"_time": 38.154, "_x": 1, "_y": -1}, {"_time": 38.179, "_x": 1, "_y": -1}, {"_time": 38.204, "_x": 1, "_y": 0}, {"_time": 38.229, "_x": 1, "_y": 0}, {"_time": 38.254, "_x": 1, "_y": 1}, {"_time": 38.279, "_x": 1, "_y": 1}, {"_time": 38.304, "_x": 0, "_y": 1}, {"_time": 38.329, "_x": 0, "_y": 1}, {"_time": 38.354, "_x": 0, "_y": -1}, {"_time": 38.379, "_x": 0, "_y": -1}, {"_time": 38.404, "_x": -1, "_y": -1}, {"_time": 38.429, "_x": -1, "_y": -1}, {"_time": 38.454, "_x": -1, "_y": 0}, {"_time": 38.479, "_x": -1, "_y": 0}, {"_time": 38.504, "_x": -1, "_y": 1}, {"_time": 38.529, "_x": -1, "_y": 1}, {"_time": 38.554, "_x": 1, "_y": 1}, {"_time": 38.579, "_x": 1, "_y": 1}, {"_time": 38.604, "_x": 1, "_y": 0}, {"_time": 38.629, "_x": 1, "_y": 0}, {"_time": 38.654, "_x": 1, "_y": -1}, {"_time": 38.679, "_x": 1, "_y": -1}, {"_time": 38.704, "_x": 0, "_y": -1}, {"_time": 38.729, "_x": 0, "_y": -1}, {"_time": 38.754, "_x": -1, "_y": -1}, {"_time": 38.804, "_x": -1, "_y": 1}, {"_time": 38.854, "_x": 0, "_y": 1}, {"_time": 38.904, "_x": 1, "_y": 1}, {"_time": 38.954, "_x": 1, "_y": 0}, {"_time": 39.004, "_x": 0, "_y": 0}, {"_time": 39.054, "_x": -1, "_y": 0}, {"_time": 39.104, "_x": -1, "_y": -1}, {"_time": 39.154, "_x": 0, "_y": -1}, {"_time": 39.204, "_x": 1, "_y": -1}, {"_time": 39.254, "_x": 1, "_y": 0}, {"_time": 39.304, "_x": 1, "_y": 1}, {"_time": 39.354, "_x": -1, "_y": 1}, {"_time": 39.454, "_x": -1, "_y": -1}, {"_time": 39.654, "_x": 1, "_y": -1}, {"_time": 39.704, "_x": 1, "_y": 0}, {"_time": 39.754, "_x": 0, "_y": 0}, {"_time": 39.804, "_x": -1, "_y": 0}, {"_time": 39.854, "_x": -1, "_y": 1}, {"_time": 39.904, "_x": 0, "_y": 1}, {"_time": 39.954, "_x": 1, "_y": 1}, {"_time": 39.979, "_x": 1, "_y": 1}, {"_time": 40.004, "_x": 1, "_y": 0}, {"_time": 40.029, "_x": 1, "_y": 0}, {"_time": 40.054, "_x": 1, "_y": -1}, {"_time": 40.079, "_x": 1, "_y": -1}, {"_time": 40.104, "_x": 0, "_y": -1}, {"_time": 40.129, "_x": 0, "_y": -1}, {"_time": 40.154, "_x": -1, "_y": 1}, {"_time": 40.254, "_x": 1, "_y": 1}, {"_time": 40.354, "_x": 1, "_y": -1}, {"_time": 40.404, "_x": 0, "_y": -1}, {"_time": 40.454, "_x": -1, "_y": -1}, {"_time": 40.504, "_x": -1, "_y": 0}, {"_time": 40.554, "_x": 0, "_y": 0}, {"_time": 40.604, "_x": 1, "_y": 0}, {"_time": 40.654, "_x": 1, "_y": 1}, {"_time": 40.704, "_x": 0, "_y": 1}, {"_time": 40.754, "_x": -1, "_y": 1}, {"_time": 40.854, "_x": -1, "_y": -1}, {"_time": 40.954, "_x": 1, "_y": -1}, {"_time": 41.004, "_x": 1, "_y": 0}, {"_time": 41.054, "_x": 1, "_y": 1}, {"_time": 41.079, "_x": 1, "_y": 1}, {"_time": 41.104, "_x": 0, "_y": 1}, {"_time": 41.129, "_x": 0, "_y": 1}, {"_time": 41.154, "_x": 0, "_y": 0}, {"_time": 41.179, "_x": 0, "_y": 0}, {"_time": 41.204, "_x": 0, "_y": -1}, {"_time": 41.229, "_x": 0, "_y": -1}, {"_time": 41.254, "_x": -1, "_y": -1}, {"_time": 41.279, "_x": -1, "_y": -1}, {"_time": 41.304, "_x": -1, "_y": 0}, {"_time": 41.329, "_x": -1, "_y": 0}, {"_time": 41.354, "_x": -1, "_y": 1}, {"_time": 41.454, "_x": 1, "_y": 0}, {"_time": 41.554, "_x": -1, "_y": -1}, {"_time": 41.654, "_x": 0, "_y": 1}, {"_time": 41.754, "_x": 0, "_y": -1}, {"_time": 41.854, "_x": -1, "_y": 1}, {"_time": 41.954, "_x": 1, "_y": -1}, {"_time": 42.004, "_x": 0, "_y": -1}, {"_time": 42.054, "_x": -1, "_y": -1}, {"_time": 42.104, "_x": -1, "_y": 0}, {"_time": 42.154, "_x": 0, "_y": 0}, {"_time": 42.204, "_x": 1, "_y": 0}, {"_time": 42.254, "_x": 1, "_y": 1}, {"_time": 42.304, "_x": 0, "_y": 1}, {"_time": 42.354, "_x": -1, "_y": 1}, {"_time": 42.404, "_x": -1, "_y": 0}, {"_time": 42.454, "_x": -1, "_y": 0}, {"_time": 42.504, "_x": -1, "_y": -1}, {"_time": 42.554, "_x": -1, "_y": -1}, {"_time": 42.654, "_x": 1, "_y": -1}, {"_time": 42.754, "_x": 1, "_y": 1}, {"_time": 42.854, "_x": -1, "_y": 1}, {"_time": 42.879, "_x": -1, "_y": 1}, {"_time": 42.904, "_x": -1, "_y": 0}, {"_time": 42.929, "_x": -1, "_y": 0}, {"_time": 42.954, "_x": -1, "_y": -1}, {"_time": 42.979, "_x": -1, "_y": -1}, {"_time": 43.004, "_x": 0, "_y": -1}, {"_time": 43.029, "_x": 0, "_y": -1}, {"_time": 43.054, "_x": 0, "_y": 0}, {"_time": 43.079, "_x": 0, "_y": 0}, {"_time": 43.104, "_x": 0, "_y": 1}, {"_time": 43.129, "_x": 0, "_y": 1}, {"_time": 43.154, "_x": 1, "_y": 1}, {"_time": 43.179, "_x": 1, "_y": 1}, {"_time": 43.204, "_x": 1, "_y": 0}, {"_time": 43.229, "_x": 1, "_y": 0}, {"_time": 43.254, "_x": 1, "_y": -1}, {"_time": 43.279, "_x": 1, "_y": -1}, {"_time": 43.304, "_x": 0, "_y": -1}, {"_time": 43.329, "_x": 0, "_y": -1}, {"_time": 43.354, "_x": -1, "_y": -1}, {"_time": 43.379, "_x": -1, "_y": -1}, {"_time": 43.404, "_x": -1, "_y": 0}, {"_time": 43.429, "_x": -1, "_y": 0}, {"_time": 43.454, "_x": 1, "_y": 1}, {"_time": 43.504, "_x": 1, "_y": 0}, {"_time": 43.554, "_x": 0, "_y": -1}, {"_time": 43.654, "_x": -1, "_y": 1}, {"_time": 43.754, "_x": 1, "_y": 0}, {"_time": 43.854, "_x": -1, "_y": -1}, {"_time": 43.954, "_x": 0, "_y": 1}, {"_time": 43.979, "_x": 0, "_y": 1}, {"_time": 44.004, "_x": 1, "_y": 1}, {"_time": 44.029, "_x": 1, "_y": 1}, {"_time": 44.054, "_x": 1, "_y": 0}, {"_time": 44.079, "_x": 1, "_y": 0}, {"_time": 44.104, "_x": 1, "_y": -1}, {"_time": 44.129, "_x": 1, "_y": -1}, {"_time": 44.154, "_x": 0, "_y": -1}, {"_time": 44.254, "_x": -1, "_y": 1}, {"_time": 44.354, "_x": 1, "_y": 1}, {"_time": 44.379, "_x": 1, "_y": 1}, {"_time": 44.404, "_x": 1, "_y": 0}, {"_time": 44.429, "_x": 1, "_y": 0}, {"_time": 44.454, "_x": 1, "_y": -1}, {"_time": 44.479, "_x": 1, "_y": -1}, {"_time": 44.504, "_x": 0, "_y": -1}, {"_time": 44.529, "_x": 0, "_y": -1}, {"_time": 44.554, "_x": -1, "_y": -1}, {"_time": 44.754, "_x": -1, "_y": 1}, {"_time": 44.954, "_x": 1, "_y": 1}, {"_time": 44.979, "_x": 1, "_y": 1}, {"_time": 45.004, "_x": 1, "_y": 0}, {"_time": 45.029, "_x": 1, "_y": 0}, {"_time": 45.054, "_x": 0, "_y": 0}, {"_time": 45.079, "_x": 0, "_y": 0}, {"_time": 45.104, "_x": -1, "_y": 0}, {"_time": 45.129, "_x": -1, "_y": 0}, {"_time": 45.154, "_x": -1, "_y": -1}, {"_time": 45.254, "_x": 1, "_y": -1}, {"_time": 45.354, "_x": -1, "_y": 0}, {"_time": 45.454, "_x": 1, "_y": 1}, {"_time": 45.554, "_x": 0, "_y": -1}, {"_time": 45.754, "_x": -1, "_y": 1}, {"_time": 45.804, "_x": 0, "_y": 1}, {"_time": 45.854, "_x": 1, "_y": 1}, {"_time": 45.904, "_x": 1, "_y": 0}, {"_time": 45.954, "_x": 1, "_y": -1}, {"_time": 46.054, "_x": -1, "_y": -1}, {"_time": 46.079, "_x": -1, "_y": -1}, {"_time": 46.104, "_x": -1, "_y": 0}, {"_time": 46.129, "_x": -1, "_y": 0}, {"_time": 46.154, "_x": -1, "_y": 1}, {"_time": 46.354, "_x": 1, "_y": 1}, {"_time": 46.379, "_x": 1, "_y": 1}, {"_time": 46.404, "_x": 1, "_y": 0}, {"_time": 46.429, "_x": 1, "_y": 0}, {"_time": 46.454, "_x": 0, "_y": 0}, {"_time": 46.479, "_x": 0, "_y": 0}, {"_time": 46.504, "_x": -1, "_y": 0}, {"_time": 46.529, "_x": -1, "_y": 0}, {"_time": 46.554, "_x": -1, "_y": -1}, {"_time": 46.654, "_x": 0, "_y": 1}, {"_time": 46.679, "_x": 0, "_y": 1}, {"_time": 46.704, "_x": 0, "_y": 0}, {"_time": 46.729, "_x": 0, "_y": 0}, {"_time": 46.754, "_x": 0, "_y": -1}, {"_time": 46.954, "_x": 1, "_y": 1}, {"_time": 47.004, "_x": 0, "_y": 1}, {"_time": 47.054, "_x": -1, "_y": 1}, {"_time": 47.104, "_x": -1, "_y": 0}, {"_time": 47.154, "_x": -1, "_y": -1}, {"_time": 47.254, "_x": 1, "_y": -1}, {"_time": 47.279, "_x": 1, "_y": -1}, {"_time": 47.304, "_x": 1, "_y": 0}, {"_time": 47.329, "_x": 1, "_y": 0}, {"_time": 47.354, "_x": 1, "_y": 1}, {"_time": 47.404, "_x": 0, "_y": 1}, {"_time": 47.454, "_x": 0, "_y": -1}, {"_time": 47.479, "_x": 0, "_y": -1}, {"_time": 47.504, "_x": -1, "_y": -1}, {"_time": 47.529, "_x": -1, "_y": -1}, {"_time": 47.554, "_x": -1, "_y": 0}, {"_time": 47.579, "_x": -1, "_y": 0}, {"_time": 47.604, "_x": -1, "_y": 1}, {"_time": 47.629, "_x": -1, "_y": 1}, {"_time": 47.654, "_x": 0, "_y": 1}, {"_time": 47.679, "_x": 0, "_y": 1}, {"_time": 47.704, "_x": 1, "_y": 1}, {"_time": 47.729, "_x": 1, "_y": 1}, {"_time": 47.754, "_x": 1, "_y": 1}, {"_time": 47.854, "_x": 1, "_y": -1}, {"_time": 47.954, "_x": -1, "_y": 0}, {"_time": 48.054, "_x": 1, "_y": 1}, {"_time": 48.154, "_x": 0, "_y": -1}, {"_time": 48.254, "_x": -1, "_y": 1}, {"_time": 48.279, "_x": -1, "_y": 1}, {"_time": 48.304, "_x": -1, "_y": 0}, {"_time": 48.329, "_x": -1, "_y": 0}, {"_time": 48.354, "_x": -1, "_y": -1}, {"_time": 48.454, "_x": 1, "_y": -1}, {"_time": 48.504, "_x": 1, "_y": 0}, {"_time": 48.554, "_x": 1, "_y": 1}, {"_time": 48.654, "_x": -1, "_y": 0}, {"_time": 48.679, "_x": -1, "_y": 0}, {"_time": 48.704, "_x": 0, "_y": 0}, {"_time": 48.729, "_x": 0, "_y": 0}, {"_time": 48.754, "_x": 1, "_y": 0}, {"_time": 48.779, "_x": 1, "_y": 0}, {"_time": 48.804, "_x": 1, "_y": -1}, {"_time": 48.829, "_x": 1, "_y": -1}, {"_time": 48.854, "_x": 0, "_y": -1}, {"_time": 48.879, "_x": 0, "_y": -1}, {"_time": 48.904, "_x": -1, "_y": -1}, {"_time": 48.929, "_x": -1, "_y": -1}, {"_time": 48.954, "_x": -1, "_y": 1}, {"_time": 48.979, "_x": -1, "_y": 1}, {"_time": 49.004, "_x": 0, "_y": 1}, {"_time": 49.029, "_x": 0, "_y": 1}, {"_time": 49.054, "_x": 1, "_y": 1}, {"_time": 49.079, "_x": 1, "_y": 1}, {"_time": 49.104, "_x": 1, "_y": 0}, {"_time": 49.129, "_x": 1, "_y": 0}, {"_time": 49.154, "_x": 1, "_y": -1}, {"_time": 49.254, "_x": -1, "_y": -1}, {"_time": 49.354, "_x": -1, "_y": 1}, {"_time": 49.379, "_x": -1, "_y": 1}, {"_time": 49.404, "_x": 0, "_y": 1}, {"_time": 49.429, "_x": 0, "_y": 1}, {"_time": 49.454, "_x": 0, "_y": 0}, {"_time": 49.479, "_x": 0, "_y": 0}, {"_time": 49.504, "_x": 0, "_y": -1}, {"_time": 49.529, "_x": 0, "_y": -1}, {"_time": 49.554, "_x": 1, "_y": -1}, {"_time": 49.654, "_x": 1, "_y": 1}, {"_time": 49.754, "_x": -1, "_y": 1}, {"_time": 49.804, "_x": -1, "_y": 0}, {"_time": 49.854, "_x": -1, "_y": -1}, {"_time": 49.904, "_x": 0, "_y": -1}, {"_time": 49.954, "_x": 1, "_y": -1}, {"_time": 50.054, "_x": 1, "_y": 1}, {"_time": 50.154, "_x": -1, "_y": 1}, {"_time": 50.179, "_x": -1, "_y": 1}, {"_time": 50.204, "_x": -1, "_y": 0}, {"_time": 50.229, "_x": -1, "_y": 0}, {"_time": 50.254, "_x": -1, "_y": -1}, {"_time": 50.279, "_x": -1, "_y": -1}, {"_time": 50.304, "_x": 0, "_y": -1}, {"_time": 50.329, "_x": 0, "_y": -1}, {"_time": 50.354, "_x": 0, "_y": 1}, {"_time": 50.379, "_x": 0, "_y": 1}, {"_time": 50.404, "_x": 1, "_y": 1}, {"_time": 50.429, "_x": 1, "_y": 1}, {"_time": 50.454, "_x": 1, "_y": 0}, {"_time": 50.479, "_x": 1, "_y": 0}, {"_time": 50.504, "_x": 1, "_y": -1}, {"_time": 50.529, "_x": 1, "_y": -1}, {"_time": 50.554, "_x": -1, "_y": -1}, {"_time": 50.654, "_x": -1, "_y": 1}, {"_time": 50.754, "_x": 1, "_y": 1}, {"_time": 51.554, "_x": 1, "_y": -1}, {"_time": 51.754, "_x": 0, "_y": -1}, {"_time": 51.954, "_x": -1, "_y": 1}, {"_time": 52.154, "_x": 0, "_y": 1}, {"_time": 52.354, "_x": 0, "_y": -1}, {"_time": 52.554, "_x": -1, "_y": -1}, {"_time": 52.754, "_x": 0, "_y": 1}, {"_time": 52.954, "_x": 1, "_y": 1}, {"_time": 53.154, "_x": -1, "_y": -1}, {"_time": 53.354, "_x": -1, "_y": 0}, {"_time": 53.554, "_x": 0, "_y": 1}, {"_time": 53.754, "_x": 1, "_y": 0}, {"_time": 53.954, "_x": 0, "_y": -1}, {"_time": 54.154, "_x": -1, "_y": 0}, {"_time": 54.354, "_x": 0, "_y": 1}, {"_time": 54.554, "_x": 1, "_y": 1}, {"_time": 54.754, "_x": 1, "_y": -1}, {"_time": 54.954, "_x": 0, "_y": -1}, {"_time": 55.154, "_x": 0, "_y": 1}, {"_time": 55.354, "_x": -1, "_y": 1}, {"_time": 55.554, "_x": -1, "_y": -1}, {"_time": 55.754, "_x": 0, "_y": -1}, {"_time": 55.954, "_x": 0, "_y": 1}, {"_time": 56.154, "_x": 1, "_y": 1}, {"_time": 56.354, "_x": 1, "_y": -1}, {"_time": 56.554, "_x": 0, "_y": -1}, {"_time": 56.754, "_x": -1, "_y": 0}, {"_time": 56.954, "_x": -1, "_y": 1}, {"_time": 57.154, "_x": 1, "_y": 1}, {"_time": 57.354, "_x": 1, "_y": 0}, {"_time": 57.554, "_x": 0, "_y": -1}, {"_time": 57.754, "_x": -1, "_y": -1}, {"_time": 57.954, "_x": -1, "_y": 1}, {"_time": 58.154, "_x": 0, "_y": 1}, {"_time": 58.354, "_x": 0, "_y": -1}, {"_time": 58.554, "_x": 1, "_y": -1}, {"_time": 58.754, "_x": 1, "_y": 1}, {"_time": 58.954, "_x": 0, "_y": 1}, {"_time": 59.154, "_x": 0, "_y": -1}, {"_time": 59.354, "_x": 1, "_y": -1}, {"_time": 59.554, "_x": -1, "_y": 1}, {"_time": 59.754, "_x": -1, "_y": 0}, {"_time": 59.954, "_x": 1, "_y": -1}, {"_time": 60.154, "_x": 1, "_y": 0}, {"_time": 60.354, "_x": -1, "_y": 0}, {"_time": 60.554, "_x": -1, "_y": -1}, {"_time": 60.754, "_x": 1, "_y": 0}, {"_time": 60.954, "_x": 1, "_y": 1}, {"_time": 61.154, "_x": -1, "_y": 1}, {"_time": 61.354, "_x": -1, "_y": 0}, {"_time": 61.554, "_x": 0, "_y": -1}, {"_time": 61.754, "_x": 1, "_y": 0}, {"_time": 61.954, "_x": 0, "_y": 1}, {"_time": 62.154, "_x": -1, "_y": 0}, {"_time": 62.354, "_x": 0, "_y": -1}, {"_time": 62.554, "_x": 1, "_y": -1}, {"_time": 62.754, "_x": 1, "_y": 1}, {"_time": 62.954, "_x": 0, "_y": 1}, {"_time": 63.154, "_x": 0, "_y": -1}, {"_time": 63.354, "_x": -1, "_y": -1}, {"_time": 63.554, "_x": -1, "_y": 1}, {"_time": 63.754, "_x": 0, "_y": 1}, {"_time": 63.954, "_x": 0, "_y": -1}, {"_time": 64.154, "_x": 1, "_y": -1}, {"_time": 70.754, "_x": 0, "_y": 0}, {"_time": 70.954, "_x": -1, "_y": 1}, {"_time": 71.054, "_x": 0, "_y": 1}, {"_time": 71.254, "_x": 0, "_y": -1}, {"_time": 71.354, "_x": 1, "_y": -1}, {"_time": 71.454, "_x": 0, "_y": 0}, {"_time": 71.554, "_x": -1, "_y": -1}, {"_time": 71.654, "_x": 0, "_y": -1}, {"_time": 71.754, "_x": 1, "_y": 1}, {"_time": 71.854, "_x": 0, "_y": 1}, {"_time": 71.954, "_x": 1, "_y": -1}, {"_time": 72.054, "_x": 1, "_y": 0}, {"_time": 72.154, "_x": 0, "_y": 0}, {"_time": 72.254, "_x": -1, "_y": 0}, {"_time": 72.354, "_x": 0, "_y": 1}, {"_time": 72.554, "_x": 0, "_y": -1}, {"_time": 72.654, "_x": -1, "_y": -1}, {"_time": 72.854, "_x": 1, "_y": 0}, {"_time": 72.954, "_x": 1, "_y": 1}, {"_time": 73.054, "_x": 0, "_y": 1}, {"_time": 73.254, "_x": 0, "_y": -1}, {"_time": 73.354, "_x": 1, "_y": 1}, {"_time": 73.454, "_x": 0, "_y": 1}, {"_time": 73.554, "_x": 0, "_y": -1}, {"_time": 73.654, "_x": -1, "_y": -1}, {"_time": 73.754, "_x": -1, "_y": 0}, {"_time": 73.854, "_x": -1, "_y": 1}, {"_time": 73.954, "_x": 1, "_y": 0}, {"_time": 74.154, "_x": -1, "_y": -1}, {"_time": 74.254, "_x": 0, "_y": -1}, {"_time": 74.354, "_x": 0, "_y": 0}, {"_time": 74.554, "_x": -1, "_y": 1}, {"_time": 74.654, "_x": 0, "_y": 1}, {"_time": 74.854, "_x": 0, "_y": 0}, {"_time": 74.954, "_x": 0, "_y": -1}, {"_time": 75.054, "_x": 1, "_y": -1}, {"_time": 75.154, "_x": 1, "_y": 1}, {"_time": 75.254, "_x": 0, "_y": 1}, {"_time": 75.354, "_x": 0, "_y": -1}, {"_time": 75.454, "_x": -1, "_y": -1}, {"_time": 75.554, "_x": 0, "_y": 1}, {"_time": 75.754, "_x": 1, "_y": -1}, {"_time": 75.854, "_x": 0, "_y": -1}, {"_time": 75.954, "_x": 0, "_y": 0}, {"_time": 76.054, "_x": -1, "_y": 1}, {"_time": 76.154, "_x": -1, "_y": 0}, {"_time": 76.254, "_x": 0, "_y": -1}, {"_time": 76.454, "_x": 1, "_y": 1}, {"_time": 76.554, "_x": 0, "_y": 1}, {"_time": 76.654, "_x": 0, "_y": -1}, {"_time": 76.754, "_x": -1, "_y": -1}, {"_time": 76.854, "_x": -1, "_y": 1}, {"_time": 76.954, "_x": 0, "_y": 1}, {"_time": 77.054, "_x": 0, "_y": 0}, {"_time": 77.154, "_x": 0, "_y": -1}, {"_time": 77.354, "_x": -1, "_y": 1}, {"_time": 77.404, "_x": 0, "_y": 1}, {"_time": 77.454, "_x": 1, "_y": 1}, {"_time": 77.504, "_x": 1, "_y": 0}, {"_time": 77.554, "_x": 0, "_y": 0}, {"_time": 77.604, "_x": -1, "_y": 0}, {"_time": 77.654, "_x": -1, "_y": -1}, {"_time": 77.704, "_x": 0, "_y": -1}, {"_time": 77.754, "_x": 1, "_y": -1}, {"_time": 77.804, "_x": 1, "_y": 0}, {"_time": 77.854, "_x": 0, "_y": 0}, {"_time": 77.904, "_x": -1, "_y": 0}, {"_time": 77.954, "_x": -1, "_y": 1}, {"_time": 78.004, "_x": 0, "_y": 1}, {"_time": 78.054, "_x": 1, "_y": 1}, {"_time": 78.104, "_x": 1, "_y": 0}, {"_time": 78.154, "_x": 1, "_y": -1}, {"_time": 78.204, "_x": 0, "_y": -1}, {"_time": 78.254, "_x": 0, "_y": 0}, {"_time": 78.304, "_x": 0, "_y": 1}, {"_time": 78.354, "_x": -1, "_y": 1}, {"_time": 78.404, "_x": -1, "_y": 0}, {"_time": 78.454, "_x": 0, "_y": 0}, {"_time": 78.504, "_x": 1, "_y": 0}, {"_time": 78.554, "_x": 1, "_y": -1}, {"_time": 78.604, "_x": 0, "_y": -1}, {"_time": 78.654, "_x": -1, "_y": -1}, {"_time": 78.704, "_x": -1, "_y": 0}, {"_time": 78.754, "_x": -1, "_y": 1}, {"_time": 78.804, "_x": 0, "_y": 1}, {"_time": 78.854, "_x": 0, "_y": 0}, {"_time": 78.904, "_x": 0, "_y": -1}, {"_time": 78.954, "_x": 1, "_y": -1}, {"_time": 79.004, "_x": 1, "_y": 0}, {"_time": 79.054, "_x": 0, "_y": 0}, {"_time": 79.104, "_x": -1, "_y": 0}, {"_time": 79.154, "_x": -1, "_y": 1}, {"_time": 79.204, "_x": 0, "_y": 1}, {"_time": 79.254, "_x": 1, "_y": 1}, {"_time": 79.304, "_x": 1, "_y": 0}, {"_time": 79.354, "_x": 1, "_y": -1}, {"_time": 79.404, "_x": 0, "_y": -1}, {"_time": 79.454, "_x": 0, "_y": 0}, {"_time": 79.504, "_x": 0, "_y": 1}, {"_time": 79.554, "_x": -1, "_y": 1}, {"_time": 79.604, "_x": -1, "_y": 0}, {"_time": 79.654, "_x": -1, "_y": -1}, {"_time": 79.704, "_x": 0, "_y": -1}, {"_time": 79.754, "_x": 1, "_y": -1}, {"_time": 79.804, "_x": 1, "_y": 0}, {"_time": 79.854, "_x": 0, "_y": 0}, {"_time": 79.904, "_x": -1, "_y": 0}, {"_time": 79.954, "_x": -1, "_y": 1}, {"_time": 80.004, "_x": 0, "_y": 1}, {"_time": 80.054, "_x": 1, "_y": 1}, {"_time": 80.104, "_x": 1, "_y": 0}, {"_time": 80.154, "_x": 1, "_y": -1}, {"_time": 80.204, "_x": 0, "_y": -1}, {"_time": 80.254, "_x": 0, "_y": 0}, {"_time": 80.304, "_x": 0, "_y": 1}, {"_time": 80.354, "_x": -1, "_y": 1}, {"_time": 80.404, "_x": -1, "_y": 0}, {"_time": 80.454, "_x": 0, "_y": 0}, {"_time": 80.504, "_x": 1, "_y": 0}, {"_time": 80.554, "_x": 1, "_y": -1}, {"_time": 80.604, "_x": 0, "_y": -1}, {"_time": 80.654, "_x": -1, "_y": -1}, {"_time": 80.704, "_x": -1, "_y": 0}, {"_time": 80.754, "_x": -1, "_y": 1}, {"_time": 80.804, "_x": 0, "_y": 1}, {"_time": 80.854, "_x": 0, "_y": 0}, {"_time": 80.904, "_x": 0, "_y": -1}, {"_time": 80.954, "_x": 1, "_y": -1}, {"_time": 81.004, "_x": 1, "_y": 0}, {"_time": 81.054, "_x": 1, "_y": 1}, {"_time": 81.104, "_x": 0, "_y": 1}, {"_time": 81.154, "_x": -1, "_y": 1}, {"_time": 81.204, "_x": -1, "_y": 0}, {"_time": 81.254, "_x": 0, "_y": 0}, {"_time": 81.304, "_x": 1, "_y": 0}, {"_time": 81.354, "_x": 1, "_y": -1}, {"_time": 81.404, "_x": 0, "_y": -1}, {"_time": 81.454, "_x": -1, "_y": -1}, {"_time": 81.504, "_x": -1, "_y": 0}, {"_time": 81.554, "_x": 0, "_y": 0}, {"_time": 81.604, "_x": 1, "_y": 0}, {"_time": 81.654, "_x": 1, "_y": 1}, {"_time": 81.704, "_x": 0, "_y": 1}, {"_time": 81.754, "_x": -1, "_y": 1}, {"_time": 81.804, "_x": -1, "_y": 0}, {"_time": 81.854, "_x": -1, "_y": -1}, {"_time": 81.904, "_x": -1, "_y": -1}, {"_time": 81.954, "_x": 1, "_y": -1}, {"_time": 82.004, "_x": 1, "_y": -1}, {"_time": 82.054, "_x": 1, "_y": 1}, {"_time": 82.104, "_x": 1, "_y": 1}, {"_time": 82.154, "_x": -1, "_y": 1}, {"_time": 82.204, "_x": -1, "_y": 1}, {"_time": 82.254, "_x": -1, "_y": -1}, {"_time": 82.304, "_x": -1, "_y": -1}, {"_time": 82.354, "_x": 1, "_y": -1}, {"_time": 82.404, "_x": 1, "_y": -1}, {"_time": 82.454, "_x": 1, "_y": 1}, {"_time": 82.504, "_x": 1, "_y": 1}, {"_time": 82.554, "_x": -1, "_y": 1}, {"_time": 82.604, "_x": -1, "_y": 1}, {"_time": 82.654, "_x": -1, "_y": -1}, {"_time": 82.704, "_x": -1, "_y": -1}, {"_time": 82.754, "_x": 1, "_y": -1}, {"_time": 83.554, "_x": -1, "_y": 0}, {"_time": 83.654, "_x": 1, "_y": 0}, {"_time": 83.754, "_x": -1, "_y": -1}, {"_time": 83.854, "_x": 1, "_y": 1}, {"_time": 83.954, "_x": 0, "_y": -1}, {"_time": 84.054, "_x": -1, "_y": 1}, {"_time": 84.154, "_x": 1, "_y": 0}, {"_time": 84.254, "_x": -1, "_y": -1}, {"_time": 84.354, "_x": 0, "_y": 1}, {"_time": 84.454, "_x": 0, "_y": -1}, {"_time": 84.554, "_x": -1, "_y": 1}, {"_time": 84.654, "_x": 1, "_y": -1}, {"_time": 84.754, "_x": -1, "_y": 0}, {"_time": 84.804, "_x": 0, "_y": 0}, {"_time": 84.854, "_x": 1, "_y": 0}, {"_time": 84.904, "_x": 1, "_y": -1}, {"_time": 84.954, "_x": 0, "_y": -1}, {"_time": 85.004, "_x": -1, "_y": -1}, {"_time": 85.054, "_x": -1, "_y": 0}, {"_time": 85.104, "_x": -1, "_y": 1}, {"_time": 85.154, "_x": 1, "_y": 0}, {"_time": 85.254, "_x": -1, "_y": -1}, {"_time": 85.354, "_x": 0, "_y": 1}, {"_time": 85.454, "_x": 1, "_y": -1}, {"_time": 85.554, "_x": -1, "_y": 0}, {"_time": 85.654, "_x": 1, "_y": 0}, {"_time": 85.754, "_x": -1, "_y": -1}, {"_time": 85.854, "_x": 0, "_y": 1}, {"_time": 85.954, "_x": 1, "_y": -1}, {"_time": 86.004, "_x": 0, "_y": -1}, {"_time": 86.054, "_x": -1, "_y": -1}, {"_time": 86.104, "_x": -1, "_y": 0}, {"_time": 86.154, "_x": 0, "_y": 0}, {"_time": 86.204, "_x": 1, "_y": 0}, {"_time": 86.254, "_x": 1, "_y": 1}, {"_time": 86.304, "_x": 0, "_y": 1}, {"_time": 86.354, "_x": -1, "_y": 1}, {"_time": 86.404, "_x": -1, "_y": -1}, {"_time": 86.454, "_x": -1, "_y": -1}, {"_time": 86.504, "_x": 1, "_y": -1}, {"_time": 86.554, "_x": 1, "_y": -1}, {"_time": 86.604, "_x": 1, "_y": 1}, {"_time": 86.654, "_x": 1, "_y": 1}, {"_time": 86.704, "_x": -1, "_y": 1}, {"_time": 86.754, "_x": 0, "_y": -1}, {"_time": 86.854, "_x": 0, "_y": 1}, {"_time": 86.954, "_x": 1, "_y": -1}, {"_time": 87.054, "_x": -1, "_y": 0}, {"_time": 87.154, "_x": 1, "_y": 0}, {"_time": 87.254, "_x": -1, "_y": -1}, {"_time": 87.354, "_x": 1, "_y": 1}, {"_time": 87.454, "_x": 0, "_y": -1}, {"_time": 87.554, "_x": -1, "_y": 1}, {"_time": 87.654, "_x": 1, "_y": 0}, {"_time": 87.754, "_x": -1, "_y": 0}, {"_time": 87.854, "_x": 1, "_y": -1}, {"_time": 87.954, "_x": -1, "_y": 1}, {"_time": 88.054, "_x": 1, "_y": 0}, {"_time": 88.154, "_x": -1, "_y": -1}, {"_time": 88.254, "_x": 0, "_y": 1}, {"_time": 88.354, "_x": 1, "_y": -1}, {"_time": 88.404, "_x": 1, "_y": -1}, {"_time": 88.454, "_x": -1, "_y": -1}, {"_time": 88.504, "_x": -1, "_y": -1}, {"_time": 88.554, "_x": -1, "_y": 1}, {"_time": 88.604, "_x": -1, "_y": 1}, {"_time": 88.654, "_x": 1, "_y": 1}, {"_time": 88.704, "_x": 1, "_y": 1}, {"_time": 88.754, "_x": 1, "_y": -1}, {"_time": 88.804, "_x": 1, "_y": -1}, {"_time": 88.854, "_x": -1, "_y": -1}, {"_time": 88.904, "_x": -1, "_y": -1}, {"_time": 88.954, "_x": -1, "_y": 1}, {"_time": 89.004, "_x": -1, "_y": 1}, {"_time": 89.054, "_x": 1, "_y": 1}, {"_time": 89.104, "_x": 1, "_y": 1}, {"_time": 89.154, "_x": 1, "_y": -1}, {"_time": 89.179, "_x": 1, "_y": -1}, {"_time": 89.204, "_x": 0, "_y": -1}, {"_time": 89.229, "_x": 0, "_y": -1}, {"_time": 89.254, "_x": -1, "_y": -1}, {"_time": 89.279, "_x": -1, "_y": -1}, {"_time": 89.304, "_x": -1, "_y": 0}, {"_time": 89.329, "_x": -1, "_y": 0}, {"_time": 89.354, "_x": 0, "_y": 0}, {"_time": 89.379, "_x": 0, "_y": 0}, {"_time": 89.404, "_x": 1, "_y": 0}, {"_time": 89.429, "_x": 1, "_y": 0}, {"_time": 89.454, "_x": 1, "_y": 1}, {"_time": 89.479, "_x": 1, "_y": 1}, {"_time": 89.504, "_x": 0, "_y": 1}, {"_time": 89.529, "_x": 0, "_y": 1}, {"_time": 89.554, "_x": -1, "_y": 1}, {"_time": 89.654, "_x": -1, "_y": -1}, {"_time": 89.679, "_x": -1, "_y": -1}, {"_time": 89.692, "_x": -1, "_y": -1}, {"_time": 89.704, "_x": 0, "_y": -1}, {"_time": 89.729, "_x": 0, "_y": -1}, {"_time": 89.742, "_x": 0, "_y": -1}, {"_time": 89.754, "_x": 1, "_y": -1}, {"_time": 89.779, "_x": 1, "_y": -1}, {"_time": 89.792, "_x": 1, "_y": -1}, {"_time": 89.804, "_x": 1, "_y": 0}, {"_time": 89.829, "_x": 1, "_y": 0}, {"_time": 89.842, "_x": 1, "_y": 0}, {"_time": 89.854, "_x": 1, "_y": 1}, {"_time": 89.879, "_x": 1, "_y": 1}, {"_time": 89.892, "_x": 1, "_y": 1}, {"_time": 89.904, "_x": 0, "_y": 1}, {"_time": 89.929, "_x": 0, "_y": 1}, {"_time": 89.942, "_x": 0, "_y": 1}, {"_time": 89.954, "_x": -1, "_y": 1}, {"_time": 90.054, "_x": 0, "_y": -1}, {"_time": 90.154, "_x": 0, "_y": 1}, {"_time": 90.254, "_x": 1, "_y": -1}, {"_time": 90.354, "_x": -1, "_y": 0}, {"_time": 90.454, "_x": 1, "_y": 0}, {"_time": 90.554, "_x": -1, "_y": 1}, {"_time": 90.654, "_x": 0, "_y": -1}, {"_time": 90.754, "_x": 0, "_y": 1}, {"_time": 90.854, "_x": -1, "_y": -1}, {"_time": 90.954, "_x": 1, "_y": 0}, {"_time": 91.054, "_x": -1, "_y": 0}, {"_time": 91.154, "_x": 1, "_y": -1}, {"_time": 91.204, "_x": 1, "_y": 0}, {"_time": 91.254, "_x": 1, "_y": 1}, {"_time": 91.304, "_x": 0, "_y": 1}, {"_time": 91.354, "_x": 0, "_y": 0}, {"_time": 91.404, "_x": 0, "_y": -1}, {"_time": 91.454, "_x": -1, "_y": -1}, {"_time": 91.504, "_x": -1, "_y": 0}, {"_time": 91.554, "_x": -1, "_y": 1}, {"_time": 91.654, "_x": 1, "_y": 0}, {"_time": 91.754, "_x": -1, "_y": -1}, {"_time": 91.854, "_x": 0, "_y": 1}, {"_time": 91.954, "_x": 0, "_y": -1}, {"_time": 92.054, "_x": -1, "_y": 1}, {"_time": 92.154, "_x": 1, "_y": -1}, {"_time": 92.254, "_x": -1, "_y": 0}, {"_time": 92.354, "_x": 1, "_y": 1}, {"_time": 92.404, "_x": 1, "_y": 0}, {"_time": 92.454, "_x": 1, "_y": -1}, {"_time": 92.504, "_x": 0, "_y": -1}, {"_time": 92.554, "_x": -1, "_y": -1}, {"_time": 92.604, "_x": -1, "_y": 0}, {"_time": 92.654, "_x": -1, "_y": 1}, {"_time": 92.704, "_x": 0, "_y": 1}, {"_time": 92.754, "_x": 1, "_y": -1}, {"_time": 92.804, "_x": 1, "_y": -1}, {"_time": 92.854, "_x": -1, "_y": 0}, {"_time": 92.904, "_x": -1, "_y": 0}, {"_time": 92.954, "_x": 1, "_y": 1}, {"_time": 93.004, "_x": 1, "_y": 1}, {"_time": 93.054, "_x": 0, "_y": -1}, {"_time": 93.104, "_x": 0, "_y": -1}, {"_time": 93.154, "_x": -1, "_y": 1}, {"_time": 93.254, "_x": 1, "_y": 0}, {"_time": 93.354, "_x": -1, "_y": -1}, {"_time": 93.454, "_x": 0, "_y": 1}, {"_time": 93.554, "_x": 0, "_y": -1}, {"_time": 93.654, "_x": -1, "_y": 1}, {"_time": 93.754, "_x": 1, "_y": -1}, {"_time": 93.854, "_x": -1, "_y": 0}, {"_time": 93.954, "_x": 1, "_y": -1}, {"_time": 94.054, "_x": -1, "_y": 1}, {"_time": 94.154, "_x": 0, "_y": -1}, {"_time": 94.254, "_x": 0, "_y": 1}, {"_time": 94.354, "_x": -1, "_y": -1}, {"_time": 94.454, "_x": 1, "_y": 1}, {"_time": 94.554, "_x": -1, "_y": 0}, {"_time": 94.654, "_x": 1, "_y": 0}, {"_time": 94.754, "_x": -1, "_y": -1}, {"_time": 94.804, "_x": 0, "_y": -1}, {"_time": 94.854, "_x": 1, "_y": -1}, {"_time": 94.904, "_x": 1, "_y": 0}, {"_time": 94.954, "_x": 0, "_y": 0}, {"_time": 95.004, "_x": -1, "_y": 0}, {"_time": 95.054, "_x": -1, "_y": 1}, {"_time": 95.104, "_x": 0, "_y": 1}, {"_time": 95.154, "_x": 1, "_y": 1}, {"_time": 95.204, "_x": 1, "_y": 0}, {"_time": 95.254, "_x": 1, "_y": -1}, {"_time": 95.304, "_x": 0, "_y": -1}, {"_time": 95.354, "_x": 0, "_y": 0}, {"_time": 95.404, "_x": 0, "_y": 1}, {"_time": 95.454, "_x": -1, "_y": 1}, {"_time": 95.504, "_x": -1, "_y": 1}, {"_time": 95.554, "_x": -1, "_y": -1}, {"_time": 95.579, "_x": -1, "_y": -1}, {"_time": 95.592, "_x": -1, "_y": -1}, {"_time": 95.604, "_x": 0, "_y": -1}, {"_time": 95.629, "_x": 0, "_y": -1}, {"_time": 95.642, "_x": 0, "_y": -1}, {"_time": 95.654, "_x": 1, "_y": -1}, {"_time": 95.679, "_x": 1, "_y": -1}, {"_time": 95.692, "_x": 1, "_y": -1}, {"_time": 95.704, "_x": 1, "_y": 0}, {"_time": 95.729, "_x": 1, "_y": 0}, {"_time": 95.742, "_x": 1, "_y": 0}, {"_time": 95.754, "_x": 1, "_y": 1}, {"_time": 95.779, "_x": 1, "_y": 1}, {"_time": 95.792, "_x": 1, "_y": 1}, {"_time": 95.804, "_x": 0, "_y": 1}, {"_time": 95.829, "_x": 0, "_y": 1}, {"_time": 95.842, "_x": 0, "_y": 1}, {"_time": 95.854, "_x": -1, "_y": 1}, {"_time": 96.054, "_x": -1, "_y": -1}, {"_time": 96.154, "_x": 1, "_y": -1}, {"_time": 96.204, "_x": 1, "_y": 0}, {"_time": 96.254, "_x": 0, "_y": 0}, {"_time": 96.304, "_x": -1, "_y": 0}, {"_time": 96.354, "_x": -1, "_y": 1}, {"_time": 96.454, "_x": 1, "_y": 0}, {"_time": 96.554, "_x": -1, "_y": -1}, {"_time": 96.579, "_x": -1, "_y": -1}, {"_time": 96.604, "_x": -1, "_y": 0}, {"_time": 96.629, "_x": -1, "_y": 0}, {"_time": 96.654, "_x": -1, "_y": 1}, {"_time": 96.679, "_x": -1, "_y": 1}, {"_time": 96.704, "_x": 0, "_y": 1}, {"_time": 96.729, "_x": 0, "_y": 1}, {"_time": 96.754, "_x": 1, "_y": 1}, {"_time": 96.854, "_x": 0, "_y": -1}, {"_time": 96.954, "_x": -1, "_y": 1}, {"_time": 96.979, "_x": -1, "_y": 1}, {"_time": 97.054, "_x": 1, "_y": 0}, {"_time": 97.154, "_x": -1, "_y": -1}, {"_time": 97.254, "_x": 0, "_y": 1}, {"_time": 97.354, "_x": 1, "_y": -1}, {"_time": 97.379, "_x": 1, "_y": -1}, {"_time": 97.454, "_x": -1, "_y": 1}, {"_time": 97.554, "_x": 1, "_y": 0}, {"_time": 97.654, "_x": -1, "_y": -1}, {"_time": 97.754, "_x": 0, "_y": 1}, {"_time": 97.854, "_x": 0, "_y": -1}, {"_time": 97.954, "_x": 1, "_y": 1}, {"_time": 98.054, "_x": -1, "_y": 0}, {"_time": 98.154, "_x": 1, "_y": -1}, {"_time": 98.254, "_x": 0, "_y": 1}, {"_time": 98.354, "_x": -1, "_y": -1}, {"_time": 98.379, "_x": -1, "_y": -1}, {"_time": 98.404, "_x": 0, "_y": -1}, {"_time": 98.429, "_x": 0, "_y": -1}, {"_time": 98.454, "_x": 1, "_y": -1}, {"_time": 98.479, "_x": 1, "_y": -1}, {"_time": 98.504, "_x": 1, "_y": 0}, {"_time": 98.529, "_x": 1, "_y": 0}, {"_time": 98.554, "_x": 1, "_y": 1}, {"_time": 98.654, "_x": -1, "_y": 1}, {"_time": 98.754, "_x": -1, "_y": -1}, {"_time": 98.779, "_x": -1, "_y": -1}, {"_time": 98.804, "_x": 0, "_y": -1}, {"_time": 98.829, "_x": 0, "_y": -1}, {"_time": 98.854, "_x": 0, "_y": 0}, {"_time": 98.879, "_x": 0, "_y": 0}, {"_time": 98.904, "_x": 0, "_y": 1}, {"_time": 98.929, "_x": 0, "_y": 1}, {"_time": 98.954, "_x": 1, "_y": 1}, {"_time": 99.054, "_x": 1, "_y": -1}, {"_time": 99.154, "_x": -1, "_y": 0}, {"_time": 99.254, "_x": 1, "_y": 1}, {"_time": 99.279, "_x": 1, "_y": 1}, {"_time": 99.354, "_x": 0, "_y": -1}, {"_time": 99.379, "_x": 0, "_y": -1}, {"_time": 99.454, "_x": -1, "_y": 1}, {"_time": 99.479, "_x": -1, "_y": 1}, {"_time": 99.554, "_x": 1, "_y": 0}, {"_time": 99.954, "_x": -1, "_y": 0}, {"_time": 100.354, "_x": 1, "_y": -1}, {"_time": 100.454, "_x": 0, "_y": 1}, {"_time": 100.554, "_x": 0, "_y": -1}, {"_time": 100.579, "_x": 0, "_y": -1}, {"_time": 100.754, "_x": -1, "_y": 1}, {"_time": 101.054, "_x": 1, "_y": 0}, {"_time": 101.154, "_x": -1, "_y": -1}, {"_time": 101.254, "_x": 0, "_y": 1}, {"_time": 101.354, "_x": 0, "_y": -1}, {"_time": 101.454, "_x": -1, "_y": 1}, {"_time": 101.554, "_x": 1, "_y": -1}, {"_time": 101.579, "_x": 1, "_y": -1}, {"_time": 101.604, "_x": 1, "_y": 0}, {"_time": 101.629, "_x": 1, "_y": 0}, {"_time": 101.654, "_x": 1, "_y": 1}, {"_time": 101.679, "_x": 1, "_y": 1}, {"_time": 101.704, "_x": 0, "_y": 1}, {"_time": 101.729, "_x": 0, "_y": 1}, {"_time": 101.754, "_x": -1, "_y": 1}, {"_time": 101.854, "_x": 0, "_y": -1}, {"_time": 101.954, "_x": 1, "_y": 1}, {"_time": 101.979, "_x": 1, "_y": 1}, {"_time": 102.004, "_x": 0, "_y": 1}, {"_time": 102.029, "_x": 0, "_y": 1}, {"_time": 102.054, "_x": -1, "_y": 1}, {"_time": 102.079, "_x": -1, "_y": 1}, {"_time": 102.104, "_x": -1, "_y": 0}, {"_time": 102.129, "_x": -1, "_y": 0}, {"_time": 102.154, "_x": 0, "_y": 0}, {"_time": 102.179, "_x": 0, "_y": 0}, {"_time": 102.204, "_x": 1, "_y": 0}, {"_time": 102.229, "_x": 1, "_y": 0}, {"_time": 102.254, "_x": 1, "_y": -1}, {"_time": 102.279, "_x": 1, "_y": -1}, {"_time": 102.304, "_x": 0, "_y": -1}, {"_time": 102.329, "_x": 0, "_y": -1}, {"_time": 102.354, "_x": -1, "_y": -1}, {"_time": 102.379, "_x": -1, "_y": -1}, {"_time": 102.404, "_x": -1, "_y": 0}, {"_time": 102.429, "_x": -1, "_y": 0}, {"_time": 102.454, "_x": -1, "_y": 1}, {"_time": 102.479, "_x": -1, "_y": 1}, {"_time": 102.504, "_x": 0, "_y": 1}, {"_time": 102.529, "_x": 0, "_y": 1}, {"_time": 102.554, "_x": 1, "_y": 1}, {"_time": 102.579, "_x": 1, "_y": 1}, {"_time": 102.604, "_x": 1, "_y": 0}, {"_time": 102.629, "_x": 1, "_y": 0}, {"_time": 102.654, "_x": 1, "_y": -1}, {"_time": 102.754, "_x": -1, "_y": -1}, {"_time": 102.854, "_x": 1, "_y": 0}, {"_time": 102.954, "_x": -1, "_y": 1}, {"_time": 102.979, "_x": -1, "_y": 1}, {"_time": 103.004, "_x": 0, "_y": 1}, {"_time": 103.029, "_x": 0, "_y": 1}, {"_time": 103.054, "_x": 1, "_y": 1}, {"_time": 103.079, "_x": 1, "_y": 1}, {"_time": 103.104, "_x": 1, "_y": 0}, {"_time": 103.129, "_x": 1, "_y": 0}, {"_time": 103.154, "_x": 1, "_y": -1}, {"_time": 103.254, "_x": -1, "_y": 0}, {"_time": 103.354, "_x": 1, "_y": 0}, {"_time": 103.379, "_x": 1, "_y": 0}, {"_time": 103.454, "_x": -1, "_y": -1}, {"_time": 103.554, "_x": 0, "_y": 1}, {"_time": 103.654, "_x": 0, "_y": -1}, {"_time": 103.754, "_x": -1, "_y": 1}, {"_time": 103.854, "_x": 1, "_y": 0}, {"_time": 103.954, "_x": -1, "_y": 0}, {"_time": 103.979, "_x": -1, "_y": 0}, {"_time": 104.054, "_x": 1, "_y": -1}, {"_time": 104.079, "_x": 1, "_y": -1}, {"_time": 104.154, "_x": -1, "_y": -1}, {"_time": 104.179, "_x": -1, "_y": -1}, {"_time": 104.254, "_x": 1, "_y": 0}, {"_time": 104.354, "_x": -1, "_y": 1}, {"_time": 104.379, "_x": -1, "_y": 1}, {"_time": 104.404, "_x": 0, "_y": 1}, {"_time": 104.429, "_x": 0, "_y": 1}, {"_time": 104.454, "_x": 0, "_y": 0}, {"_time": 104.479, "_x": 0, "_y": 0}, {"_time": 104.504, "_x": 0, "_y": -1}, {"_time": 104.529, "_x": 0, "_y": -1}, {"_time": 104.554, "_x": 1, "_y": -1}, {"_time": 104.654, "_x": 1, "_y": 1}, {"_time": 104.754, "_x": -1, "_y": 0}, {"_time": 104.779, "_x": -1, "_y": 0}, {"_time": 104.804, "_x": -1, "_y": -1}, {"_time": 104.829, "_x": -1, "_y": -1}, {"_time": 104.854, "_x": 0, "_y": -1}, {"_time": 104.879, "_x": 0, "_y": -1}, {"_time": 104.904, "_x": 1, "_y": -1}, {"_time": 104.929, "_x": 1, "_y": -1}, {"_time": 104.954, "_x": 1, "_y": 0}, {"_time": 105.054, "_x": -1, "_y": 1}, {"_time": 105.154, "_x": -1, "_y": -1}, {"_time": 105.179, "_x": -1, "_y": -1}, {"_time": 105.204, "_x": 0, "_y": -1}, {"_time": 105.229, "_x": 0, "_y": -1}, {"_time": 105.254, "_x": 1, "_y": -1}, {"_time": 105.279, "_x": 1, "_y": -1}, {"_time": 105.304, "_x": 1, "_y": 0}, {"_time": 105.329, "_x": 1, "_y": 0}, {"_time": 105.354, "_x": 1, "_y": 1}, {"_time": 105.454, "_x": -1, "_y": 0}, {"_time": 105.554, "_x": 1, "_y": -1}, {"_time": 105.579, "_x": 1, "_y": -1}, {"_time": 105.654, "_x": -1, "_y": -1}, {"_time": 105.679, "_x": -1, "_y": -1}, {"_time": 105.754, "_x": 0, "_y": 1}, {"_time": 105.779, "_x": 0, "_y": 1}, {"_time": 105.854, "_x": 0, "_y": -1}, {"_time": 105.879, "_x": 0, "_y": -1}, {"_time": 105.954, "_x": 1, "_y": 1}, {"_time": 106.354, "_x": -1, "_y": 0}, {"_time": 106.379, "_x": -1, "_y": 0}, {"_time": 106.754, "_x": 1, "_y": 0}, {"_time": 106.954, "_x": -1, "_y": -1}, {"_time": 106.979, "_x": -1, "_y": -1}, {"_time": 107.004, "_x": 0, "_y": -1}, {"_time": 107.029, "_x": 0, "_y": -1}, {"_time": 107.054, "_x": 1, "_y": -1}, {"_time": 107.154, "_x": -1, "_y": 0}, {"_time": 107.454, "_x": 1, "_y": 1}, {"_time": 107.479, "_x": 1, "_y": 1}, {"_time": 107.504, "_x": 1, "_y": 0}, {"_time": 107.529, "_x": 1, "_y": 0}, {"_time": 107.554, "_x": 1, "_y": -1}, {"_time": 107.754, "_x": 0, "_y": 1}, {"_time": 107.954, "_x": -1, "_y": -1}, {"_time": 107.979, "_x": -1, "_y": -1}, {"_time": 108.004, "_x": 0, "_y": -1}, {"_time": 108.029, "_x": 0, "_y": -1}, {"_time": 108.054, "_x": 1, "_y": -1}, {"_time": 108.079, "_x": 1, "_y": -1}, {"_time": 108.104, "_x": 1, "_y": 0}, {"_time": 108.129, "_x": 1, "_y": 0}, {"_time": 108.154, "_x": 1, "_y": 1}, {"_time": 108.354, "_x": -1, "_y": 1}, {"_time": 108.379, "_x": -1, "_y": 1}, {"_time": 108.404, "_x": -1, "_y": 0}, {"_time": 108.429, "_x": -1, "_y": 0}, {"_time": 108.454, "_x": -1, "_y": -1}, {"_time": 108.479, "_x": -1, "_y": -1}, {"_time": 108.504, "_x": 0, "_y": -1}, {"_time": 108.529, "_x": 0, "_y": -1}, {"_time": 108.554, "_x": 0, "_y": 0}, {"_time": 108.579, "_x": 0, "_y": 0}, {"_time": 108.604, "_x": 0, "_y": 1}, {"_time": 108.629, "_x": 0, "_y": 1}, {"_time": 108.654, "_x": 1, "_y": 1}, {"_time": 108.679, "_x": 1, "_y": 1}, {"_time": 108.704, "_x": 1, "_y": 0}, {"_time": 108.729, "_x": 1, "_y": 0}, {"_time": 108.754, "_x": 1, "_y": -1}, {"_time": 109.154, "_x": -1, "_y": 0}, {"_time": 109.954, "_x": 1, "_y": 1}, {"_time": 110.554, "_x": 0, "_y": -1}, {"_time": 110.754, "_x": 0, "_y": -1}, {"_time": 111.154, "_x": 0, "_y": 1}, {"_time": 111.554, "_x": 1, "_y": -1}, {"_time": 111.754, "_x": -1, "_y": 0}, {"_time": 112.154, "_x": 1, "_y": 0}, {"_time": 112.354, "_x": -1, "_y": 1}, {"_time": 113.154, "_x": 0, "_y": -1}, {"_time": 113.554, "_x": 0, "_y": 1}, {"_time": 113.954, "_x": 1, "_y": -1}, {"_time": 114.554, "_x": -1, "_y": 1}, {"_time": 114.754, "_x": -1, "_y": 1}, {"_time": 115.554, "_x": 0, "_y": -1}, {"_time": 116.354, "_x": 1, "_y": 1}, {"_time": 116.954, "_x": -1, "_y": 0}, {"_time": 117.154, "_x": -1, "_y": 0}, {"_time": 117.554, "_x": 1, "_y": -1}, {"_time": 117.954, "_x": 0, "_y": 1}, {"_time": 118.154, "_x": -1, "_y": -1}, {"_time": 118.554, "_x": 1, "_y": 0}, {"_time": 118.754, "_x": -1, "_y": 0}, {"_time": 119.554, "_x": 1, "_y": -1}, {"_time": 119.954, "_x": 0, "_y": 1}, {"_time": 120.354, "_x": 0, "_y": -1}, {"_time": 120.954, "_x": 1, "_y": 1}, {"_time": 121.154, "_x": 1, "_y": 1}]}