{"_approachDistance": 50, "_approachTime": 1, "_name": "lowkit impossible", "_notes": [{"_time": 0.277, "_x": 1, "_y": -1}, {"_time": 0.313, "_x": 0, "_y": -1}, {"_time": 0.347, "_x": -1, "_y": -1}, {"_time": 0.572, "_x": 1, "_y": 1}, {"_time": 0.585, "_x": 0, "_y": 1}, {"_time": 0.598, "_x": -1, "_y": 1}, {"_time": 0.611, "_x": -1, "_y": 0}, {"_time": 0.623, "_x": 0, "_y": 0}, {"_time": 0.636, "_x": 1, "_y": 0}, {"_time": 0.649, "_x": 1, "_y": -1}, {"_time": 0.662, "_x": 0, "_y": -1}, {"_time": 0.675, "_x": -1, "_y": -1}, {"_time": 0.983, "_x": -1, "_y": 1}, {"_time": 0.996, "_x": 0, "_y": 1}, {"_time": 1.009, "_x": 1, "_y": 1}, {"_time": 1.021, "_x": 1, "_y": 0}, {"_time": 1.034, "_x": 1, "_y": -1}, {"_time": 1.047, "_x": 0, "_y": -1}, {"_time": 1.06, "_x": 0, "_y": 0}, {"_time": 1.073, "_x": 0, "_y": 1}, {"_time": 1.086, "_x": -1, "_y": 1}, {"_time": 1.394, "_x": -1, "_y": -1}, {"_time": 1.407, "_x": 0, "_y": -1}, {"_time": 1.42, "_x": 1, "_y": -1}, {"_time": 1.432, "_x": 1, "_y": 0}, {"_time": 1.445, "_x": 0, "_y": 0}, {"_time": 1.458, "_x": -1, "_y": 0}, {"_time": 1.471, "_x": -1, "_y": 1}, {"_time": 1.484, "_x": 0, "_y": 1}, {"_time": 1.497, "_x": 1, "_y": 1}, {"_time": 1.805, "_x": -1, "_y": -1}, {"_time": 1.818, "_x": -1, "_y": 0}, {"_time": 1.831, "_x": -1, "_y": 1}, {"_time": 1.843, "_x": 0, "_y": 1}, {"_time": 1.856, "_x": 0, "_y": 0}, {"_time": 1.869, "_x": 0, "_y": -1}, {"_time": 1.882, "_x": 1, "_y": -1}, {"_time": 1.895, "_x": 1, "_y": 0}, {"_time": 1.908, "_x": 1, "_y": 1}, {"_time": 2.216, "_x": -1, "_y": -1}, {"_time": 2.229, "_x": -1, "_y": 0}, {"_time": 2.242, "_x": -1, "_y": 1}, {"_time": 2.254, "_x": 0, "_y": 1}, {"_time": 2.267, "_x": 0, "_y": 0}, {"_time": 2.28, "_x": 0, "_y": -1}, {"_time": 2.293, "_x": 1, "_y": -1}, {"_time": 2.306, "_x": 1, "_y": 0}, {"_time": 2.319, "_x": 1, "_y": 1}, {"_time": 2.627, "_x": -1, "_y": 1}, {"_time": 2.64, "_x": 0, "_y": 1}, {"_time": 2.652, "_x": 1, "_y": 1}, {"_time": 2.665, "_x": 1, "_y": 0}, {"_time": 2.678, "_x": 1, "_y": -1}, {"_time": 2.691, "_x": 0, "_y": -1}, {"_time": 2.704, "_x": -1, "_y": -1}, {"_time": 2.717, "_x": -1, "_y": 0}, {"_time": 2.73, "_x": 0, "_y": 0}, {"_time": 3.038, "_x": 1, "_y": 1}, {"_time": 3.051, "_x": 0, "_y": 1}, {"_time": 3.063, "_x": -1, "_y": 1}, {"_time": 3.076, "_x": -1, "_y": 0}, {"_time": 3.089, "_x": -1, "_y": -1}, {"_time": 3.102, "_x": 0, "_y": -1}, {"_time": 3.115, "_x": 1, "_y": -1}, {"_time": 3.128, "_x": 1, "_y": 0}, {"_time": 3.14, "_x": 1, "_y": 1}, {"_time": 3.449, "_x": -1, "_y": -1}, {"_time": 3.462, "_x": 0, "_y": -1}, {"_time": 3.474, "_x": 1, "_y": -1}, {"_time": 3.487, "_x": 1, "_y": 0}, {"_time": 3.5, "_x": 0, "_y": 0}, {"_time": 3.513, "_x": -1, "_y": 0}, {"_time": 3.526, "_x": -1, "_y": 1}, {"_time": 3.539, "_x": 0, "_y": 1}, {"_time": 3.551, "_x": 1, "_y": 1}, {"_time": 3.86, "_x": 1, "_y": -1}, {"_time": 3.873, "_x": 0, "_y": -1}, {"_time": 3.885, "_x": -1, "_y": -1}, {"_time": 3.898, "_x": -1, "_y": 0}, {"_time": 3.911, "_x": 0, "_y": 0}, {"_time": 3.924, "_x": 1, "_y": 0}, {"_time": 3.937, "_x": 1, "_y": 1}, {"_time": 3.95, "_x": 0, "_y": 1}, {"_time": 3.962, "_x": -1, "_y": 1}, {"_time": 4.271, "_x": 1, "_y": -1}, {"_time": 4.283, "_x": 1, "_y": 0}, {"_time": 4.296, "_x": 1, "_y": 1}, {"_time": 4.309, "_x": 0, "_y": 1}, {"_time": 4.322, "_x": 0, "_y": 0}, {"_time": 4.335, "_x": 0, "_y": -1}, {"_time": 4.348, "_x": -1, "_y": -1}, {"_time": 4.361, "_x": -1, "_y": 0}, {"_time": 4.373, "_x": -1, "_y": 1}, {"_time": 4.682, "_x": -1, "_y": -1}, {"_time": 4.694, "_x": 0, "_y": -1}, {"_time": 4.707, "_x": 1, "_y": -1}, {"_time": 4.72, "_x": 1, "_y": 0}, {"_time": 4.733, "_x": 1, "_y": 1}, {"_time": 4.746, "_x": 0, "_y": 1}, {"_time": 4.759, "_x": 0, "_y": 0}, {"_time": 4.771, "_x": 0, "_y": -1}, {"_time": 4.784, "_x": 1, "_y": -1}, {"_time": 5.093, "_x": 1, "_y": 1}, {"_time": 5.105, "_x": 0, "_y": 1}, {"_time": 5.118, "_x": -1, "_y": 1}, {"_time": 5.131, "_x": -1, "_y": 0}, {"_time": 5.144, "_x": 0, "_y": 0}, {"_time": 5.157, "_x": 1, "_y": 0}, {"_time": 5.17, "_x": 1, "_y": -1}, {"_time": 5.182, "_x": 0, "_y": -1}, {"_time": 5.195, "_x": -1, "_y": -1}, {"_time": 5.504, "_x": 1, "_y": 1}, {"_time": 5.516, "_x": 0, "_y": 1}, {"_time": 5.529, "_x": -1, "_y": 1}, {"_time": 5.542, "_x": -1, "_y": 0}, {"_time": 5.555, "_x": 0, "_y": 0}, {"_time": 5.568, "_x": 1, "_y": 0}, {"_time": 5.581, "_x": 1, "_y": -1}, {"_time": 5.593, "_x": 0, "_y": -1}, {"_time": 5.606, "_x": -1, "_y": -1}, {"_time": 5.914, "_x": -1, "_y": 1}, {"_time": 5.927, "_x": 0, "_y": 1}, {"_time": 5.94, "_x": 1, "_y": 1}, {"_time": 5.953, "_x": 1, "_y": 0}, {"_time": 5.966, "_x": 0, "_y": 0}, {"_time": 5.979, "_x": -1, "_y": 0}, {"_time": 5.992, "_x": -1, "_y": -1}, {"_time": 6.004, "_x": 0, "_y": -1}, {"_time": 6.017, "_x": 1, "_y": -1}, {"_time": 6.325, "_x": 1, "_y": 1}, {"_time": 6.338, "_x": 0, "_y": 1}, {"_time": 6.351, "_x": -1, "_y": 1}, {"_time": 6.364, "_x": -1, "_y": 0}, {"_time": 6.377, "_x": 0, "_y": 0}, {"_time": 6.39, "_x": 1, "_y": 0}, {"_time": 6.402, "_x": 1, "_y": -1}, {"_time": 6.415, "_x": 0, "_y": -1}, {"_time": 6.428, "_x": -1, "_y": -1}, {"_time": 6.736, "_x": -1, "_y": 1}, {"_time": 6.749, "_x": 0, "_y": 1}, {"_time": 6.762, "_x": 1, "_y": 1}, {"_time": 6.775, "_x": 1, "_y": 0}, {"_time": 6.788, "_x": 0, "_y": 0}, {"_time": 6.801, "_x": -1, "_y": 0}, {"_time": 6.813, "_x": -1, "_y": -1}, {"_time": 6.826, "_x": 0, "_y": -1}, {"_time": 6.839, "_x": 1, "_y": -1}, {"_time": 7.147, "_x": -1, "_y": 1}, {"_time": 7.16, "_x": -1, "_y": 0}, {"_time": 7.173, "_x": -1, "_y": -1}, {"_time": 7.186, "_x": 0, "_y": -1}, {"_time": 7.199, "_x": 0, "_y": 0}, {"_time": 7.212, "_x": 0, "_y": 1}, {"_time": 7.224, "_x": 1, "_y": 1}, {"_time": 7.237, "_x": 1, "_y": 0}, {"_time": 7.25, "_x": 1, "_y": -1}, {"_time": 7.558, "_x": -1, "_y": -1}, {"_time": 7.571, "_x": -1, "_y": 0}, {"_time": 7.584, "_x": 0, "_y": 0}, {"_time": 7.597, "_x": 1, "_y": 0}, {"_time": 7.61, "_x": 1, "_y": 1}, {"_time": 7.623, "_x": 0, "_y": 1}, {"_time": 7.635, "_x": -1, "_y": 1}, {"_time": 7.648, "_x": -1, "_y": 0}, {"_time": 7.661, "_x": -1, "_y": -1}, {"_time": 7.969, "_x": 1, "_y": -1}, {"_time": 7.982, "_x": 1, "_y": 0}, {"_time": 7.995, "_x": 1, "_y": 1}, {"_time": 8.008, "_x": 0, "_y": 1}, {"_time": 8.021, "_x": 0, "_y": 0}, {"_time": 8.033, "_x": 0, "_y": -1}, {"_time": 8.046, "_x": -1, "_y": -1}, {"_time": 8.059, "_x": -1, "_y": 0}, {"_time": 8.072, "_x": -1, "_y": 1}, {"_time": 8.38, "_x": 1, "_y": -1}, {"_time": 8.393, "_x": 0, "_y": -1}, {"_time": 8.406, "_x": -1, "_y": -1}, {"_time": 8.419, "_x": -1, "_y": 0}, {"_time": 8.432, "_x": -1, "_y": 1}, {"_time": 8.444, "_x": 0, "_y": 1}, {"_time": 8.457, "_x": 1, "_y": 1}, {"_time": 8.47, "_x": 1, "_y": 0}, {"_time": 8.483, "_x": 1, "_y": -1}, {"_time": 8.791, "_x": -1, "_y": 1}, {"_time": 8.804, "_x": 0, "_y": 1}, {"_time": 8.817, "_x": 1, "_y": 1}, {"_time": 8.83, "_x": 1, "_y": 0}, {"_time": 8.843, "_x": 0, "_y": 0}, {"_time": 8.855, "_x": -1, "_y": 0}, {"_time": 8.868, "_x": -1, "_y": -1}, {"_time": 8.881, "_x": 0, "_y": -1}, {"_time": 8.894, "_x": 1, "_y": -1}, {"_time": 9.202, "_x": -1, "_y": 1}, {"_time": 9.215, "_x": 0, "_y": 1}, {"_time": 9.228, "_x": 1, "_y": 1}, {"_time": 9.241, "_x": 1, "_y": 0}, {"_time": 9.254, "_x": 0, "_y": 0}, {"_time": 9.266, "_x": -1, "_y": 0}, {"_time": 9.279, "_x": -1, "_y": -1}, {"_time": 9.292, "_x": 0, "_y": -1}, {"_time": 9.305, "_x": 1, "_y": -1}, {"_time": 9.613, "_x": -1, "_y": 1}, {"_time": 9.626, "_x": 0, "_y": 1}, {"_time": 9.639, "_x": 0, "_y": 0}, {"_time": 9.652, "_x": 0, "_y": -1}, {"_time": 9.664, "_x": 1, "_y": -1}, {"_time": 9.677, "_x": 1, "_y": 0}, {"_time": 9.69, "_x": 1, "_y": 1}, {"_time": 9.703, "_x": 0, "_y": 1}, {"_time": 9.716, "_x": -1, "_y": 1}, {"_time": 10.024, "_x": -1, "_y": -1}, {"_time": 10.037, "_x": -1, "_y": 0}, {"_time": 10.05, "_x": 0, "_y": 0}, {"_time": 10.063, "_x": 1, "_y": 0}, {"_time": 10.075, "_x": 1, "_y": -1}, {"_time": 10.088, "_x": 0, "_y": -1}, {"_time": 10.101, "_x": -1, "_y": -1}, {"_time": 10.114, "_x": -1, "_y": 0}, {"_time": 10.127, "_x": -1, "_y": 1}, {"_time": 10.435, "_x": 1, "_y": 1}, {"_time": 10.448, "_x": 1, "_y": 0}, {"_time": 10.461, "_x": 1, "_y": -1}, {"_time": 10.474, "_x": 0, "_y": -1}, {"_time": 10.487, "_x": 0, "_y": 0}, {"_time": 10.499, "_x": 0, "_y": 1}, {"_time": 10.512, "_x": -1, "_y": 1}, {"_time": 10.525, "_x": -1, "_y": 0}, {"_time": 10.538, "_x": -1, "_y": -1}, {"_time": 10.846, "_x": 1, "_y": 1}, {"_time": 10.859, "_x": 1, "_y": 0}, {"_time": 10.872, "_x": 1, "_y": -1}, {"_time": 10.884, "_x": 0, "_y": -1}, {"_time": 10.897, "_x": 0, "_y": 0}, {"_time": 10.91, "_x": 0, "_y": 1}, {"_time": 10.923, "_x": -1, "_y": 1}, {"_time": 10.936, "_x": -1, "_y": 0}, {"_time": 10.949, "_x": -1, "_y": -1}, {"_time": 11.257, "_x": -1, "_y": 1}, {"_time": 11.27, "_x": 0, "_y": 1}, {"_time": 11.283, "_x": 1, "_y": 1}, {"_time": 11.295, "_x": 1, "_y": 0}, {"_time": 11.308, "_x": 0, "_y": 0}, {"_time": 11.321, "_x": -1, "_y": 0}, {"_time": 11.334, "_x": -1, "_y": -1}, {"_time": 11.347, "_x": 0, "_y": -1}, {"_time": 11.36, "_x": 1, "_y": -1}, {"_time": 11.668, "_x": 1, "_y": 1}, {"_time": 11.681, "_x": 0, "_y": 1}, {"_time": 11.694, "_x": -1, "_y": 1}, {"_time": 11.706, "_x": -1, "_y": 0}, {"_time": 11.719, "_x": 0, "_y": 0}, {"_time": 11.732, "_x": 1, "_y": 0}, {"_time": 11.745, "_x": 1, "_y": -1}, {"_time": 11.758, "_x": 0, "_y": -1}, {"_time": 11.771, "_x": -1, "_y": -1}, {"_time": 12.079, "_x": 0, "_y": 0}, {"_time": 12.092, "_x": -1, "_y": 1}, {"_time": 12.105, "_x": 0, "_y": 1}, {"_time": 12.117, "_x": 1, "_y": 1}, {"_time": 12.13, "_x": 1, "_y": 0}, {"_time": 12.143, "_x": 1, "_y": -1}, {"_time": 12.156, "_x": 0, "_y": -1}, {"_time": 12.169, "_x": 0, "_y": 0}, {"_time": 12.182, "_x": 0, "_y": 1}, {"_time": 12.49, "_x": 1, "_y": -1}, {"_time": 12.503, "_x": 0, "_y": -1}, {"_time": 12.516, "_x": -1, "_y": -1}, {"_time": 12.529, "_x": -1, "_y": 0}, {"_time": 12.542, "_x": -1, "_y": 1}, {"_time": 12.554, "_x": 0, "_y": 1}, {"_time": 12.567, "_x": 1, "_y": 1}, {"_time": 12.58, "_x": 1, "_y": 0}, {"_time": 12.593, "_x": 1, "_y": -1}, {"_time": 12.901, "_x": -1, "_y": 1}, {"_time": 12.914, "_x": 0, "_y": 1}, {"_time": 12.927, "_x": 1, "_y": 1}, {"_time": 12.94, "_x": 1, "_y": 0}, {"_time": 12.953, "_x": 0, "_y": 0}, {"_time": 12.965, "_x": -1, "_y": 0}, {"_time": 12.978, "_x": -1, "_y": -1}, {"_time": 12.991, "_x": 0, "_y": -1}, {"_time": 13.004, "_x": 1, "_y": -1}, {"_time": 13.312, "_x": -1, "_y": 1}, {"_time": 13.325, "_x": 0, "_y": 1}, {"_time": 13.338, "_x": 1, "_y": 1}, {"_time": 13.351, "_x": 1, "_y": 0}, {"_time": 13.364, "_x": 0, "_y": 0}, {"_time": 13.376, "_x": -1, "_y": 0}, {"_time": 13.389, "_x": -1, "_y": -1}, {"_time": 13.402, "_x": 0, "_y": -1}, {"_time": 13.415, "_x": 1, "_y": -1}, {"_time": 13.723, "_x": -1, "_y": 1}, {"_time": 13.736, "_x": 0, "_y": 1}, {"_time": 13.749, "_x": 0, "_y": 0}, {"_time": 13.762, "_x": 0, "_y": -1}, {"_time": 13.774, "_x": 1, "_y": -1}, {"_time": 13.787, "_x": 1, "_y": 0}, {"_time": 13.8, "_x": 1, "_y": 1}, {"_time": 13.813, "_x": 0, "_y": 1}, {"_time": 13.826, "_x": -1, "_y": 1}, {"_time": 14.134, "_x": 1, "_y": -1}, {"_time": 14.147, "_x": 0, "_y": -1}, {"_time": 14.16, "_x": -1, "_y": -1}, {"_time": 14.173, "_x": -1, "_y": 0}, {"_time": 14.186, "_x": -1, "_y": 1}, {"_time": 14.198, "_x": 0, "_y": 1}, {"_time": 14.211, "_x": 1, "_y": 1}, {"_time": 14.224, "_x": 1, "_y": 0}, {"_time": 14.237, "_x": 1, "_y": -1}, {"_time": 14.545, "_x": -1, "_y": 1}, {"_time": 14.558, "_x": 0, "_y": 1}, {"_time": 14.571, "_x": 1, "_y": 1}, {"_time": 14.584, "_x": 1, "_y": 0}, {"_time": 14.597, "_x": 0, "_y": 0}, {"_time": 14.609, "_x": -1, "_y": 0}, {"_time": 14.622, "_x": -1, "_y": -1}, {"_time": 14.635, "_x": 0, "_y": -1}, {"_time": 14.648, "_x": 1, "_y": -1}, {"_time": 14.956, "_x": -1, "_y": 1}, {"_time": 14.969, "_x": 0, "_y": 1}, {"_time": 14.982, "_x": 1, "_y": 1}, {"_time": 14.995, "_x": 1, "_y": 0}, {"_time": 15.008, "_x": 0, "_y": 0}, {"_time": 15.02, "_x": -1, "_y": 0}, {"_time": 15.033, "_x": -1, "_y": -1}, {"_time": 15.046, "_x": 0, "_y": -1}, {"_time": 15.059, "_x": 1, "_y": -1}, {"_time": 15.367, "_x": -1, "_y": 1}, {"_time": 15.38, "_x": 0, "_y": 1}, {"_time": 15.393, "_x": 0, "_y": 0}, {"_time": 15.406, "_x": 0, "_y": -1}, {"_time": 15.418, "_x": 1, "_y": -1}, {"_time": 15.431, "_x": 1, "_y": 0}, {"_time": 15.444, "_x": 1, "_y": 1}, {"_time": 15.457, "_x": 0, "_y": 1}, {"_time": 15.47, "_x": -1, "_y": 1}, {"_time": 15.777, "_x": 1, "_y": -1}, {"_time": 15.79, "_x": 0, "_y": -1}, {"_time": 15.803, "_x": -1, "_y": -1}, {"_time": 15.816, "_x": -1, "_y": 0}, {"_time": 15.829, "_x": -1, "_y": 1}, {"_time": 15.841, "_x": 0, "_y": 1}, {"_time": 15.854, "_x": 1, "_y": 1}, {"_time": 15.867, "_x": 1, "_y": 0}, {"_time": 15.88, "_x": 1, "_y": -1}, {"_time": 16.188, "_x": -1, "_y": 1}, {"_time": 16.201, "_x": 0, "_y": 1}, {"_time": 16.214, "_x": 1, "_y": 1}, {"_time": 16.227, "_x": 1, "_y": 0}, {"_time": 16.24, "_x": 0, "_y": 0}, {"_time": 16.252, "_x": -1, "_y": 0}, {"_time": 16.265, "_x": -1, "_y": -1}, {"_time": 16.278, "_x": 0, "_y": -1}, {"_time": 16.291, "_x": 1, "_y": -1}, {"_time": 16.599, "_x": -1, "_y": 1}, {"_time": 16.612, "_x": 0, "_y": 1}, {"_time": 16.625, "_x": 1, "_y": 1}, {"_time": 16.638, "_x": 1, "_y": 0}, {"_time": 16.651, "_x": 0, "_y": 0}, {"_time": 16.663, "_x": -1, "_y": 0}, {"_time": 16.676, "_x": -1, "_y": -1}, {"_time": 16.689, "_x": 0, "_y": -1}, {"_time": 16.702, "_x": 1, "_y": -1}, {"_time": 16.805, "_x": -1, "_y": -1}, {"_time": 16.818, "_x": 0, "_y": -1}, {"_time": 16.831, "_x": 1, "_y": -1}, {"_time": 16.843, "_x": 1, "_y": 0}, {"_time": 16.856, "_x": 1, "_y": 1}, {"_time": 16.869, "_x": 0, "_y": 1}, {"_time": 16.882, "_x": 0, "_y": 0}, {"_time": 16.895, "_x": 0, "_y": -1}, {"_time": 16.908, "_x": -1, "_y": -1}, {"_time": 16.92, "_x": -1, "_y": 0}, {"_time": 16.933, "_x": 0, "_y": 0}, {"_time": 16.946, "_x": 1, "_y": 0}, {"_time": 16.959, "_x": 1, "_y": 1}, {"_time": 16.972, "_x": 0, "_y": 1}, {"_time": 16.985, "_x": -1, "_y": 1}, {"_time": 16.998, "_x": -1, "_y": 0}, {"_time": 17.011, "_x": -1, "_y": -1}, {"_time": 17.023, "_x": 0, "_y": -1}, {"_time": 17.036, "_x": 1, "_y": -1}, {"_time": 17.049, "_x": 1, "_y": 0}, {"_time": 17.062, "_x": 0, "_y": 0}, {"_time": 17.075, "_x": -1, "_y": 0}, {"_time": 17.088, "_x": -1, "_y": 1}, {"_time": 17.1, "_x": 0, "_y": 1}, {"_time": 17.113, "_x": 1, "_y": 1}, {"_time": 17.126, "_x": 1, "_y": 0}, {"_time": 17.139, "_x": 1, "_y": -1}, {"_time": 17.152, "_x": 0, "_y": -1}, {"_time": 17.165, "_x": 0, "_y": 0}, {"_time": 17.177, "_x": 0, "_y": 1}, {"_time": 17.19, "_x": -1, "_y": 1}, {"_time": 17.203, "_x": -1, "_y": 0}, {"_time": 17.216, "_x": -1, "_y": -1}, {"_time": 17.229, "_x": 0, "_y": -1}, {"_time": 17.242, "_x": 1, "_y": -1}, {"_time": 17.255, "_x": 1, "_y": 0}, {"_time": 17.267, "_x": 0, "_y": 0}, {"_time": 17.28, "_x": -1, "_y": 0}, {"_time": 17.293, "_x": -1, "_y": 1}, {"_time": 17.306, "_x": 0, "_y": 1}, {"_time": 17.319, "_x": 1, "_y": 1}, {"_time": 17.332, "_x": 1, "_y": 0}, {"_time": 17.344, "_x": 1, "_y": -1}, {"_time": 17.357, "_x": 0, "_y": -1}, {"_time": 17.37, "_x": 0, "_y": 0}, {"_time": 17.383, "_x": 0, "_y": 1}, {"_time": 17.396, "_x": -1, "_y": 1}, {"_time": 17.409, "_x": -1, "_y": 0}, {"_time": 17.421, "_x": 0, "_y": 0}, {"_time": 17.434, "_x": 1, "_y": 0}, {"_time": 17.447, "_x": 1, "_y": -1}, {"_time": 17.46, "_x": 0, "_y": -1}, {"_time": 17.473, "_x": -1, "_y": -1}, {"_time": 17.486, "_x": -1, "_y": 0}, {"_time": 17.498, "_x": -1, "_y": 1}, {"_time": 17.511, "_x": 0, "_y": 1}, {"_time": 17.524, "_x": 1, "_y": 1}, {"_time": 17.537, "_x": 1, "_y": 0}, {"_time": 17.55, "_x": 1, "_y": -1}, {"_time": 17.563, "_x": 0, "_y": -1}, {"_time": 17.575, "_x": -1, "_y": -1}, {"_time": 17.588, "_x": -1, "_y": 0}, {"_time": 17.601, "_x": 0, "_y": 0}, {"_time": 17.614, "_x": 1, "_y": 0}, {"_time": 17.627, "_x": 1, "_y": 1}, {"_time": 17.64, "_x": 0, "_y": 1}, {"_time": 17.652, "_x": -1, "_y": 1}, {"_time": 17.665, "_x": -1, "_y": 0}, {"_time": 17.678, "_x": -1, "_y": -1}, {"_time": 17.691, "_x": 0, "_y": -1}, {"_time": 17.704, "_x": 0, "_y": 0}, {"_time": 17.717, "_x": 0, "_y": 1}, {"_time": 17.73, "_x": 1, "_y": 1}, {"_time": 17.742, "_x": 1, "_y": 0}, {"_time": 17.755, "_x": 1, "_y": -1}, {"_time": 17.768, "_x": 0, "_y": -1}, {"_time": 17.781, "_x": -1, "_y": -1}, {"_time": 17.794, "_x": -1, "_y": 0}, {"_time": 17.807, "_x": 0, "_y": 0}, {"_time": 17.819, "_x": 1, "_y": 0}, {"_time": 17.832, "_x": 1, "_y": 1}, {"_time": 17.845, "_x": 0, "_y": 1}, {"_time": 17.858, "_x": -1, "_y": 1}, {"_time": 17.871, "_x": -1, "_y": 0}, {"_time": 17.884, "_x": -1, "_y": -1}, {"_time": 17.896, "_x": 0, "_y": -1}, {"_time": 17.909, "_x": 0, "_y": 0}, {"_time": 17.922, "_x": 0, "_y": 1}, {"_time": 17.935, "_x": 1, "_y": 1}, {"_time": 17.948, "_x": 1, "_y": 0}, {"_time": 17.961, "_x": 0, "_y": 0}, {"_time": 17.974, "_x": -1, "_y": 0}, {"_time": 17.986, "_x": -1, "_y": -1}, {"_time": 17.999, "_x": 0, "_y": -1}, {"_time": 18.012, "_x": 1, "_y": -1}, {"_time": 18.025, "_x": 1, "_y": 0}, {"_time": 18.025, "_x": 1, "_y": 1}, {"_time": 18.038, "_x": 0, "_y": 1}, {"_time": 18.051, "_x": -1, "_y": 1}, {"_time": 18.063, "_x": -1, "_y": 0}, {"_time": 18.076, "_x": 0, "_y": 0}, {"_time": 18.089, "_x": 1, "_y": 0}, {"_time": 18.102, "_x": 1, "_y": -1}, {"_time": 18.115, "_x": 0, "_y": -1}, {"_time": 18.128, "_x": -1, "_y": -1}, {"_time": 18.141, "_x": -1, "_y": 0}, {"_time": 18.154, "_x": -1, "_y": 1}, {"_time": 18.167, "_x": 0, "_y": 1}, {"_time": 18.18, "_x": 0, "_y": 0}, {"_time": 18.193, "_x": 0, "_y": -1}, {"_time": 18.206, "_x": 1, "_y": -1}, {"_time": 18.218, "_x": 1, "_y": 0}, {"_time": 18.231, "_x": 0, "_y": 0}, {"_time": 18.244, "_x": -1, "_y": 0}, {"_time": 18.257, "_x": -1, "_y": 1}, {"_time": 18.27, "_x": 0, "_y": 1}, {"_time": 18.283, "_x": 1, "_y": 1}, {"_time": 18.295, "_x": 1, "_y": 0}, {"_time": 18.308, "_x": 1, "_y": -1}, {"_time": 18.321, "_x": 0, "_y": -1}, {"_time": 18.334, "_x": 0, "_y": 0}, {"_time": 18.347, "_x": 0, "_y": 1}, {"_time": 18.36, "_x": -1, "_y": 1}, {"_time": 18.372, "_x": -1, "_y": 0}, {"_time": 18.385, "_x": 0, "_y": 0}, {"_time": 18.398, "_x": 1, "_y": 0}, {"_time": 18.411, "_x": 1, "_y": -1}, {"_time": 18.424, "_x": 0, "_y": -1}, {"_time": 18.437, "_x": -1, "_y": -1}, {"_time": 18.45, "_x": -1, "_y": 0}, {"_time": 18.462, "_x": -1, "_y": 1}, {"_time": 18.475, "_x": 0, "_y": 1}, {"_time": 18.488, "_x": 1, "_y": 1}, {"_time": 18.501, "_x": 1, "_y": 0}, {"_time": 18.514, "_x": 0, "_y": 0}, {"_time": 18.527, "_x": -1, "_y": 0}, {"_time": 18.539, "_x": -1, "_y": -1}, {"_time": 18.552, "_x": 0, "_y": -1}, {"_time": 18.565, "_x": 1, "_y": -1}, {"_time": 18.578, "_x": 1, "_y": 0}, {"_time": 18.591, "_x": 0, "_y": 0}, {"_time": 18.604, "_x": -1, "_y": 0}, {"_time": 18.617, "_x": -1, "_y": 1}, {"_time": 18.629, "_x": 0, "_y": 1}, {"_time": 18.642, "_x": 1, "_y": 0}, {"_time": 18.655, "_x": 1, "_y": -1}, {"_time": 18.668, "_x": 0, "_y": -1}, {"_time": 18.681, "_x": 0, "_y": 0}, {"_time": 18.694, "_x": 0, "_y": 1}, {"_time": 18.706, "_x": -1, "_y": 1}, {"_time": 18.719, "_x": -1, "_y": 0}, {"_time": 18.732, "_x": 0, "_y": 0}, {"_time": 18.745, "_x": 1, "_y": 0}, {"_time": 18.758, "_x": 1, "_y": -1}, {"_time": 18.771, "_x": 0, "_y": -1}, {"_time": 18.783, "_x": -1, "_y": -1}, {"_time": 18.796, "_x": -1, "_y": 0}, {"_time": 18.809, "_x": -1, "_y": 1}, {"_time": 18.822, "_x": 0, "_y": 1}, {"_time": 18.835, "_x": 0, "_y": 0}, {"_time": 18.848, "_x": 0, "_y": -1}, {"_time": 18.861, "_x": 1, "_y": -1}, {"_time": 18.873, "_x": 1, "_y": 0}, {"_time": 18.886, "_x": 1, "_y": 1}, {"_time": 18.899, "_x": 0, "_y": 1}, {"_time": 18.911, "_x": -1, "_y": 1}, {"_time": 18.924, "_x": -1, "_y": 0}, {"_time": 18.936, "_x": -1, "_y": -1}, {"_time": 18.95, "_x": 0, "_y": -1}, {"_time": 18.96, "_x": 1, "_y": -1}, {"_time": 18.975, "_x": 1, "_y": 0}, {"_time": 18.988, "_x": 0, "_y": 0}, {"_time": 19.001, "_x": -1, "_y": 0}, {"_time": 19.014, "_x": -1, "_y": 1}, {"_time": 19.027, "_x": 0, "_y": 1}, {"_time": 19.039, "_x": 1, "_y": 1}, {"_time": 19.052, "_x": 1, "_y": 0}, {"_time": 19.064, "_x": 1, "_y": -1}, {"_time": 19.077, "_x": 0, "_y": -1}, {"_time": 19.09, "_x": -1, "_y": -1}, {"_time": 19.103, "_x": -1, "_y": 0}, {"_time": 19.116, "_x": 0, "_y": 0}, {"_time": 19.129, "_x": 1, "_y": 0}, {"_time": 19.141, "_x": 1, "_y": 1}, {"_time": 19.154, "_x": 0, "_y": 1}, {"_time": 19.167, "_x": -1, "_y": 1}, {"_time": 19.18, "_x": -1, "_y": 0}, {"_time": 19.193, "_x": -1, "_y": -1}, {"_time": 19.206, "_x": 0, "_y": -1}, {"_time": 19.218, "_x": 0, "_y": 0}, {"_time": 19.231, "_x": 0, "_y": 1}, {"_time": 19.244, "_x": 1, "_y": 1}, {"_time": 19.257, "_x": 1, "_y": 0}, {"_time": 19.27, "_x": 1, "_y": -1}, {"_time": 19.283, "_x": 0, "_y": -1}, {"_time": 19.296, "_x": -1, "_y": -1}, {"_time": 19.308, "_x": -1, "_y": 0}, {"_time": 19.321, "_x": -1, "_y": 1}, {"_time": 19.334, "_x": 0, "_y": 1}, {"_time": 19.347, "_x": 0, "_y": 0}, {"_time": 19.36, "_x": 0, "_y": -1}, {"_time": 19.373, "_x": 1, "_y": -1}, {"_time": 19.385, "_x": 1, "_y": 0}, {"_time": 19.398, "_x": 0, "_y": 0}, {"_time": 19.411, "_x": -1, "_y": 0}, {"_time": 19.424, "_x": -1, "_y": 1}, {"_time": 19.437, "_x": 0, "_y": 1}, {"_time": 19.45, "_x": 1, "_y": 1}, {"_time": 19.462, "_x": 1, "_y": 0}, {"_time": 19.475, "_x": 1, "_y": -1}, {"_time": 19.488, "_x": 0, "_y": -1}, {"_time": 19.501, "_x": 0, "_y": 0}, {"_time": 19.514, "_x": 0, "_y": 1}, {"_time": 19.527, "_x": -1, "_y": 1}, {"_time": 19.54, "_x": -1, "_y": 0}, {"_time": 19.552, "_x": 0, "_y": 0}, {"_time": 19.565, "_x": 1, "_y": 0}, {"_time": 19.578, "_x": 1, "_y": -1}, {"_time": 19.591, "_x": 0, "_y": -1}, {"_time": 19.604, "_x": -1, "_y": -1}, {"_time": 19.617, "_x": -1, "_y": 0}, {"_time": 19.629, "_x": -1, "_y": 1}, {"_time": 19.642, "_x": 0, "_y": 1}, {"_time": 19.655, "_x": 1, "_y": 1}, {"_time": 19.668, "_x": 1, "_y": 0}, {"_time": 19.681, "_x": 0, "_y": 0}, {"_time": 19.694, "_x": -1, "_y": 0}, {"_time": 19.706, "_x": -1, "_y": -1}, {"_time": 19.719, "_x": 0, "_y": -1}, {"_time": 19.732, "_x": 1, "_y": -1}, {"_time": 19.745, "_x": 1, "_y": 0}, {"_time": 19.758, "_x": 0, "_y": 0}, {"_time": 19.771, "_x": -1, "_y": 0}, {"_time": 19.784, "_x": -1, "_y": 1}, {"_time": 19.797, "_x": 0, "_y": 1}, {"_time": 19.81, "_x": 1, "_y": 1}, {"_time": 19.823, "_x": 1, "_y": 0}, {"_time": 19.836, "_x": 1, "_y": -1}, {"_time": 19.849, "_x": 0, "_y": -1}, {"_time": 19.861, "_x": 0, "_y": 0}, {"_time": 19.874, "_x": 0, "_y": 1}, {"_time": 19.887, "_x": -1, "_y": 1}, {"_time": 19.9, "_x": -1, "_y": 0}, {"_time": 19.913, "_x": -1, "_y": -1}, {"_time": 19.926, "_x": 0, "_y": -1}, {"_time": 19.938, "_x": 0, "_y": 0}, {"_time": 19.951, "_x": 0, "_y": 1}, {"_time": 19.964, "_x": 1, "_y": 1}, {"_time": 19.977, "_x": 1, "_y": 0}, {"_time": 19.99, "_x": 0, "_y": 0}, {"_time": 20.003, "_x": -1, "_y": 0}, {"_time": 20.016, "_x": -1, "_y": -1}, {"_time": 20.028, "_x": 0, "_y": -1}, {"_time": 20.041, "_x": 1, "_y": -1}, {"_time": 20.054, "_x": 1, "_y": 0}, {"_time": 20.067, "_x": 1, "_y": 1}, {"_time": 20.08, "_x": 0, "_y": 1}, {"_time": 20.093, "_x": -1, "_y": 1}, {"_time": 20.105, "_x": -1, "_y": 0}, {"_time": 20.118, "_x": 0, "_y": 0}, {"_time": 20.131, "_x": 1, "_y": 0}, {"_time": 20.144, "_x": 1, "_y": -1}, {"_time": 20.157, "_x": 0, "_y": -1}, {"_time": 20.17, "_x": -1, "_y": -1}, {"_time": 20.182, "_x": -1, "_y": 0}, {"_time": 20.195, "_x": 0, "_y": 0}, {"_time": 20.208, "_x": 1, "_y": 0}, {"_time": 20.221, "_x": 1, "_y": 1}, {"_time": 20.234, "_x": 0, "_y": 1}, {"_time": 20.247, "_x": -1, "_y": 1}, {"_time": 20.26, "_x": -1, "_y": 0}, {"_time": 20.272, "_x": -1, "_y": 0}, {"_time": 20.285, "_x": -1, "_y": -1}, {"_time": 20.298, "_x": 0, "_y": -1}, {"_time": 20.311, "_x": 0, "_y": 0}, {"_time": 20.324, "_x": 0, "_y": 1}, {"_time": 20.337, "_x": 1, "_y": 1}, {"_time": 20.349, "_x": 1, "_y": 0}, {"_time": 20.362, "_x": 0, "_y": 0}, {"_time": 20.375, "_x": -1, "_y": 0}, {"_time": 20.388, "_x": -1, "_y": -1}, {"_time": 20.401, "_x": 0, "_y": -1}, {"_time": 20.414, "_x": 1, "_y": -1}, {"_time": 20.427, "_x": 1, "_y": 0}, {"_time": 20.439, "_x": 0, "_y": 0}, {"_time": 20.452, "_x": -1, "_y": 0}, {"_time": 20.465, "_x": -1, "_y": 1}, {"_time": 20.478, "_x": 0, "_y": 1}, {"_time": 20.491, "_x": 1, "_y": 1}, {"_time": 20.504, "_x": 1, "_y": 0}, {"_time": 20.516, "_x": 1, "_y": -1}, {"_time": 20.529, "_x": 0, "_y": -1}, {"_time": 20.542, "_x": 0, "_y": 0}, {"_time": 20.555, "_x": 0, "_y": 1}, {"_time": 20.568, "_x": -1, "_y": 1}, {"_time": 20.581, "_x": -1, "_y": 0}, {"_time": 20.593, "_x": 0, "_y": 0}, {"_time": 20.606, "_x": 1, "_y": 0}, {"_time": 20.619, "_x": 1, "_y": -1}, {"_time": 20.632, "_x": 0, "_y": -1}, {"_time": 20.645, "_x": -1, "_y": -1}, {"_time": 20.658, "_x": -1, "_y": 0}, {"_time": 20.671, "_x": -1, "_y": 1}, {"_time": 20.683, "_x": 0, "_y": 1}, {"_time": 20.696, "_x": 1, "_y": 1}, {"_time": 20.709, "_x": 1, "_y": 0}, {"_time": 20.722, "_x": 1, "_y": -1}, {"_time": 20.735, "_x": 0, "_y": -1}, {"_time": 20.748, "_x": -1, "_y": -1}, {"_time": 20.76, "_x": -1, "_y": 0}, {"_time": 20.773, "_x": 0, "_y": 0}, {"_time": 20.786, "_x": 1, "_y": 0}, {"_time": 20.799, "_x": 1, "_y": 1}, {"_time": 20.812, "_x": 0, "_y": 1}, {"_time": 20.825, "_x": -1, "_y": 1}, {"_time": 20.837, "_x": -1, "_y": 0}, {"_time": 20.85, "_x": -1, "_y": -1}, {"_time": 20.863, "_x": 0, "_y": -1}, {"_time": 20.876, "_x": 1, "_y": -1}, {"_time": 20.889, "_x": 1, "_y": 0}, {"_time": 20.902, "_x": 0, "_y": 0}, {"_time": 20.915, "_x": -1, "_y": 0}, {"_time": 20.927, "_x": -1, "_y": 1}, {"_time": 20.94, "_x": 0, "_y": 1}, {"_time": 20.953, "_x": 1, "_y": 1}, {"_time": 20.966, "_x": 1, "_y": 0}, {"_time": 20.979, "_x": 1, "_y": -1}, {"_time": 20.992, "_x": 0, "_y": -1}, {"_time": 21.004, "_x": 0, "_y": 0}, {"_time": 21.017, "_x": 0, "_y": 1}, {"_time": 21.03, "_x": -1, "_y": 1}, {"_time": 21.043, "_x": -1, "_y": 0}, {"_time": 21.056, "_x": 0, "_y": 0}, {"_time": 21.069, "_x": 1, "_y": 0}, {"_time": 21.081, "_x": 1, "_y": -1}, {"_time": 21.094, "_x": 0, "_y": -1}, {"_time": 21.107, "_x": -1, "_y": -1}, {"_time": 21.12, "_x": -1, "_y": 0}, {"_time": 21.133, "_x": 0, "_y": 0}, {"_time": 21.146, "_x": 1, "_y": 0}, {"_time": 21.159, "_x": 1, "_y": 1}, {"_time": 21.171, "_x": 0, "_y": 1}, {"_time": 21.184, "_x": -1, "_y": 1}, {"_time": 21.197, "_x": -1, "_y": 0}, {"_time": 21.21, "_x": -1, "_y": -1}, {"_time": 21.223, "_x": 0, "_y": -1}, {"_time": 21.236, "_x": 0, "_y": 0}, {"_time": 21.248, "_x": 0, "_y": 1}, {"_time": 21.261, "_x": 1, "_y": 1}, {"_time": 21.274, "_x": 1, "_y": 0}, {"_time": 21.287, "_x": 1, "_y": -1}, {"_time": 21.3, "_x": 0, "_y": -1}, {"_time": 21.313, "_x": -1, "_y": -1}, {"_time": 21.325, "_x": -1, "_y": 0}, {"_time": 21.338, "_x": -1, "_y": 1}, {"_time": 21.351, "_x": 0, "_y": 1}, {"_time": 21.364, "_x": 0, "_y": 0}, {"_time": 21.377, "_x": 0, "_y": -1}, {"_time": 21.39, "_x": 1, "_y": -1}, {"_time": 21.403, "_x": 1, "_y": 0}, {"_time": 21.415, "_x": 1, "_y": 1}, {"_time": 21.428, "_x": 0, "_y": 1}, {"_time": 21.441, "_x": -1, "_y": 1}, {"_time": 21.454, "_x": -1, "_y": 0}, {"_time": 21.467, "_x": -1, "_y": -1}, {"_time": 21.48, "_x": 0, "_y": -1}, {"_time": 21.492, "_x": 1, "_y": -1}, {"_time": 21.505, "_x": 1, "_y": 0}, {"_time": 21.518, "_x": 0, "_y": 0}, {"_time": 21.531, "_x": -1, "_y": 0}, {"_time": 21.544, "_x": -1, "_y": 1}, {"_time": 21.557, "_x": 0, "_y": 1}, {"_time": 21.569, "_x": 1, "_y": 1}, {"_time": 21.582, "_x": 1, "_y": 0}, {"_time": 21.595, "_x": 1, "_y": -1}, {"_time": 21.608, "_x": 0, "_y": -1}, {"_time": 21.621, "_x": 0, "_y": 0}, {"_time": 21.634, "_x": 0, "_y": 1}, {"_time": 21.647, "_x": -1, "_y": 1}, {"_time": 21.659, "_x": -1, "_y": 0}, {"_time": 21.672, "_x": 0, "_y": 0}, {"_time": 21.685, "_x": 1, "_y": 0}, {"_time": 21.698, "_x": 1, "_y": -1}, {"_time": 21.711, "_x": 0, "_y": -1}, {"_time": 21.724, "_x": -1, "_y": -1}, {"_time": 21.736, "_x": -1, "_y": 0}, {"_time": 21.749, "_x": -1, "_y": 1}, {"_time": 21.762, "_x": 0, "_y": 1}, {"_time": 21.775, "_x": 0, "_y": 0}, {"_time": 21.788, "_x": 0, "_y": -1}, {"_time": 21.801, "_x": 1, "_y": -1}, {"_time": 21.813, "_x": 1, "_y": 0}, {"_time": 21.826, "_x": 1, "_y": 1}, {"_time": 21.839, "_x": 0, "_y": 1}, {"_time": 21.852, "_x": -1, "_y": 1}, {"_time": 21.865, "_x": -1, "_y": 0}, {"_time": 21.878, "_x": 0, "_y": 0}, {"_time": 21.891, "_x": 1, "_y": 0}, {"_time": 21.903, "_x": 1, "_y": -1}, {"_time": 21.916, "_x": 0, "_y": -1}, {"_time": 21.929, "_x": -1, "_y": -1}, {"_time": 21.942, "_x": -1, "_y": 0}, {"_time": 21.955, "_x": 0, "_y": 0}, {"_time": 21.968, "_x": 1, "_y": 0}, {"_time": 21.98, "_x": 1, "_y": 1}, {"_time": 21.993, "_x": 0, "_y": 1}, {"_time": 22.006, "_x": -1, "_y": 1}, {"_time": 22.019, "_x": -1, "_y": 0}, {"_time": 22.032, "_x": -1, "_y": -1}, {"_time": 22.045, "_x": 0, "_y": -1}, {"_time": 22.057, "_x": 0, "_y": 0}, {"_time": 22.07, "_x": 0, "_y": 1}, {"_time": 22.083, "_x": 1, "_y": 1}, {"_time": 22.096, "_x": 1, "_y": 0}, {"_time": 22.109, "_x": 1, "_y": -1}, {"_time": 22.122, "_x": 0, "_y": -1}, {"_time": 22.135, "_x": -1, "_y": -1}, {"_time": 22.147, "_x": -1, "_y": 0}, {"_time": 22.16, "_x": 0, "_y": 0}, {"_time": 22.173, "_x": 1, "_y": 0}, {"_time": 22.186, "_x": 1, "_y": 1}, {"_time": 22.199, "_x": 0, "_y": 1}, {"_time": 22.212, "_x": -1, "_y": 1}, {"_time": 22.224, "_x": -1, "_y": 0}, {"_time": 22.237, "_x": -1, "_y": -1}, {"_time": 22.25, "_x": 0, "_y": -1}, {"_time": 22.263, "_x": 0, "_y": 0}, {"_time": 22.276, "_x": 0, "_y": 1}, {"_time": 22.289, "_x": 1, "_y": 1}, {"_time": 22.302, "_x": 1, "_y": 0}, {"_time": 22.314, "_x": 1, "_y": -1}, {"_time": 22.327, "_x": 0, "_y": -1}, {"_time": 22.34, "_x": -1, "_y": -1}, {"_time": 22.353, "_x": -1, "_y": 0}, {"_time": 22.366, "_x": 0, "_y": 0}, {"_time": 22.379, "_x": 1, "_y": 0}, {"_time": 22.391, "_x": 1, "_y": 1}, {"_time": 22.404, "_x": 0, "_y": 1}, {"_time": 22.417, "_x": -1, "_y": 1}, {"_time": 22.43, "_x": -1, "_y": 0}, {"_time": 22.443, "_x": -1, "_y": -1}, {"_time": 22.456, "_x": 0, "_y": -1}, {"_time": 22.468, "_x": 0, "_y": 0}, {"_time": 22.481, "_x": 0, "_y": 1}, {"_time": 22.494, "_x": 1, "_y": 1}, {"_time": 22.507, "_x": 1, "_y": 0}, {"_time": 22.52, "_x": 0, "_y": 0}, {"_time": 22.533, "_x": -1, "_y": 0}, {"_time": 22.546, "_x": -1, "_y": -1}, {"_time": 22.558, "_x": 0, "_y": -1}, {"_time": 22.571, "_x": 1, "_y": -1}, {"_time": 22.584, "_x": 1, "_y": 0}, {"_time": 22.597, "_x": 0, "_y": 0}, {"_time": 22.61, "_x": -1, "_y": 0}, {"_time": 22.623, "_x": -1, "_y": 1}, {"_time": 22.635, "_x": 0, "_y": 1}, {"_time": 22.648, "_x": 1, "_y": 1}, {"_time": 22.661, "_x": 1, "_y": 0}, {"_time": 22.674, "_x": 1, "_y": -1}, {"_time": 22.687, "_x": 0, "_y": -1}, {"_time": 22.7, "_x": 0, "_y": 0}, {"_time": 22.712, "_x": 0, "_y": 1}, {"_time": 22.725, "_x": -1, "_y": 1}, {"_time": 22.738, "_x": -1, "_y": 0}, {"_time": 22.751, "_x": -1, "_y": -1}, {"_time": 22.764, "_x": 0, "_y": -1}, {"_time": 22.777, "_x": 1, "_y": -1}, {"_time": 22.79, "_x": 1, "_y": 0}, {"_time": 22.802, "_x": 0, "_y": 0}, {"_time": 22.815, "_x": -1, "_y": 0}, {"_time": 22.828, "_x": -1, "_y": 1}, {"_time": 22.841, "_x": 0, "_y": 1}, {"_time": 22.854, "_x": 1, "_y": 1}, {"_time": 22.867, "_x": 1, "_y": 0}, {"_time": 22.879, "_x": 1, "_y": -1}, {"_time": 22.892, "_x": 0, "_y": -1}, {"_time": 22.905, "_x": 0, "_y": 0}, {"_time": 22.918, "_x": 0, "_y": 1}, {"_time": 22.931, "_x": -1, "_y": 1}, {"_time": 22.944, "_x": -1, "_y": 0}, {"_time": 22.956, "_x": 0, "_y": 0}, {"_time": 22.969, "_x": 1, "_y": 0}, {"_time": 22.982, "_x": 1, "_y": -1}, {"_time": 22.995, "_x": 0, "_y": -1}, {"_time": 23.008, "_x": -1, "_y": -1}, {"_time": 23.021, "_x": -1, "_y": 0}, {"_time": 23.034, "_x": -1, "_y": 1}, {"_time": 23.046, "_x": 0, "_y": 1}, {"_time": 23.059, "_x": 0, "_y": 0}, {"_time": 23.072, "_x": 0, "_y": -1}, {"_time": 23.085, "_x": 1, "_y": -1}, {"_time": 23.098, "_x": 1, "_y": 0}, {"_time": 23.111, "_x": 0, "_y": 0}, {"_time": 23.123, "_x": -1, "_y": 0}, {"_time": 23.136, "_x": -1, "_y": 1}, {"_time": 23.149, "_x": 0, "_y": 1}, {"_time": 23.162, "_x": 1, "_y": 1}, {"_time": 23.175, "_x": 1, "_y": 0}, {"_time": 23.188, "_x": 1, "_y": -1}, {"_time": 23.2, "_x": 0, "_y": -1}, {"_time": 23.213, "_x": -1, "_y": -1}, {"_time": 23.226, "_x": -1, "_y": 0}, {"_time": 23.239, "_x": -1, "_y": 1}, {"_time": 23.252, "_x": 0, "_y": 1}, {"_time": 23.265, "_x": 1, "_y": 1}, {"_time": 23.278, "_x": 1, "_y": 0}, {"_time": 23.29, "_x": 1, "_y": -1}, {"_time": 23.303, "_x": 0, "_y": -1}, {"_time": 23.316, "_x": 0, "_y": 0}, {"_time": 23.329, "_x": 0, "_y": 1}, {"_time": 23.342, "_x": -1, "_y": 1}, {"_time": 23.355, "_x": -1, "_y": 0}, {"_time": 23.367, "_x": -1, "_y": -1}, {"_time": 23.38, "_x": 0, "_y": -1}, {"_time": 23.393, "_x": 1, "_y": -1}, {"_time": 23.406, "_x": 1, "_y": 0}, {"_time": 23.419, "_x": 0, "_y": 0}, {"_time": 23.432, "_x": -1, "_y": 0}, {"_time": 23.444, "_x": -1, "_y": 1}, {"_time": 23.457, "_x": 0, "_y": 1}, {"_time": 23.47, "_x": 1, "_y": 1}, {"_time": 23.483, "_x": 1, "_y": 0}, {"_time": 23.496, "_x": 1, "_y": -1}, {"_time": 23.509, "_x": 0, "_y": -1}, {"_time": 23.522, "_x": 0, "_y": 0}, {"_time": 23.534, "_x": 0, "_y": 1}, {"_time": 23.547, "_x": -1, "_y": 1}, {"_time": 23.56, "_x": -1, "_y": 0}, {"_time": 23.573, "_x": 0, "_y": 0}, {"_time": 23.586, "_x": 1, "_y": 0}, {"_time": 23.599, "_x": 1, "_y": -1}, {"_time": 23.611, "_x": 0, "_y": -1}, {"_time": 23.624, "_x": -1, "_y": -1}, {"_time": 23.637, "_x": -1, "_y": 0}, {"_time": 23.65, "_x": -1, "_y": 1}, {"_time": 23.663, "_x": 0, "_y": 1}, {"_time": 23.676, "_x": 1, "_y": 1}, {"_time": 23.688, "_x": 1, "_y": 0}, {"_time": 23.701, "_x": 1, "_y": -1}, {"_time": 23.714, "_x": -1, "_y": 0}, {"_time": 23.74, "_x": 1, "_y": 1}, {"_time": 23.766, "_x": 0, "_y": -1}, {"_time": 23.791, "_x": -1, "_y": 1}, {"_time": 23.817, "_x": 1, "_y": 0}, {"_time": 23.843, "_x": -1, "_y": -1}, {"_time": 23.868, "_x": 0, "_y": 1}, {"_time": 23.894, "_x": 1, "_y": -1}, {"_time": 23.92, "_x": -1, "_y": 0}, {"_time": 23.945, "_x": 1, "_y": 1}, {"_time": 23.971, "_x": 0, "_y": -1}, {"_time": 23.997, "_x": -1, "_y": 1}, {"_time": 24.022, "_x": 1, "_y": -1}, {"_time": 24.035, "_x": 1, "_y": -1}, {"_time": 24.048, "_x": -1, "_y": -1}, {"_time": 24.061, "_x": -1, "_y": -1}, {"_time": 24.074, "_x": 1, "_y": -1}, {"_time": 24.087, "_x": 1, "_y": -1}, {"_time": 24.099, "_x": -1, "_y": 0}, {"_time": 24.112, "_x": -1, "_y": 0}, {"_time": 24.125, "_x": 1, "_y": -1}, {"_time": 24.138, "_x": 1, "_y": -1}, {"_time": 24.151, "_x": -1, "_y": 1}, {"_time": 24.164, "_x": -1, "_y": 1}, {"_time": 24.177, "_x": 1, "_y": -1}, {"_time": 24.189, "_x": 1, "_y": -1}, {"_time": 24.202, "_x": 0, "_y": 1}, {"_time": 24.215, "_x": 0, "_y": 1}, {"_time": 24.228, "_x": 1, "_y": -1}, {"_time": 24.241, "_x": 0, "_y": -1}, {"_time": 24.254, "_x": -1, "_y": -1}, {"_time": 24.266, "_x": -1, "_y": 0}, {"_time": 24.279, "_x": 0, "_y": 0}, {"_time": 24.292, "_x": 1, "_y": 0}, {"_time": 24.305, "_x": 1, "_y": 1}, {"_time": 24.318, "_x": 0, "_y": 1}, {"_time": 24.331, "_x": -1, "_y": 1}, {"_time": 24.343, "_x": -1, "_y": 0}, {"_time": 24.356, "_x": -1, "_y": -1}, {"_time": 24.369, "_x": 0, "_y": -1}, {"_time": 24.382, "_x": 0, "_y": 0}, {"_time": 24.395, "_x": 0, "_y": 1}, {"_time": 24.408, "_x": 1, "_y": 1}, {"_time": 24.421, "_x": 1, "_y": 0}, {"_time": 24.433, "_x": 1, "_y": -1}, {"_time": 24.446, "_x": 0, "_y": -1}, {"_time": 24.459, "_x": -1, "_y": -1}, {"_time": 24.472, "_x": -1, "_y": 0}, {"_time": 24.485, "_x": 0, "_y": 0}, {"_time": 24.498, "_x": 1, "_y": 0}, {"_time": 24.51, "_x": 1, "_y": 1}, {"_time": 24.523, "_x": 0, "_y": 1}, {"_time": 24.536, "_x": -1, "_y": 1}, {"_time": 24.549, "_x": -1, "_y": 0}, {"_time": 24.562, "_x": -1, "_y": -1}, {"_time": 24.575, "_x": 0, "_y": -1}, {"_time": 24.587, "_x": 0, "_y": 0}, {"_time": 24.6, "_x": 0, "_y": 1}, {"_time": 24.613, "_x": 1, "_y": 1}, {"_time": 24.626, "_x": 1, "_y": 0}, {"_time": 24.639, "_x": 1, "_y": -1}, {"_time": 24.652, "_x": 0, "_y": -1}, {"_time": 24.665, "_x": -1, "_y": -1}, {"_time": 24.677, "_x": -1, "_y": 0}, {"_time": 24.69, "_x": 0, "_y": 0}, {"_time": 24.703, "_x": 1, "_y": 0}, {"_time": 24.716, "_x": 1, "_y": 1}, {"_time": 24.729, "_x": 0, "_y": 1}, {"_time": 24.742, "_x": -1, "_y": 1}, {"_time": 24.754, "_x": -1, "_y": 0}, {"_time": 24.767, "_x": -1, "_y": -1}, {"_time": 24.78, "_x": 0, "_y": -1}, {"_time": 24.793, "_x": 0, "_y": 0}, {"_time": 24.806, "_x": 0, "_y": 1}, {"_time": 24.819, "_x": 1, "_y": 1}, {"_time": 24.831, "_x": 1, "_y": 0}, {"_time": 24.844, "_x": 0, "_y": 0}, {"_time": 24.857, "_x": -1, "_y": 0}, {"_time": 24.87, "_x": -1, "_y": -1}, {"_time": 24.883, "_x": 0, "_y": -1}, {"_time": 24.896, "_x": 1, "_y": -1}, {"_time": 24.909, "_x": 1, "_y": 0}, {"_time": 24.921, "_x": 1, "_y": 1}, {"_time": 24.934, "_x": 0, "_y": 1}, {"_time": 24.947, "_x": -1, "_y": 1}, {"_time": 24.96, "_x": -1, "_y": 0}, {"_time": 24.973, "_x": -1, "_y": -1}, {"_time": 24.986, "_x": 0, "_y": -1}, {"_time": 24.998, "_x": 0, "_y": 0}, {"_time": 25.011, "_x": 0, "_y": 1}, {"_time": 25.024, "_x": 1, "_y": 1}, {"_time": 25.037, "_x": 1, "_y": 0}, {"_time": 25.05, "_x": 0, "_y": 0}, {"_time": 25.063, "_x": -1, "_y": 0}, {"_time": 25.075, "_x": -1, "_y": -1}, {"_time": 25.088, "_x": 0, "_y": -1}, {"_time": 25.101, "_x": 1, "_y": -1}, {"_time": 25.114, "_x": 1, "_y": 0}, {"_time": 25.127, "_x": 0, "_y": 0}, {"_time": 25.14, "_x": -1, "_y": 0}, {"_time": 25.153, "_x": -1, "_y": 1}, {"_time": 25.165, "_x": 0, "_y": 1}, {"_time": 25.178, "_x": 1, "_y": 1}, {"_time": 25.191, "_x": 1, "_y": 0}, {"_time": 25.204, "_x": 1, "_y": -1}, {"_time": 25.217, "_x": 0, "_y": -1}, {"_time": 25.23, "_x": -1, "_y": -1}, {"_time": 25.242, "_x": -1, "_y": 0}, {"_time": 25.255, "_x": 0, "_y": 0}, {"_time": 25.268, "_x": 1, "_y": 0}, {"_time": 25.281, "_x": 1, "_y": 1}, {"_time": 25.294, "_x": 0, "_y": 1}, {"_time": 25.307, "_x": -1, "_y": 1}, {"_time": 25.319, "_x": -1, "_y": 0}, {"_time": 25.332, "_x": -1, "_y": -1}, {"_time": 25.345, "_x": 0, "_y": -1}, {"_time": 25.358, "_x": 1, "_y": -1}, {"_time": 25.371, "_x": 1, "_y": 0}, {"_time": 25.384, "_x": 1, "_y": 1}, {"_time": 25.397, "_x": 0, "_y": 1}, {"_time": 25.409, "_x": -1, "_y": -1}, {"_time": 25.435, "_x": 1, "_y": -1}, {"_time": 25.448, "_x": 1, "_y": -1}, {"_time": 25.461, "_x": 1, "_y": 1}, {"_time": 25.474, "_x": 1, "_y": 1}, {"_time": 25.486, "_x": -1, "_y": 1}, {"_time": 25.499, "_x": -1, "_y": 1}, {"_time": 25.512, "_x": -1, "_y": -1}, {"_time": 25.525, "_x": -1, "_y": -1}, {"_time": 25.538, "_x": 1, "_y": -1}, {"_time": 25.551, "_x": 1, "_y": -1}, {"_time": 25.563, "_x": 1, "_y": 1}, {"_time": 25.576, "_x": 1, "_y": 1}, {"_time": 25.589, "_x": -1, "_y": 1}, {"_time": 25.602, "_x": -1, "_y": 1}, {"_time": 25.615, "_x": -1, "_y": -1}, {"_time": 25.628, "_x": -1, "_y": -1}, {"_time": 25.641, "_x": 1, "_y": -1}, {"_time": 25.653, "_x": 1, "_y": -1}, {"_time": 25.666, "_x": 1, "_y": 1}, {"_time": 25.679, "_x": 1, "_y": 1}, {"_time": 25.692, "_x": -1, "_y": 1}, {"_time": 25.705, "_x": -1, "_y": 1}, {"_time": 25.718, "_x": -1, "_y": -1}, {"_time": 25.73, "_x": -1, "_y": -1}, {"_time": 25.743, "_x": 1, "_y": -1}, {"_time": 25.756, "_x": 1, "_y": -1}, {"_time": 25.769, "_x": 1, "_y": 1}, {"_time": 25.782, "_x": 1, "_y": 1}, {"_time": 25.795, "_x": -1, "_y": 1}, {"_time": 25.807, "_x": -1, "_y": 1}, {"_time": 25.82, "_x": -1, "_y": -1}, {"_time": 25.833, "_x": 0, "_y": -1}, {"_time": 25.846, "_x": 1, "_y": -1}, {"_time": 25.859, "_x": 1, "_y": 0}, {"_time": 25.872, "_x": 0, "_y": 0}, {"_time": 25.885, "_x": -1, "_y": 0}, {"_time": 25.897, "_x": -1, "_y": 1}, {"_time": 25.91, "_x": 0, "_y": 1}, {"_time": 25.923, "_x": 1, "_y": 1}, {"_time": 25.936, "_x": 1, "_y": 0}, {"_time": 25.949, "_x": 1, "_y": -1}, {"_time": 25.962, "_x": 0, "_y": -1}, {"_time": 25.974, "_x": 0, "_y": 0}, {"_time": 25.987, "_x": 0, "_y": 1}, {"_time": 26, "_x": -1, "_y": 1}, {"_time": 26.013, "_x": -1, "_y": 0}, {"_time": 26.026, "_x": 0, "_y": 0}, {"_time": 26.039, "_x": 1, "_y": 0}, {"_time": 26.052, "_x": 1, "_y": -1}, {"_time": 26.064, "_x": 0, "_y": -1}, {"_time": 26.077, "_x": -1, "_y": -1}, {"_time": 26.09, "_x": -1, "_y": 0}, {"_time": 26.103, "_x": -1, "_y": 1}, {"_time": 26.116, "_x": 0, "_y": 1}, {"_time": 26.129, "_x": 1, "_y": 1}, {"_time": 26.141, "_x": 1, "_y": 0}, {"_time": 26.154, "_x": 1, "_y": -1}, {"_time": 26.167, "_x": 0, "_y": -1}, {"_time": 26.18, "_x": 0, "_y": 0}, {"_time": 26.193, "_x": 0, "_y": 1}, {"_time": 26.206, "_x": -1, "_y": 1}, {"_time": 26.218, "_x": -1, "_y": 0}, {"_time": 26.231, "_x": 0, "_y": 0}, {"_time": 26.244, "_x": 1, "_y": 0}, {"_time": 26.257, "_x": 1, "_y": -1}, {"_time": 26.27, "_x": 0, "_y": -1}, {"_time": 26.283, "_x": -1, "_y": -1}, {"_time": 26.296, "_x": -1, "_y": 0}, {"_time": 26.308, "_x": -1, "_y": 1}, {"_time": 26.321, "_x": 0, "_y": 1}, {"_time": 26.334, "_x": 1, "_y": 1}, {"_time": 26.347, "_x": 1, "_y": 0}, {"_time": 26.36, "_x": 0, "_y": 0}, {"_time": 26.373, "_x": -1, "_y": 0}, {"_time": 26.385, "_x": -1, "_y": -1}, {"_time": 26.398, "_x": 0, "_y": -1}, {"_time": 26.411, "_x": 1, "_y": -1}, {"_time": 26.424, "_x": 1, "_y": 0}, {"_time": 26.437, "_x": 1, "_y": 1}, {"_time": 26.45, "_x": 0, "_y": 1}, {"_time": 26.462, "_x": -1, "_y": 1}, {"_time": 26.475, "_x": -1, "_y": 0}, {"_time": 26.488, "_x": -1, "_y": -1}, {"_time": 26.501, "_x": 0, "_y": -1}, {"_time": 26.514, "_x": 0, "_y": 0}, {"_time": 26.527, "_x": 0, "_y": 1}, {"_time": 26.54, "_x": 1, "_y": 1}, {"_time": 26.552, "_x": 1, "_y": 0}, {"_time": 26.565, "_x": 1, "_y": -1}, {"_time": 26.578, "_x": 0, "_y": -1}, {"_time": 26.591, "_x": -1, "_y": -1}, {"_time": 26.604, "_x": -1, "_y": 0}, {"_time": 26.617, "_x": 0, "_y": 0}, {"_time": 26.629, "_x": 1, "_y": 0}, {"_time": 26.642, "_x": 1, "_y": 1}, {"_time": 26.655, "_x": 0, "_y": 1}, {"_time": 26.668, "_x": -1, "_y": 1}, {"_time": 26.681, "_x": -1, "_y": 0}, {"_time": 26.694, "_x": -1, "_y": -1}, {"_time": 26.706, "_x": 0, "_y": -1}, {"_time": 26.719, "_x": 1, "_y": -1}, {"_time": 26.732, "_x": 1, "_y": 0}, {"_time": 26.745, "_x": 0, "_y": 0}, {"_time": 26.758, "_x": -1, "_y": 0}, {"_time": 26.771, "_x": -1, "_y": 1}, {"_time": 26.784, "_x": 0, "_y": 1}, {"_time": 26.796, "_x": 1, "_y": 1}, {"_time": 26.809, "_x": 1, "_y": 0}, {"_time": 26.822, "_x": 1, "_y": -1}, {"_time": 26.835, "_x": 0, "_y": -1}, {"_time": 26.848, "_x": 0, "_y": 0}, {"_time": 26.861, "_x": 0, "_y": 1}, {"_time": 26.873, "_x": -1, "_y": 1}, {"_time": 26.886, "_x": -1, "_y": 0}, {"_time": 26.899, "_x": -1, "_y": -1}, {"_time": 26.912, "_x": 0, "_y": -1}, {"_time": 26.925, "_x": 1, "_y": 0}, {"_time": 26.938, "_x": 0, "_y": 0}, {"_time": 26.95, "_x": -1, "_y": 0}, {"_time": 26.963, "_x": -1, "_y": 1}, {"_time": 26.976, "_x": 0, "_y": 1}, {"_time": 26.989, "_x": 1, "_y": 1}, {"_time": 27.002, "_x": 1, "_y": 0}, {"_time": 27.015, "_x": 1, "_y": -1}, {"_time": 27.028, "_x": 0, "_y": -1}, {"_time": 27.04, "_x": -1, "_y": -1}, {"_time": 27.053, "_x": -1, "_y": 0}, {"_time": 27.066, "_x": 0, "_y": 0}, {"_time": 27.079, "_x": 1, "_y": 0}, {"_time": 27.092, "_x": 1, "_y": 1}, {"_time": 27.105, "_x": 0, "_y": 1}, {"_time": 27.117, "_x": -1, "_y": 1}, {"_time": 27.13, "_x": -1, "_y": 0}, {"_time": 27.143, "_x": -1, "_y": -1}, {"_time": 27.156, "_x": 0, "_y": -1}, {"_time": 27.169, "_x": 0, "_y": 0}, {"_time": 27.182, "_x": 0, "_y": 1}, {"_time": 27.194, "_x": 1, "_y": 1}, {"_time": 27.207, "_x": 1, "_y": 0}, {"_time": 27.22, "_x": 1, "_y": -1}, {"_time": 27.233, "_x": 0, "_y": -1}, {"_time": 27.246, "_x": -1, "_y": -1}, {"_time": 27.259, "_x": -1, "_y": 0}, {"_time": 27.272, "_x": -1, "_y": 1}, {"_time": 27.284, "_x": 0, "_y": 1}, {"_time": 27.297, "_x": 0, "_y": 0}, {"_time": 27.31, "_x": 0, "_y": -1}, {"_time": 27.323, "_x": 1, "_y": -1}, {"_time": 27.336, "_x": 1, "_y": 0}, {"_time": 27.349, "_x": 0, "_y": 0}, {"_time": 27.361, "_x": -1, "_y": 0}, {"_time": 27.374, "_x": -1, "_y": 1}, {"_time": 27.387, "_x": 0, "_y": 1}, {"_time": 27.4, "_x": 1, "_y": 1}, {"_time": 27.413, "_x": 1, "_y": 0}, {"_time": 27.426, "_x": 1, "_y": -1}, {"_time": 27.438, "_x": 0, "_y": -1}, {"_time": 27.451, "_x": -1, "_y": -1}, {"_time": 27.464, "_x": -1, "_y": 0}, {"_time": 27.477, "_x": -1, "_y": 1}, {"_time": 27.49, "_x": 0, "_y": 1}, {"_time": 27.503, "_x": 0, "_y": 0}, {"_time": 27.516, "_x": 0, "_y": -1}, {"_time": 27.528, "_x": 1, "_y": -1}, {"_time": 27.541, "_x": 1, "_y": 0}, {"_time": 27.554, "_x": 0, "_y": 0}, {"_time": 27.567, "_x": -1, "_y": 0}, {"_time": 27.58, "_x": -1, "_y": 1}, {"_time": 27.593, "_x": 0, "_y": 1}, {"_time": 27.605, "_x": 1, "_y": 1}, {"_time": 27.618, "_x": 1, "_y": 0}, {"_time": 27.631, "_x": 1, "_y": -1}, {"_time": 27.644, "_x": 0, "_y": -1}, {"_time": 27.657, "_x": -1, "_y": -1}, {"_time": 27.67, "_x": -1, "_y": 0}, {"_time": 27.682, "_x": 0, "_y": 0}, {"_time": 27.695, "_x": 1, "_y": 0}, {"_time": 27.708, "_x": 1, "_y": 1}, {"_time": 27.721, "_x": 0, "_y": 1}, {"_time": 27.734, "_x": -1, "_y": 1}, {"_time": 27.747, "_x": -1, "_y": 0}, {"_time": 27.76, "_x": -1, "_y": -1}, {"_time": 27.772, "_x": 0, "_y": -1}, {"_time": 27.785, "_x": 0, "_y": 0}, {"_time": 27.798, "_x": 0, "_y": 1}, {"_time": 27.811, "_x": 1, "_y": 1}, {"_time": 27.824, "_x": 1, "_y": 0}, {"_time": 27.837, "_x": 0, "_y": 0}, {"_time": 27.849, "_x": -1, "_y": 0}, {"_time": 27.862, "_x": -1, "_y": -1}, {"_time": 27.875, "_x": 0, "_y": -1}, {"_time": 27.888, "_x": 1, "_y": -1}, {"_time": 27.901, "_x": 1, "_y": 0}, {"_time": 27.914, "_x": 0, "_y": 0}, {"_time": 27.927, "_x": -1, "_y": 0}, {"_time": 27.939, "_x": -1, "_y": 1}, {"_time": 27.952, "_x": 0, "_y": 1}, {"_time": 27.965, "_x": 1, "_y": 1}, {"_time": 27.978, "_x": 1, "_y": 0}, {"_time": 27.991, "_x": 1, "_y": -1}, {"_time": 28.004, "_x": 0, "_y": -1}, {"_time": 28.016, "_x": 0, "_y": 0}, {"_time": 28.029, "_x": 0, "_y": 1}, {"_time": 28.042, "_x": -1, "_y": 1}, {"_time": 28.055, "_x": -1, "_y": 0}, {"_time": 28.068, "_x": 0, "_y": 0}, {"_time": 28.081, "_x": 1, "_y": 0}, {"_time": 28.093, "_x": 1, "_y": -1}, {"_time": 28.106, "_x": 0, "_y": -1}, {"_time": 28.119, "_x": -1, "_y": 0}, {"_time": 28.132, "_x": -1, "_y": 1}, {"_time": 28.145, "_x": 0, "_y": 1}, {"_time": 28.158, "_x": 0, "_y": 0}, {"_time": 28.17, "_x": 0, "_y": -1}, {"_time": 28.183, "_x": 1, "_y": -1}, {"_time": 28.196, "_x": 1, "_y": 0}, {"_time": 28.209, "_x": 0, "_y": 0}, {"_time": 28.222, "_x": -1, "_y": 0}, {"_time": 28.235, "_x": -1, "_y": 1}, {"_time": 28.247, "_x": 0, "_y": 1}, {"_time": 28.26, "_x": 1, "_y": 1}, {"_time": 28.273, "_x": 1, "_y": 0}, {"_time": 28.286, "_x": 1, "_y": -1}, {"_time": 28.299, "_x": 0, "_y": -1}, {"_time": 28.312, "_x": 0, "_y": 0}, {"_time": 28.324, "_x": 0, "_y": 1}, {"_time": 28.337, "_x": -1, "_y": 1}, {"_time": 28.35, "_x": -1, "_y": 0}, {"_time": 28.363, "_x": 0, "_y": 0}, {"_time": 28.376, "_x": 1, "_y": 0}, {"_time": 28.389, "_x": 1, "_y": -1}, {"_time": 28.402, "_x": 0, "_y": -1}, {"_time": 28.414, "_x": -1, "_y": -1}, {"_time": 28.427, "_x": -1, "_y": 0}, {"_time": 28.44, "_x": -1, "_y": 1}, {"_time": 28.453, "_x": 0, "_y": 1}, {"_time": 28.466, "_x": 0, "_y": 0}, {"_time": 28.479, "_x": 0, "_y": -1}, {"_time": 28.491, "_x": 1, "_y": -1}, {"_time": 28.504, "_x": 1, "_y": 0}, {"_time": 28.517, "_x": 0, "_y": 0}, {"_time": 28.53, "_x": -1, "_y": 0}, {"_time": 28.543, "_x": -1, "_y": 1}, {"_time": 28.556, "_x": 0, "_y": 1}, {"_time": 28.568, "_x": 1, "_y": 1}, {"_time": 28.581, "_x": 1, "_y": 0}, {"_time": 28.594, "_x": 1, "_y": -1}, {"_time": 28.607, "_x": 0, "_y": -1}, {"_time": 28.62, "_x": 0, "_y": 0}, {"_time": 28.633, "_x": 0, "_y": 1}, {"_time": 28.646, "_x": -1, "_y": 1}, {"_time": 28.658, "_x": -1, "_y": 0}, {"_time": 28.671, "_x": -1, "_y": -1}, {"_time": 28.684, "_x": 0, "_y": -1}, {"_time": 28.697, "_x": 0, "_y": 0}, {"_time": 28.71, "_x": 0, "_y": 1}, {"_time": 28.723, "_x": 1, "_y": 1}, {"_time": 28.735, "_x": 1, "_y": 0}, {"_time": 28.748, "_x": 1, "_y": -1}, {"_time": 28.761, "_x": 0, "_y": -1}, {"_time": 28.774, "_x": -1, "_y": -1}, {"_time": 28.787, "_x": -1, "_y": 0}, {"_time": 28.8, "_x": 0, "_y": 0}, {"_time": 28.812, "_x": 1, "_y": 0}, {"_time": 28.825, "_x": 1, "_y": 1}, {"_time": 28.838, "_x": 0, "_y": 1}, {"_time": 28.851, "_x": -1, "_y": 1}, {"_time": 28.864, "_x": -1, "_y": 0}, {"_time": 28.877, "_x": -1, "_y": -1}, {"_time": 28.89, "_x": 0, "_y": -1}, {"_time": 28.903, "_x": 1, "_y": -1}, {"_time": 28.915, "_x": 1, "_y": 0}, {"_time": 28.928, "_x": 0, "_y": 0}, {"_time": 28.941, "_x": -1, "_y": 0}, {"_time": 28.954, "_x": -1, "_y": 1}, {"_time": 28.967, "_x": 0, "_y": 1}, {"_time": 28.98, "_x": 1, "_y": 1}, {"_time": 28.992, "_x": 1, "_y": 0}, {"_time": 29.005, "_x": 1, "_y": -1}, {"_time": 29.018, "_x": 0, "_y": -1}, {"_time": 29.031, "_x": -1, "_y": -1}, {"_time": 29.044, "_x": -1, "_y": 0}, {"_time": 29.057, "_x": 0, "_y": 0}, {"_time": 29.069, "_x": 1, "_y": 0}, {"_time": 29.082, "_x": 1, "_y": 1}, {"_time": 29.095, "_x": 0, "_y": 1}, {"_time": 29.108, "_x": -1, "_y": 1}, {"_time": 29.121, "_x": -1, "_y": 0}, {"_time": 29.134, "_x": -1, "_y": -1}, {"_time": 29.147, "_x": 0, "_y": -1}, {"_time": 29.159, "_x": 0, "_y": 0}, {"_time": 29.172, "_x": 0, "_y": 1}, {"_time": 29.185, "_x": 1, "_y": 1}, {"_time": 29.198, "_x": 1, "_y": 0}, {"_time": 29.211, "_x": 0, "_y": 0}, {"_time": 29.224, "_x": -1, "_y": 0}, {"_time": 29.236, "_x": -1, "_y": -1}, {"_time": 29.249, "_x": 0, "_y": -1}, {"_time": 29.262, "_x": 1, "_y": -1}, {"_time": 29.275, "_x": 1, "_y": 0}, {"_time": 29.288, "_x": 0, "_y": 0}, {"_time": 29.301, "_x": -1, "_y": 0}, {"_time": 29.313, "_x": -1, "_y": 1}, {"_time": 29.326, "_x": 0, "_y": 1}, {"_time": 29.339, "_x": 1, "_y": 1}, {"_time": 29.352, "_x": 1, "_y": 0}, {"_time": 29.365, "_x": 1, "_y": -1}, {"_time": 29.378, "_x": 0, "_y": -1}, {"_time": 29.391, "_x": -1, "_y": -1}, {"_time": 29.403, "_x": -1, "_y": 0}, {"_time": 29.416, "_x": 0, "_y": 0}, {"_time": 29.429, "_x": 1, "_y": 0}, {"_time": 29.442, "_x": 1, "_y": 1}, {"_time": 29.455, "_x": 0, "_y": 1}, {"_time": 29.468, "_x": -1, "_y": 1}, {"_time": 29.48, "_x": -1, "_y": 0}, {"_time": 29.493, "_x": -1, "_y": -1}, {"_time": 29.506, "_x": 0, "_y": -1}, {"_time": 29.519, "_x": 0, "_y": 0}, {"_time": 29.532, "_x": 0, "_y": 1}, {"_time": 29.545, "_x": 1, "_y": 1}, {"_time": 29.557, "_x": 1, "_y": 0}, {"_time": 29.57, "_x": 0, "_y": 0}, {"_time": 29.583, "_x": -1, "_y": 0}, {"_time": 29.596, "_x": -1, "_y": -1}, {"_time": 29.609, "_x": 0, "_y": -1}, {"_time": 29.622, "_x": 1, "_y": -1}, {"_time": 29.635, "_x": 1, "_y": 0}, {"_time": 29.647, "_x": 0, "_y": 0}, {"_time": 29.66, "_x": -1, "_y": 0}, {"_time": 29.673, "_x": -1, "_y": 1}, {"_time": 29.686, "_x": 0, "_y": 1}, {"_time": 29.699, "_x": 1, "_y": 1}, {"_time": 29.712, "_x": 1, "_y": 0}, {"_time": 29.724, "_x": 1, "_y": -1}, {"_time": 29.737, "_x": 0, "_y": -1}, {"_time": 29.75, "_x": 0, "_y": 0}, {"_time": 29.763, "_x": 0, "_y": 1}, {"_time": 29.776, "_x": -1, "_y": 1}, {"_time": 29.789, "_x": -1, "_y": 0}, {"_time": 29.802, "_x": 0, "_y": 0}, {"_time": 29.814, "_x": 1, "_y": 0}, {"_time": 29.827, "_x": 1, "_y": -1}, {"_time": 29.84, "_x": 0, "_y": -1}, {"_time": 29.853, "_x": -1, "_y": -1}, {"_time": 29.866, "_x": -1, "_y": 0}, {"_time": 29.879, "_x": 0, "_y": 0}, {"_time": 29.891, "_x": 1, "_y": 0}, {"_time": 29.904, "_x": 1, "_y": 1}, {"_time": 29.917, "_x": 0, "_y": 1}, {"_time": 29.93, "_x": -1, "_y": 1}, {"_time": 29.943, "_x": -1, "_y": 0}, {"_time": 29.956, "_x": -1, "_y": -1}, {"_time": 29.968, "_x": 0, "_y": -1}, {"_time": 29.981, "_x": 0, "_y": 0}, {"_time": 29.994, "_x": 0, "_y": 1}, {"_time": 30.007, "_x": 1, "_y": 1}, {"_time": 30.02, "_x": 1, "_y": 0}, {"_time": 30.033, "_x": 0, "_y": 0}, {"_time": 30.046, "_x": -1, "_y": 0}, {"_time": 30.058, "_x": -1, "_y": -1}, {"_time": 30.071, "_x": 0, "_y": -1}, {"_time": 30.084, "_x": 1, "_y": -1}, {"_time": 30.097, "_x": 1, "_y": 0}, {"_time": 30.11, "_x": 1, "_y": 1}, {"_time": 30.123, "_x": 0, "_y": 1}, {"_time": 30.135, "_x": -1, "_y": 1}, {"_time": 30.148, "_x": -1, "_y": 0}, {"_time": 30.161, "_x": -1, "_y": -1}, {"_time": 30.174, "_x": 0, "_y": -1}, {"_time": 30.187, "_x": 1, "_y": 1}, {"_time": 30.2, "_x": 0, "_y": 1}, {"_time": 30.212, "_x": -1, "_y": 1}, {"_time": 30.238, "_x": -1, "_y": 0}, {"_time": 30.264, "_x": 1, "_y": -1}, {"_time": 30.29, "_x": 0, "_y": 1}, {"_time": 30.316, "_x": -1, "_y": -1}, {"_time": 30.341, "_x": 1, "_y": 0}, {"_time": 30.367, "_x": -1, "_y": 1}, {"_time": 30.393, "_x": 0, "_y": -1}, {"_time": 30.418, "_x": 1, "_y": 1}, {"_time": 30.444, "_x": -1, "_y": 0}, {"_time": 30.47, "_x": 1, "_y": -1}, {"_time": 30.495, "_x": 0, "_y": 1}, {"_time": 30.521, "_x": -1, "_y": -1}, {"_time": 30.546, "_x": 1, "_y": 0}, {"_time": 30.572, "_x": -1, "_y": 1}, {"_time": 30.598, "_x": 0, "_y": -1}, {"_time": 30.623, "_x": 1, "_y": 1}, {"_time": 30.649, "_x": -1, "_y": 0}, {"_time": 30.675, "_x": 1, "_y": -1}, {"_time": 30.7, "_x": 0, "_y": 1}, {"_time": 30.726, "_x": -1, "_y": -1}, {"_time": 30.752, "_x": 1, "_y": 0}, {"_time": 30.778, "_x": -1, "_y": 1}, {"_time": 30.803, "_x": -1, "_y": -1}, {"_time": 30.829, "_x": 1, "_y": -1}, {"_time": 30.855, "_x": 1, "_y": 1}, {"_time": 30.88, "_x": -1, "_y": 1}, {"_time": 30.906, "_x": -1, "_y": -1}, {"_time": 30.932, "_x": 1.3, "_y": -1.25}, {"_time": 30.957, "_x": 1.3, "_y": 1.3}, {"_time": 30.983, "_x": -1.25, "_y": 1.3}, {"_time": 31.009, "_x": -1.25, "_y": -1.25}, {"_time": 31.034, "_x": 1.3, "_y": -1.25}, {"_time": 31.06, "_x": 1.3, "_y": 1.3}, {"_time": 31.086, "_x": -1.25, "_y": 1.3}, {"_time": 31.111, "_x": -1.4, "_y": -1.4}, {"_time": 31.137, "_x": 1.45, "_y": -1.4}, {"_time": 31.163, "_x": 1.45, "_y": 1.45}, {"_time": 31.188, "_x": -1.4, "_y": 1.45}, {"_time": 31.214, "_x": -1, "_y": -1}, {"_time": 31.227, "_x": 0, "_y": -1}, {"_time": 31.24, "_x": 1, "_y": -1}, {"_time": 31.253, "_x": 1, "_y": 0}, {"_time": 31.266, "_x": 1, "_y": 1}, {"_time": 31.278, "_x": 0, "_y": 1}, {"_time": 31.291, "_x": -1, "_y": 1}, {"_time": 31.304, "_x": -1, "_y": 0}, {"_time": 31.317, "_x": -1, "_y": -1}, {"_time": 31.33, "_x": 0, "_y": -1}, {"_time": 31.343, "_x": 0, "_y": 0}, {"_time": 31.355, "_x": 0, "_y": 1}, {"_time": 31.368, "_x": 1, "_y": 1}, {"_time": 31.381, "_x": 1, "_y": 0}, {"_time": 31.394, "_x": 0, "_y": 0}, {"_time": 31.407, "_x": -1, "_y": 0}, {"_time": 31.42, "_x": -1, "_y": -1}, {"_time": 31.432, "_x": 0, "_y": -1}, {"_time": 31.445, "_x": 1, "_y": -1}, {"_time": 31.458, "_x": 1, "_y": 0}, {"_time": 31.471, "_x": 0, "_y": 0}, {"_time": 31.484, "_x": -1, "_y": 0}, {"_time": 31.497, "_x": -1, "_y": 1}, {"_time": 31.51, "_x": 0, "_y": 1}, {"_time": 31.522, "_x": 1, "_y": 1}, {"_time": 31.535, "_x": 1, "_y": 0}, {"_time": 31.548, "_x": 1, "_y": -1}, {"_time": 31.561, "_x": 0, "_y": -1}, {"_time": 31.574, "_x": -1, "_y": -1}, {"_time": 31.587, "_x": -1, "_y": 0}, {"_time": 31.599, "_x": -1, "_y": 1}, {"_time": 31.612, "_x": 0, "_y": 1}, {"_time": 31.625, "_x": 0, "_y": 0}, {"_time": 31.638, "_x": 0, "_y": -1}, {"_time": 31.651, "_x": 1, "_y": -1}, {"_time": 31.664, "_x": 1, "_y": 0}, {"_time": 31.677, "_x": 1, "_y": 1}, {"_time": 31.689, "_x": 0, "_y": 1}, {"_time": 31.702, "_x": -1, "_y": 1}, {"_time": 31.715, "_x": -1, "_y": 0}, {"_time": 31.728, "_x": -1, "_y": -1}, {"_time": 31.741, "_x": 0, "_y": -1}, {"_time": 31.754, "_x": 1, "_y": -1}, {"_time": 31.766, "_x": 1, "_y": 0}, {"_time": 31.779, "_x": 0, "_y": 0}, {"_time": 31.792, "_x": -1, "_y": 0}, {"_time": 31.805, "_x": -1, "_y": 1}, {"_time": 31.818, "_x": 0, "_y": 1}, {"_time": 31.831, "_x": 1, "_y": 1}, {"_time": 31.843, "_x": 1, "_y": 0}, {"_time": 31.856, "_x": 1, "_y": -1}, {"_time": 31.869, "_x": 0, "_y": -1}, {"_time": 31.882, "_x": 0, "_y": 0}, {"_time": 31.895, "_x": 0, "_y": 1}, {"_time": 31.908, "_x": -1, "_y": 1}, {"_time": 31.92, "_x": -1, "_y": 0}, {"_time": 31.933, "_x": 0, "_y": 0}, {"_time": 31.946, "_x": 1, "_y": 0}, {"_time": 31.959, "_x": 1, "_y": -1}, {"_time": 31.972, "_x": 0, "_y": -1}, {"_time": 31.985, "_x": -1, "_y": -1}, {"_time": 31.998, "_x": -1, "_y": 0}, {"_time": 32.01, "_x": -1, "_y": 1}, {"_time": 32.023, "_x": 0, "_y": 1}, {"_time": 32.036, "_x": 0, "_y": 0}, {"_time": 32.049, "_x": 0, "_y": -1}, {"_time": 32.062, "_x": 1, "_y": -1}, {"_time": 32.075, "_x": 1, "_y": 0}, {"_time": 32.087, "_x": 0, "_y": 0}, {"_time": 32.1, "_x": -1, "_y": 0}, {"_time": 32.113, "_x": -1, "_y": 1}, {"_time": 32.126, "_x": 0, "_y": 1}, {"_time": 32.139, "_x": 1, "_y": 1}, {"_time": 32.152, "_x": 1, "_y": 0}, {"_time": 32.164, "_x": 1, "_y": -1}, {"_time": 32.177, "_x": 0, "_y": -1}, {"_time": 32.19, "_x": -1, "_y": -1}, {"_time": 32.203, "_x": -1, "_y": 0}, {"_time": 32.216, "_x": 0, "_y": 0}, {"_time": 32.229, "_x": 1, "_y": 0}, {"_time": 32.242, "_x": 1, "_y": 1}, {"_time": 32.254, "_x": 0, "_y": 1}, {"_time": 32.267, "_x": -1, "_y": 1}, {"_time": 32.28, "_x": -1, "_y": 0}, {"_time": 32.293, "_x": -1, "_y": -1}, {"_time": 32.306, "_x": 0, "_y": -1}, {"_time": 32.319, "_x": 1, "_y": -1}, {"_time": 32.331, "_x": 1, "_y": 0}, {"_time": 32.344, "_x": 0, "_y": 0}, {"_time": 32.357, "_x": -1, "_y": 0}, {"_time": 32.37, "_x": -1, "_y": 1}, {"_time": 32.383, "_x": 0, "_y": 1}, {"_time": 32.396, "_x": 1, "_y": 1}, {"_time": 32.408, "_x": 1, "_y": 0}, {"_time": 32.421, "_x": 1, "_y": -1}, {"_time": 32.434, "_x": 0, "_y": -1}, {"_time": 32.447, "_x": -1, "_y": -1}, {"_time": 32.46, "_x": -1, "_y": 0}, {"_time": 32.473, "_x": 0, "_y": 0}, {"_time": 32.486, "_x": 1, "_y": 0}, {"_time": 32.498, "_x": 1, "_y": 1}, {"_time": 32.511, "_x": 0, "_y": 1}, {"_time": 32.524, "_x": -1, "_y": 1}, {"_time": 32.537, "_x": -1, "_y": 0}, {"_time": 32.55, "_x": -1, "_y": -1}, {"_time": 32.563, "_x": 0, "_y": -1}, {"_time": 32.575, "_x": 0, "_y": 0}, {"_time": 32.588, "_x": 0, "_y": 1}, {"_time": 32.601, "_x": 1, "_y": 1}, {"_time": 32.614, "_x": 1, "_y": 0}, {"_time": 32.627, "_x": 0, "_y": 0}, {"_time": 32.64, "_x": -1, "_y": 0}, {"_time": 32.652, "_x": -1, "_y": -1}, {"_time": 32.665, "_x": 0, "_y": -1}, {"_time": 32.678, "_x": 1, "_y": -1}, {"_time": 32.691, "_x": 1, "_y": 0}, {"_time": 32.704, "_x": 0, "_y": 0}, {"_time": 32.717, "_x": -1, "_y": 0}, {"_time": 32.73, "_x": -1, "_y": 1}, {"_time": 32.742, "_x": 0, "_y": 1}, {"_time": 32.755, "_x": 1, "_y": 1}, {"_time": 32.768, "_x": 1, "_y": 0}, {"_time": 32.781, "_x": 1, "_y": -1}, {"_time": 32.794, "_x": 0, "_y": -1}, {"_time": 32.807, "_x": 0, "_y": 0}, {"_time": 32.819, "_x": 0, "_y": 1}, {"_time": 32.832, "_x": -1, "_y": 1}, {"_time": 32.845, "_x": -1, "_y": 0}, {"_time": 32.858, "_x": -1, "_y": 0}, {"_time": 32.871, "_x": -1, "_y": -1}, {"_time": 32.884, "_x": 0, "_y": -1}, {"_time": 32.896, "_x": 1, "_y": -1}, {"_time": 32.909, "_x": 1, "_y": 0}, {"_time": 32.922, "_x": 1, "_y": 1}, {"_time": 32.935, "_x": 0, "_y": 1}, {"_time": 32.948, "_x": 0, "_y": 0}, {"_time": 32.961, "_x": 0, "_y": -1}, {"_time": 32.974, "_x": -1, "_y": -1}, {"_time": 32.986, "_x": -1, "_y": 0}, {"_time": 32.999, "_x": 0, "_y": 0}, {"_time": 33.012, "_x": 1, "_y": 0}, {"_time": 33.025, "_x": 1, "_y": 1}, {"_time": 33.038, "_x": 0, "_y": 1}, {"_time": 33.051, "_x": -1, "_y": 1}, {"_time": 33.063, "_x": -1, "_y": 0}, {"_time": 33.076, "_x": -1, "_y": -1}, {"_time": 33.089, "_x": 0, "_y": -1}, {"_time": 33.102, "_x": 1, "_y": -1}, {"_time": 33.115, "_x": 1, "_y": 0}, {"_time": 33.128, "_x": 0, "_y": 0}, {"_time": 33.14, "_x": -1, "_y": 0}, {"_time": 33.153, "_x": -1, "_y": 1}, {"_time": 33.166, "_x": 0, "_y": 1}, {"_time": 33.179, "_x": 1, "_y": 1}, {"_time": 33.192, "_x": 1, "_y": 0}, {"_time": 33.205, "_x": 1, "_y": -1}, {"_time": 33.218, "_x": 0, "_y": -1}, {"_time": 33.23, "_x": 0, "_y": 0}, {"_time": 33.243, "_x": 0, "_y": 1}, {"_time": 33.256, "_x": -1, "_y": 1}, {"_time": 33.269, "_x": -1, "_y": 0}, {"_time": 33.282, "_x": -1, "_y": -1}, {"_time": 33.295, "_x": 0, "_y": -1}, {"_time": 33.307, "_x": 1, "_y": -1}, {"_time": 33.32, "_x": 1, "_y": 0}, {"_time": 33.333, "_x": 0, "_y": 0}, {"_time": 33.346, "_x": -1, "_y": 0}, {"_time": 33.359, "_x": -1, "_y": 1}, {"_time": 33.372, "_x": 0, "_y": 1}, {"_time": 33.384, "_x": 1, "_y": 1}, {"_time": 33.397, "_x": 1, "_y": 0}, {"_time": 33.41, "_x": 1, "_y": -1}, {"_time": 33.423, "_x": 0, "_y": -1}, {"_time": 33.436, "_x": -1, "_y": -1}, {"_time": 33.449, "_x": -1, "_y": 0}, {"_time": 33.462, "_x": 0, "_y": 0}, {"_time": 33.474, "_x": 1, "_y": 0}, {"_time": 33.487, "_x": 1, "_y": 1}, {"_time": 33.5, "_x": 0, "_y": 1}, {"_time": 33.513, "_x": -1, "_y": 1}, {"_time": 33.526, "_x": -1, "_y": 0}, {"_time": 33.539, "_x": -1, "_y": -1}, {"_time": 33.551, "_x": 0, "_y": -1}, {"_time": 33.564, "_x": 0, "_y": 0}, {"_time": 33.577, "_x": 0, "_y": 1}, {"_time": 33.59, "_x": 1, "_y": 1}, {"_time": 33.603, "_x": 1, "_y": 0}, {"_time": 33.616, "_x": 0, "_y": 0}, {"_time": 33.629, "_x": -1, "_y": 0}, {"_time": 33.641, "_x": -1, "_y": -1}, {"_time": 33.654, "_x": 0, "_y": -1}, {"_time": 33.667, "_x": 1, "_y": -1}, {"_time": 33.68, "_x": 1, "_y": 0}, {"_time": 33.693, "_x": 1, "_y": 1}, {"_time": 33.706, "_x": 0, "_y": 1}, {"_time": 33.718, "_x": 0, "_y": 0}, {"_time": 33.731, "_x": 0, "_y": -1}, {"_time": 33.744, "_x": -1, "_y": -1}, {"_time": 33.757, "_x": -1, "_y": 0}, {"_time": 33.77, "_x": 0, "_y": 0}, {"_time": 33.783, "_x": 1, "_y": 0}, {"_time": 33.795, "_x": 1, "_y": 1}, {"_time": 33.808, "_x": 0, "_y": 1}, {"_time": 33.821, "_x": -1, "_y": 1}, {"_time": 33.834, "_x": -1, "_y": 0}, {"_time": 33.847, "_x": -1, "_y": -1}, {"_time": 33.86, "_x": 0, "_y": -1}, {"_time": 33.873, "_x": 1, "_y": -1}, {"_time": 33.885, "_x": 1, "_y": 0}, {"_time": 33.898, "_x": 1, "_y": 1}, {"_time": 33.911, "_x": 0, "_y": 1}, {"_time": 33.924, "_x": 0, "_y": 0}, {"_time": 33.937, "_x": 0, "_y": -1}, {"_time": 33.95, "_x": -1, "_y": -1}, {"_time": 33.962, "_x": -1, "_y": 0}, {"_time": 33.975, "_x": 0, "_y": 0}, {"_time": 33.988, "_x": 1, "_y": 0}, {"_time": 34.001, "_x": 1, "_y": 1}, {"_time": 34.014, "_x": 0, "_y": 1}, {"_time": 34.027, "_x": -1, "_y": 1}, {"_time": 34.039, "_x": -1, "_y": 0}, {"_time": 34.052, "_x": -1, "_y": -1}, {"_time": 34.065, "_x": 0, "_y": -1}, {"_time": 34.078, "_x": 0, "_y": 0}, {"_time": 34.091, "_x": 0, "_y": 1}, {"_time": 34.104, "_x": 1, "_y": 1}, {"_time": 34.117, "_x": 1, "_y": 0}, {"_time": 34.129, "_x": 0, "_y": 0}, {"_time": 34.142, "_x": -1, "_y": 0}, {"_time": 34.155, "_x": -1, "_y": -1}, {"_time": 34.168, "_x": 0, "_y": -1}, {"_time": 34.181, "_x": 1, "_y": -1}, {"_time": 34.194, "_x": 1, "_y": 0}, {"_time": 34.206, "_x": 0, "_y": 0}, {"_time": 34.219, "_x": -1, "_y": 0}, {"_time": 34.232, "_x": -1, "_y": 1}, {"_time": 34.245, "_x": 0, "_y": 1}, {"_time": 34.258, "_x": 1, "_y": 1}, {"_time": 34.271, "_x": 1, "_y": 0}, {"_time": 34.283, "_x": 1, "_y": -1}, {"_time": 34.296, "_x": 0, "_y": -1}, {"_time": 34.309, "_x": 0, "_y": 0}, {"_time": 34.322, "_x": 0, "_y": 1}, {"_time": 34.335, "_x": -1, "_y": 1}, {"_time": 34.348, "_x": -1, "_y": 0}, {"_time": 34.361, "_x": 0, "_y": 0}, {"_time": 34.373, "_x": 1, "_y": 0}, {"_time": 34.386, "_x": 1, "_y": -1}, {"_time": 34.399, "_x": 0, "_y": -1}, {"_time": 34.412, "_x": -1, "_y": -1}, {"_time": 34.425, "_x": -1, "_y": 0}, {"_time": 34.438, "_x": -1, "_y": 1}, {"_time": 34.45, "_x": 0, "_y": 1}, {"_time": 34.463, "_x": 0, "_y": 0}, {"_time": 34.476, "_x": 0, "_y": -1}, {"_time": 34.489, "_x": 1, "_y": -1}, {"_time": 34.502, "_x": 1, "_y": 0}, {"_time": 34.515, "_x": 1, "_y": 1}, {"_time": 34.527, "_x": 0, "_y": 1}, {"_time": 34.54, "_x": -1, "_y": 1}, {"_time": 34.553, "_x": -1, "_y": 0}, {"_time": 34.566, "_x": -1, "_y": -1}, {"_time": 34.579, "_x": 0, "_y": -1}, {"_time": 34.592, "_x": 1, "_y": -1}, {"_time": 34.605, "_x": 1, "_y": 0}, {"_time": 34.617, "_x": 0, "_y": 0}, {"_time": 34.63, "_x": -1, "_y": 0}, {"_time": 34.643, "_x": -1, "_y": 1}, {"_time": 34.656, "_x": 0, "_y": 1}, {"_time": 34.669, "_x": 1, "_y": 1}, {"_time": 34.682, "_x": 1, "_y": 0}, {"_time": 34.694, "_x": 1, "_y": -1}, {"_time": 34.707, "_x": 0, "_y": -1}, {"_time": 34.72, "_x": 0, "_y": 0}, {"_time": 34.733, "_x": 0, "_y": 1}, {"_time": 34.746, "_x": -1, "_y": 1}, {"_time": 34.759, "_x": -1, "_y": 0}, {"_time": 34.771, "_x": -1, "_y": -1}, {"_time": 34.784, "_x": 0, "_y": -1}, {"_time": 34.797, "_x": 1, "_y": -1}, {"_time": 34.81, "_x": 1, "_y": 0}, {"_time": 34.823, "_x": 0, "_y": 0}, {"_time": 34.836, "_x": -1, "_y": 0}, {"_time": 34.849, "_x": -1, "_y": 1}, {"_time": 34.861, "_x": 0, "_y": 1}, {"_time": 34.874, "_x": 1, "_y": 1}, {"_time": 34.887, "_x": 1, "_y": 0}, {"_time": 34.9, "_x": 1, "_y": -1}, {"_time": 34.913, "_x": 0, "_y": -1}, {"_time": 34.926, "_x": -1, "_y": -1}, {"_time": 34.938, "_x": -1, "_y": 0}, {"_time": 34.951, "_x": 0, "_y": 0}, {"_time": 34.964, "_x": 1, "_y": 0}, {"_time": 34.977, "_x": 1, "_y": 1}, {"_time": 34.99, "_x": 0, "_y": 1}, {"_time": 35.003, "_x": -1, "_y": 1}, {"_time": 35.015, "_x": -1, "_y": 0}, {"_time": 35.028, "_x": -1, "_y": -1}, {"_time": 35.041, "_x": 0, "_y": -1}, {"_time": 35.054, "_x": 0, "_y": 0}, {"_time": 35.067, "_x": 0, "_y": 1}, {"_time": 35.08, "_x": 1, "_y": 1}, {"_time": 35.093, "_x": 1, "_y": 0}, {"_time": 35.105, "_x": 0, "_y": 0}, {"_time": 35.118, "_x": -1, "_y": 0}, {"_time": 35.131, "_x": -1, "_y": -1}, {"_time": 35.144, "_x": 0, "_y": -1}, {"_time": 35.157, "_x": 1, "_y": -1}, {"_time": 35.17, "_x": 1, "_y": 0}, {"_time": 35.182, "_x": 1, "_y": 1}, {"_time": 35.195, "_x": -1, "_y": 1}, {"_time": 35.221, "_x": -1, "_y": -1}, {"_time": 35.247, "_x": 1, "_y": -1}, {"_time": 35.272, "_x": 1, "_y": 1}, {"_time": 35.298, "_x": -1, "_y": 1}, {"_time": 35.324, "_x": -1.25, "_y": -1.25}, {"_time": 35.349, "_x": 1.3, "_y": -1.25}, {"_time": 35.375, "_x": 1.3, "_y": 1.3}, {"_time": 35.401, "_x": -1.4, "_y": 1.45}, {"_time": 35.426, "_x": -1.4, "_y": -1.4}, {"_time": 35.452, "_x": 1.45, "_y": -1.4}, {"_time": 35.478, "_x": 1.45, "_y": 1.45}, {"_time": 35.504, "_x": -1, "_y": 1}, {"_time": 35.516, "_x": -1, "_y": 0}, {"_time": 35.529, "_x": -1, "_y": -1}, {"_time": 35.542, "_x": 0, "_y": -1}, {"_time": 35.555, "_x": 1, "_y": -1}, {"_time": 35.568, "_x": 1, "_y": 0}, {"_time": 35.581, "_x": 0, "_y": 0}, {"_time": 35.593, "_x": -1, "_y": 0}, {"_time": 35.606, "_x": -1, "_y": 1}, {"_time": 35.619, "_x": 0, "_y": 1}, {"_time": 35.632, "_x": 1, "_y": 1}, {"_time": 35.645, "_x": 1, "_y": 0}, {"_time": 35.658, "_x": 1, "_y": -1}, {"_time": 35.67, "_x": 0, "_y": -1}, {"_time": 35.683, "_x": 0, "_y": 0}, {"_time": 35.696, "_x": 0, "_y": 1}, {"_time": 35.709, "_x": -1, "_y": 1}, {"_time": 35.722, "_x": -1, "_y": 0}, {"_time": 35.735, "_x": 0, "_y": 0}, {"_time": 35.748, "_x": 1, "_y": 0}, {"_time": 35.76, "_x": 1, "_y": -1}, {"_time": 35.773, "_x": 0, "_y": -1}, {"_time": 35.786, "_x": -1, "_y": -1}, {"_time": 35.799, "_x": -1, "_y": 0}, {"_time": 35.812, "_x": -1, "_y": 1}, {"_time": 35.825, "_x": 0, "_y": 1}, {"_time": 35.837, "_x": 1, "_y": 1}, {"_time": 35.85, "_x": 1, "_y": 0}, {"_time": 35.863, "_x": 1, "_y": -1}, {"_time": 35.876, "_x": 0, "_y": -1}, {"_time": 35.889, "_x": -1, "_y": -1}, {"_time": 35.902, "_x": -1, "_y": 0}, {"_time": 35.914, "_x": 0, "_y": 0}, {"_time": 35.927, "_x": 1, "_y": 0}, {"_time": 35.94, "_x": 1, "_y": 1}, {"_time": 35.953, "_x": 0, "_y": 1}, {"_time": 35.966, "_x": -1, "_y": 1}, {"_time": 35.979, "_x": -1, "_y": 0}, {"_time": 35.992, "_x": -1, "_y": -1}, {"_time": 36.004, "_x": 0, "_y": -1}, {"_time": 36.017, "_x": 0, "_y": 0}, {"_time": 36.03, "_x": 0, "_y": 1}, {"_time": 36.043, "_x": 1, "_y": 1}, {"_time": 36.056, "_x": 1, "_y": 0}, {"_time": 36.069, "_x": 0, "_y": 0}, {"_time": 36.081, "_x": -1, "_y": 0}, {"_time": 36.094, "_x": -1, "_y": -1}, {"_time": 36.107, "_x": 0, "_y": -1}, {"_time": 36.12, "_x": 1, "_y": -1}, {"_time": 36.133, "_x": 1, "_y": 0}, {"_time": 36.146, "_x": 0, "_y": 0}, {"_time": 36.158, "_x": -1, "_y": 0}, {"_time": 36.171, "_x": -1, "_y": 1}, {"_time": 36.184, "_x": 0, "_y": 1}, {"_time": 36.197, "_x": 1, "_y": 1}, {"_time": 36.21, "_x": 1, "_y": 0}, {"_time": 36.223, "_x": 1, "_y": -1}, {"_time": 36.236, "_x": 0, "_y": -1}, {"_time": 36.248, "_x": -1, "_y": -1}, {"_time": 36.261, "_x": -1, "_y": 0}, {"_time": 36.274, "_x": 0, "_y": 0}, {"_time": 36.287, "_x": 1, "_y": 0}, {"_time": 36.3, "_x": 1, "_y": 1}, {"_time": 36.313, "_x": 0, "_y": 1}, {"_time": 36.325, "_x": -1, "_y": 1}, {"_time": 36.338, "_x": -1, "_y": 0}, {"_time": 36.351, "_x": -1, "_y": -1}, {"_time": 36.364, "_x": 0, "_y": -1}, {"_time": 36.377, "_x": 0, "_y": 0}, {"_time": 36.39, "_x": 0, "_y": 1}, {"_time": 36.402, "_x": 1, "_y": 1}, {"_time": 36.415, "_x": 1, "_y": 0}, {"_time": 36.428, "_x": 0, "_y": 0}, {"_time": 36.441, "_x": -1, "_y": 0}, {"_time": 36.454, "_x": -1, "_y": -1}, {"_time": 36.467, "_x": 0, "_y": -1}, {"_time": 36.48, "_x": 1, "_y": -1}, {"_time": 36.492, "_x": 1, "_y": 0}, {"_time": 36.505, "_x": 0, "_y": 0}, {"_time": 36.518, "_x": -1, "_y": 0}, {"_time": 36.531, "_x": -1, "_y": 1}, {"_time": 36.544, "_x": 0, "_y": 1}, {"_time": 36.556, "_x": 1, "_y": 1}, {"_time": 36.569, "_x": 1, "_y": 0}, {"_time": 36.582, "_x": 1, "_y": -1}, {"_time": 36.595, "_x": 0, "_y": -1}, {"_time": 36.608, "_x": 0, "_y": 0}, {"_time": 36.621, "_x": 0, "_y": 1}, {"_time": 36.633, "_x": -1, "_y": 1}, {"_time": 36.646, "_x": -1, "_y": 0}, {"_time": 36.659, "_x": -1, "_y": -1}, {"_time": 36.672, "_x": 0, "_y": -1}, {"_time": 36.685, "_x": 0, "_y": 0}, {"_time": 36.698, "_x": 0, "_y": 1}, {"_time": 36.711, "_x": 1, "_y": 1}, {"_time": 36.723, "_x": 1, "_y": 0}, {"_time": 36.736, "_x": 0, "_y": 0}, {"_time": 36.749, "_x": -1, "_y": 0}, {"_time": 36.762, "_x": -1, "_y": -1}, {"_time": 36.775, "_x": 0, "_y": -1}, {"_time": 36.788, "_x": 1, "_y": -1}, {"_time": 36.801, "_x": 1, "_y": -1}, {"_time": 36.813, "_x": 1, "_y": 0}, {"_time": 36.826, "_x": 1, "_y": 1}, {"_time": 36.839, "_x": 0, "_y": 1}, {"_time": 36.852, "_x": 0, "_y": 0}, {"_time": 36.865, "_x": 0, "_y": -1}, {"_time": 36.878, "_x": -1, "_y": -1}, {"_time": 36.89, "_x": -1, "_y": 0}, {"_time": 36.903, "_x": 0, "_y": 0}, {"_time": 36.916, "_x": 1, "_y": 0}, {"_time": 36.929, "_x": 1, "_y": 1}, {"_time": 36.942, "_x": 0, "_y": 1}, {"_time": 36.955, "_x": -1, "_y": 1}, {"_time": 36.968, "_x": -1, "_y": 0}, {"_time": 36.98, "_x": -1, "_y": -1}, {"_time": 36.993, "_x": 0, "_y": -1}, {"_time": 37.006, "_x": 1, "_y": -1}, {"_time": 37.019, "_x": 1, "_y": 0}, {"_time": 37.032, "_x": 0, "_y": 0}, {"_time": 37.045, "_x": -1, "_y": 0}, {"_time": 37.057, "_x": -1, "_y": 1}, {"_time": 37.07, "_x": 0, "_y": 1}, {"_time": 37.083, "_x": 1, "_y": 1}, {"_time": 37.096, "_x": 1, "_y": 0}, {"_time": 37.109, "_x": 1, "_y": -1}, {"_time": 37.122, "_x": 0, "_y": -1}, {"_time": 37.134, "_x": 0, "_y": 0}, {"_time": 37.147, "_x": 0, "_y": 1}, {"_time": 37.16, "_x": -1, "_y": 1}, {"_time": 37.173, "_x": -1, "_y": 0}, {"_time": 37.186, "_x": 0, "_y": 0}, {"_time": 37.199, "_x": 1, "_y": 0}, {"_time": 37.212, "_x": 1, "_y": -1}, {"_time": 37.224, "_x": 0, "_y": -1}, {"_time": 37.237, "_x": -1, "_y": -1}, {"_time": 37.25, "_x": -1, "_y": 0}, {"_time": 37.263, "_x": -1, "_y": 1}, {"_time": 37.276, "_x": 0, "_y": 1}, {"_time": 37.289, "_x": 1, "_y": 1}, {"_time": 37.301, "_x": 1, "_y": 0}, {"_time": 37.314, "_x": 1, "_y": -1}, {"_time": 37.327, "_x": 0, "_y": -1}, {"_time": 37.34, "_x": -1, "_y": -1}, {"_time": 37.353, "_x": -1, "_y": 0}, {"_time": 37.366, "_x": 0, "_y": 0}, {"_time": 37.379, "_x": 1, "_y": 0}, {"_time": 37.391, "_x": 1, "_y": 1}, {"_time": 37.404, "_x": 0, "_y": 1}, {"_time": 37.417, "_x": -1, "_y": 1}, {"_time": 37.43, "_x": -1, "_y": 0}, {"_time": 37.443, "_x": -1, "_y": -1}, {"_time": 37.455, "_x": 0, "_y": -1}, {"_time": 37.468, "_x": 0, "_y": 0}, {"_time": 37.481, "_x": 0, "_y": 1}, {"_time": 37.494, "_x": 1, "_y": 1}, {"_time": 37.507, "_x": 1, "_y": 0}, {"_time": 37.52, "_x": 0, "_y": 0}, {"_time": 37.533, "_x": -1, "_y": 0}, {"_time": 37.545, "_x": -1, "_y": -1}, {"_time": 37.558, "_x": 0, "_y": -1}, {"_time": 37.571, "_x": 1, "_y": -1}, {"_time": 37.584, "_x": 1, "_y": 0}, {"_time": 37.597, "_x": 1, "_y": 1}, {"_time": 37.61, "_x": 0, "_y": 1}, {"_time": 37.623, "_x": -1, "_y": 1}, {"_time": 37.635, "_x": -1, "_y": 0}, {"_time": 37.648, "_x": 0, "_y": 0}, {"_time": 37.661, "_x": 1, "_y": 0}, {"_time": 37.674, "_x": 1, "_y": -1}, {"_time": 37.687, "_x": 0, "_y": -1}, {"_time": 37.7, "_x": -1, "_y": -1}, {"_time": 37.712, "_x": -1, "_y": 0}, {"_time": 37.725, "_x": -1, "_y": 1}, {"_time": 37.738, "_x": 0, "_y": 1}, {"_time": 37.751, "_x": 0, "_y": 0}, {"_time": 37.764, "_x": 0, "_y": -1}, {"_time": 37.777, "_x": 1, "_y": -1}, {"_time": 37.789, "_x": 1, "_y": 0}, {"_time": 37.802, "_x": 0, "_y": 0}, {"_time": 37.815, "_x": -1, "_y": 0}, {"_time": 37.828, "_x": -1, "_y": 1}, {"_time": 37.841, "_x": 0, "_y": 1}, {"_time": 37.854, "_x": 1, "_y": 1}, {"_time": 37.867, "_x": 1, "_y": 0}, {"_time": 37.879, "_x": 1, "_y": -1}, {"_time": 37.892, "_x": 0, "_y": -1}, {"_time": 37.905, "_x": 0, "_y": 0}, {"_time": 37.918, "_x": 0, "_y": 1}, {"_time": 37.931, "_x": -1, "_y": 1}, {"_time": 37.944, "_x": -1, "_y": 0}, {"_time": 37.956, "_x": 0, "_y": 0}, {"_time": 37.969, "_x": 1, "_y": 0}, {"_time": 37.982, "_x": 1, "_y": -1}, {"_time": 37.995, "_x": 0, "_y": -1}, {"_time": 38.008, "_x": -1, "_y": -1}, {"_time": 38.021, "_x": -1, "_y": 0}, {"_time": 38.033, "_x": -1, "_y": 1}, {"_time": 38.046, "_x": 0, "_y": 1}, {"_time": 38.059, "_x": 1, "_y": 1}, {"_time": 38.072, "_x": 1, "_y": 0}, {"_time": 38.085, "_x": 0, "_y": 0}, {"_time": 38.098, "_x": -1, "_y": 0}, {"_time": 38.111, "_x": -1, "_y": -1}, {"_time": 38.123, "_x": 0, "_y": -1}, {"_time": 38.136, "_x": 1, "_y": -1}, {"_time": 38.149, "_x": 1, "_y": 0}, {"_time": 38.162, "_x": 1, "_y": 1}, {"_time": 38.175, "_x": 0, "_y": 1}, {"_time": 38.188, "_x": -1, "_y": 1}, {"_time": 38.2, "_x": -1, "_y": 0}, {"_time": 38.213, "_x": -1, "_y": -1}, {"_time": 38.226, "_x": 0, "_y": -1}, {"_time": 38.239, "_x": 0, "_y": 0}, {"_time": 38.252, "_x": 0, "_y": 1}, {"_time": 38.265, "_x": 1, "_y": 1}, {"_time": 38.277, "_x": 1, "_y": 0}, {"_time": 38.29, "_x": 0, "_y": 0}, {"_time": 38.303, "_x": -1, "_y": 0}, {"_time": 38.316, "_x": -1, "_y": -1}, {"_time": 38.329, "_x": 0, "_y": -1}, {"_time": 38.342, "_x": 1, "_y": -1}, {"_time": 38.355, "_x": 1, "_y": 0}, {"_time": 38.367, "_x": 0, "_y": 0}, {"_time": 38.38, "_x": -1, "_y": 0}, {"_time": 38.393, "_x": -1, "_y": 1}, {"_time": 38.406, "_x": 0, "_y": 1}, {"_time": 38.419, "_x": 1, "_y": 1}, {"_time": 38.432, "_x": 1, "_y": 0}, {"_time": 38.444, "_x": 1, "_y": -1}, {"_time": 38.457, "_x": 0, "_y": -1}, {"_time": 38.47, "_x": -1, "_y": -1}, {"_time": 38.483, "_x": -1, "_y": 0}, {"_time": 38.496, "_x": 0, "_y": 0}, {"_time": 38.508, "_x": 1, "_y": 0}, {"_time": 38.521, "_x": 1, "_y": 1}, {"_time": 38.534, "_x": 0, "_y": 1}, {"_time": 38.547, "_x": -1, "_y": 1}, {"_time": 38.56, "_x": -1, "_y": 0}, {"_time": 38.573, "_x": -1, "_y": -1}, {"_time": 38.585, "_x": 0, "_y": -1}, {"_time": 38.598, "_x": 0, "_y": 0}, {"_time": 38.611, "_x": 0, "_y": 1}, {"_time": 38.624, "_x": 1, "_y": 1}, {"_time": 38.637, "_x": 1, "_y": 0}, {"_time": 38.65, "_x": 1, "_y": -1}, {"_time": 38.663, "_x": 0, "_y": -1}, {"_time": 38.676, "_x": 0, "_y": 0}, {"_time": 38.688, "_x": 0, "_y": 1}, {"_time": 38.701, "_x": -1, "_y": 1}, {"_time": 38.714, "_x": -1, "_y": 0}, {"_time": 38.727, "_x": -1, "_y": -1}, {"_time": 38.74, "_x": 0, "_y": -1}, {"_time": 38.753, "_x": 1, "_y": -1}, {"_time": 38.765, "_x": 1, "_y": 0}, {"_time": 38.778, "_x": 0, "_y": 0}, {"_time": 38.791, "_x": -1, "_y": 0}, {"_time": 38.804, "_x": -1, "_y": 1}, {"_time": 38.817, "_x": 0, "_y": 1}, {"_time": 38.83, "_x": 1, "_y": 1}, {"_time": 38.843, "_x": 1, "_y": 0}, {"_time": 38.855, "_x": 1, "_y": -1}, {"_time": 38.868, "_x": 0, "_y": -1}, {"_time": 38.881, "_x": 0, "_y": 0}, {"_time": 38.894, "_x": 0, "_y": 1}, {"_time": 38.907, "_x": -1, "_y": 1}, {"_time": 38.92, "_x": -1, "_y": 0}, {"_time": 38.932, "_x": 0, "_y": 0}, {"_time": 38.945, "_x": 1, "_y": 0}, {"_time": 38.958, "_x": 1, "_y": -1}, {"_time": 38.971, "_x": 0, "_y": -1}, {"_time": 38.984, "_x": -1, "_y": -1}, {"_time": 38.997, "_x": -1, "_y": 0}, {"_time": 39.009, "_x": -1, "_y": 1}, {"_time": 39.022, "_x": 0, "_y": 1}, {"_time": 39.035, "_x": 0, "_y": 0}, {"_time": 39.048, "_x": 0, "_y": -1}, {"_time": 39.061, "_x": 1, "_y": -1}, {"_time": 39.074, "_x": 1, "_y": 0}, {"_time": 39.087, "_x": 0, "_y": 0}, {"_time": 39.099, "_x": -1, "_y": 0}, {"_time": 39.112, "_x": -1, "_y": 1}, {"_time": 39.125, "_x": 0, "_y": 1}, {"_time": 39.138, "_x": 1, "_y": 1}, {"_time": 39.151, "_x": 1, "_y": 0}, {"_time": 39.164, "_x": 1, "_y": -1}, {"_time": 39.176, "_x": 0, "_y": -1}, {"_time": 39.189, "_x": -1, "_y": -1}, {"_time": 39.202, "_x": -1, "_y": 0}, {"_time": 39.215, "_x": 0, "_y": 0}, {"_time": 39.228, "_x": 1, "_y": 0}, {"_time": 39.241, "_x": 1, "_y": 1}, {"_time": 39.254, "_x": 0, "_y": 1}, {"_time": 39.266, "_x": -1, "_y": 1}, {"_time": 39.279, "_x": -1, "_y": 0}, {"_time": 39.292, "_x": -1, "_y": -1}, {"_time": 39.305, "_x": 0, "_y": -1}, {"_time": 39.318, "_x": 0, "_y": 0}, {"_time": 39.331, "_x": 0, "_y": 1}, {"_time": 39.343, "_x": 1, "_y": 1}, {"_time": 39.356, "_x": 1, "_y": 0}, {"_time": 39.369, "_x": 0, "_y": 0}, {"_time": 39.382, "_x": -1, "_y": 0}, {"_time": 39.395, "_x": -1, "_y": -1}, {"_time": 39.408, "_x": 0, "_y": -1}, {"_time": 39.42, "_x": 1, "_y": -1}, {"_time": 39.433, "_x": 1, "_y": 0}, {"_time": 39.446, "_x": 0, "_y": 0}, {"_time": 39.459, "_x": -1, "_y": 0}, {"_time": 39.472, "_x": -1, "_y": 1}, {"_time": 39.485, "_x": 0, "_y": 1}, {"_time": 39.498, "_x": 1, "_y": 1}, {"_time": 39.51, "_x": 1, "_y": 0}, {"_time": 39.523, "_x": 1, "_y": -1}, {"_time": 39.536, "_x": 0, "_y": -1}, {"_time": 39.549, "_x": -1, "_y": -1}, {"_time": 39.562, "_x": -1, "_y": 0}, {"_time": 39.575, "_x": 0, "_y": 0}, {"_time": 39.587, "_x": 1, "_y": 0}, {"_time": 39.6, "_x": 1, "_y": 1}, {"_time": 39.613, "_x": -1, "_y": -1}, {"_time": 39.639, "_x": -1, "_y": 1}, {"_time": 39.664, "_x": 0, "_y": -1}, {"_time": 39.69, "_x": 0, "_y": 1}, {"_time": 39.716, "_x": 1, "_y": -1}, {"_time": 39.742, "_x": 1, "_y": 1}, {"_time": 39.767, "_x": 0, "_y": -1}, {"_time": 39.793, "_x": 0, "_y": 1}, {"_time": 39.819, "_x": -1, "_y": -1}, {"_time": 39.844, "_x": -1, "_y": 1}, {"_time": 39.87, "_x": 0, "_y": -1}, {"_time": 39.896, "_x": 0, "_y": 1}, {"_time": 39.921, "_x": 1, "_y": -1}, {"_time": 39.947, "_x": 1, "_y": 1}, {"_time": 39.973, "_x": 0, "_y": -1}, {"_time": 39.998, "_x": 0, "_y": 1}, {"_time": 40.024, "_x": -1, "_y": -1}, {"_time": 40.05, "_x": -1, "_y": 1}, {"_time": 40.075, "_x": 0, "_y": -1}, {"_time": 40.101, "_x": 0, "_y": 1}, {"_time": 40.127, "_x": 1, "_y": -1}, {"_time": 40.152, "_x": 1, "_y": 1}, {"_time": 40.178, "_x": 0, "_y": -1}, {"_time": 40.204, "_x": 0, "_y": 1}, {"_time": 40.23, "_x": -1, "_y": -1}, {"_time": 40.255, "_x": -1, "_y": 1}, {"_time": 40.281, "_x": 0, "_y": -1}, {"_time": 40.307, "_x": 0, "_y": 1}, {"_time": 40.332, "_x": 1, "_y": -1}, {"_time": 40.358, "_x": 1, "_y": 1}, {"_time": 40.384, "_x": 0, "_y": -1}, {"_time": 40.409, "_x": 0, "_y": 1}, {"_time": 40.435, "_x": -1, "_y": -1}, {"_time": 40.461, "_x": -1, "_y": 1}, {"_time": 40.486, "_x": 0, "_y": -1}, {"_time": 40.512, "_x": 0, "_y": 1}, {"_time": 40.538, "_x": 1, "_y": -1}, {"_time": 40.563, "_x": 1, "_y": 1}, {"_time": 40.589, "_x": 0, "_y": -1}, {"_time": 40.615, "_x": 0, "_y": 1}, {"_time": 40.64, "_x": -1, "_y": -1}, {"_time": 40.666, "_x": -1, "_y": 1}, {"_time": 40.692, "_x": 0, "_y": -1}, {"_time": 40.718, "_x": 0, "_y": 1}, {"_time": 40.743, "_x": 1, "_y": -1}, {"_time": 40.769, "_x": 1, "_y": 1}, {"_time": 40.795, "_x": 0, "_y": -1}, {"_time": 40.82, "_x": 0, "_y": 1}, {"_time": 40.846, "_x": -1, "_y": -1}, {"_time": 40.872, "_x": 1, "_y": 0}, {"_time": 40.897, "_x": -1, "_y": 1}, {"_time": 40.923, "_x": 0, "_y": -1}, {"_time": 40.949, "_x": 1, "_y": 1}, {"_time": 40.974, "_x": -1, "_y": 0}, {"_time": 41, "_x": 1, "_y": -1}, {"_time": 41.026, "_x": 0, "_y": 1}, {"_time": 41.051, "_x": -1, "_y": -1}, {"_time": 41.077, "_x": 1, "_y": 0}, {"_time": 41.103, "_x": -1, "_y": 1}, {"_time": 41.129, "_x": 0, "_y": -1}, {"_time": 41.154, "_x": 1, "_y": 1}, {"_time": 41.18, "_x": -1, "_y": 0}, {"_time": 41.206, "_x": 1, "_y": -1}, {"_time": 41.231, "_x": 1, "_y": 1}, {"_time": 41.244, "_x": 0, "_y": 1}, {"_time": 41.257, "_x": -1, "_y": 1}, {"_time": 41.27, "_x": -1, "_y": 0}, {"_time": 41.283, "_x": -1, "_y": -1}, {"_time": 41.295, "_x": 0, "_y": -1}, {"_time": 41.308, "_x": 1, "_y": -1}, {"_time": 41.321, "_x": 1, "_y": 0}, {"_time": 41.334, "_x": 0, "_y": 0}, {"_time": 41.347, "_x": -1, "_y": 0}, {"_time": 41.36, "_x": -1, "_y": 1}, {"_time": 41.373, "_x": 0, "_y": 1}, {"_time": 41.385, "_x": 1, "_y": 1}, {"_time": 41.398, "_x": 1, "_y": 0}, {"_time": 41.411, "_x": 1, "_y": -1}, {"_time": 41.424, "_x": 0, "_y": -1}, {"_time": 41.437, "_x": 0, "_y": 0}, {"_time": 41.45, "_x": 0, "_y": 1}, {"_time": 41.462, "_x": -1, "_y": 1}, {"_time": 41.475, "_x": -1, "_y": 0}, {"_time": 41.488, "_x": 0, "_y": 0}, {"_time": 41.501, "_x": 1, "_y": 0}, {"_time": 41.514, "_x": 1, "_y": -1}, {"_time": 41.527, "_x": 0, "_y": -1}, {"_time": 41.539, "_x": -1, "_y": -1}, {"_time": 41.552, "_x": -1, "_y": 0}, {"_time": 41.565, "_x": -1, "_y": 1}, {"_time": 41.578, "_x": 0, "_y": 1}, {"_time": 41.591, "_x": 0, "_y": 0}, {"_time": 41.604, "_x": 0, "_y": -1}, {"_time": 41.617, "_x": 1, "_y": -1}, {"_time": 41.629, "_x": 1, "_y": 0}, {"_time": 41.642, "_x": 1, "_y": 1}, {"_time": 41.655, "_x": 0, "_y": 1}, {"_time": 41.668, "_x": -1, "_y": 1}, {"_time": 41.681, "_x": -1, "_y": 0}, {"_time": 41.694, "_x": -1, "_y": -1}, {"_time": 41.706, "_x": 0, "_y": -1}, {"_time": 41.719, "_x": 1, "_y": -1}, {"_time": 41.732, "_x": 1, "_y": 0}, {"_time": 41.745, "_x": 0, "_y": 0}, {"_time": 41.758, "_x": -1, "_y": 0}, {"_time": 41.771, "_x": -1, "_y": 1}, {"_time": 41.783, "_x": 0, "_y": 1}, {"_time": 41.796, "_x": 1, "_y": 1}, {"_time": 41.809, "_x": 1, "_y": 0}, {"_time": 41.822, "_x": 1, "_y": -1}, {"_time": 41.835, "_x": 0, "_y": -1}, {"_time": 41.848, "_x": 0, "_y": 0}, {"_time": 41.861, "_x": 0, "_y": 1}, {"_time": 41.873, "_x": -1, "_y": 1}, {"_time": 41.886, "_x": -1, "_y": 0}, {"_time": 41.899, "_x": 0, "_y": 0}, {"_time": 41.912, "_x": 1, "_y": 0}, {"_time": 41.925, "_x": 1, "_y": -1}, {"_time": 41.938, "_x": 0, "_y": -1}, {"_time": 41.95, "_x": -1, "_y": -1}, {"_time": 41.963, "_x": -1, "_y": 0}, {"_time": 41.976, "_x": -1, "_y": 1}, {"_time": 41.989, "_x": 0, "_y": 1}, {"_time": 42.002, "_x": 0, "_y": 0}, {"_time": 42.015, "_x": 0, "_y": -1}, {"_time": 42.027, "_x": 1, "_y": -1}, {"_time": 42.04, "_x": 1, "_y": 0}, {"_time": 42.053, "_x": 0, "_y": 0}, {"_time": 42.066, "_x": -1, "_y": 0}, {"_time": 42.079, "_x": -1, "_y": 1}, {"_time": 42.092, "_x": 0, "_y": 1}, {"_time": 42.105, "_x": 1, "_y": 1}, {"_time": 42.117, "_x": 1, "_y": 0}, {"_time": 42.13, "_x": 1, "_y": -1}, {"_time": 42.143, "_x": 0, "_y": -1}, {"_time": 42.156, "_x": -1, "_y": -1}, {"_time": 42.169, "_x": -1, "_y": 0}, {"_time": 42.182, "_x": 0, "_y": 0}, {"_time": 42.194, "_x": 1, "_y": 0}, {"_time": 42.207, "_x": 1, "_y": 1}, {"_time": 42.22, "_x": 0, "_y": 1}, {"_time": 42.233, "_x": -1, "_y": 1}, {"_time": 42.246, "_x": -1, "_y": 0}, {"_time": 42.259, "_x": -1, "_y": -1}, {"_time": 42.271, "_x": 0, "_y": -1}, {"_time": 42.284, "_x": 1, "_y": -1}, {"_time": 42.297, "_x": 1, "_y": 0}, {"_time": 42.31, "_x": 0, "_y": 0}, {"_time": 42.323, "_x": -1, "_y": 0}, {"_time": 42.336, "_x": -1, "_y": 1}, {"_time": 42.349, "_x": 0, "_y": 1}, {"_time": 42.361, "_x": 1, "_y": 1}, {"_time": 42.374, "_x": 1, "_y": 0}, {"_time": 42.387, "_x": 1, "_y": -1}, {"_time": 42.4, "_x": 0, "_y": -1}, {"_time": 42.413, "_x": 0, "_y": 0}, {"_time": 42.426, "_x": 0, "_y": 1}, {"_time": 42.438, "_x": -1, "_y": 1}, {"_time": 42.451, "_x": -1, "_y": 0}, {"_time": 42.464, "_x": 0, "_y": 0}, {"_time": 42.477, "_x": 1, "_y": 0}, {"_time": 42.49, "_x": 1, "_y": -1}, {"_time": 42.503, "_x": 0, "_y": -1}, {"_time": 42.515, "_x": -1, "_y": -1}, {"_time": 42.528, "_x": -1, "_y": 0}, {"_time": 42.541, "_x": -1, "_y": 1}, {"_time": 42.554, "_x": 0, "_y": 1}, {"_time": 42.567, "_x": 1, "_y": 1}, {"_time": 42.58, "_x": 1, "_y": 0}, {"_time": 42.593, "_x": 1, "_y": -1}, {"_time": 42.605, "_x": 0, "_y": -1}, {"_time": 42.618, "_x": -1, "_y": -1}, {"_time": 42.631, "_x": -1, "_y": 0}, {"_time": 42.644, "_x": 0, "_y": 0}, {"_time": 42.657, "_x": 1, "_y": 0}, {"_time": 42.67, "_x": 1, "_y": 1}, {"_time": 42.682, "_x": 0, "_y": 1}, {"_time": 42.695, "_x": -1, "_y": 1}, {"_time": 42.708, "_x": -1, "_y": 0}, {"_time": 42.721, "_x": -1, "_y": -1}, {"_time": 42.734, "_x": 0, "_y": -1}, {"_time": 42.747, "_x": 0, "_y": 0}, {"_time": 42.759, "_x": 0, "_y": 1}, {"_time": 42.772, "_x": 1, "_y": 1}, {"_time": 42.785, "_x": 1, "_y": 0}, {"_time": 42.798, "_x": 0, "_y": 0}, {"_time": 42.811, "_x": -1, "_y": 0}, {"_time": 42.824, "_x": -1, "_y": -1}, {"_time": 42.837, "_x": 0, "_y": -1}, {"_time": 42.849, "_x": 1, "_y": -1}, {"_time": 42.862, "_x": 1, "_y": 0}, {"_time": 42.875, "_x": 1, "_y": 1}, {"_time": 42.888, "_x": 0, "_y": 1}, {"_time": 42.901, "_x": -1, "_y": 1}, {"_time": 42.914, "_x": -1, "_y": 0}, {"_time": 42.926, "_x": 0, "_y": 0}, {"_time": 42.939, "_x": 1, "_y": 0}, {"_time": 42.952, "_x": 1, "_y": -1}, {"_time": 42.965, "_x": 0, "_y": -1}, {"_time": 42.978, "_x": -1, "_y": -1}, {"_time": 42.991, "_x": -1, "_y": 0}, {"_time": 43.004, "_x": 0, "_y": 0}, {"_time": 43.016, "_x": 1, "_y": 0}, {"_time": 43.029, "_x": 1, "_y": 1}, {"_time": 43.042, "_x": 0, "_y": 1}, {"_time": 43.055, "_x": -1, "_y": 1}, {"_time": 43.068, "_x": -1, "_y": 0}, {"_time": 43.081, "_x": -1, "_y": -1}, {"_time": 43.093, "_x": 0, "_y": -1}, {"_time": 43.106, "_x": 0, "_y": 0}, {"_time": 43.119, "_x": 0, "_y": 1}, {"_time": 43.132, "_x": 1, "_y": 1}, {"_time": 43.145, "_x": 1, "_y": 0}, {"_time": 43.158, "_x": 0, "_y": 0}, {"_time": 43.17, "_x": -1, "_y": 0}, {"_time": 43.183, "_x": -1, "_y": -1}, {"_time": 43.196, "_x": 0, "_y": -1}, {"_time": 43.209, "_x": 1, "_y": -1}, {"_time": 43.222, "_x": 1, "_y": 0}, {"_time": 43.235, "_x": 1, "_y": 1}, {"_time": 43.248, "_x": 0, "_y": 1}, {"_time": 43.26, "_x": 0, "_y": 0}, {"_time": 43.273, "_x": 0, "_y": -1}, {"_time": 43.286, "_x": -1, "_y": -1}, {"_time": 43.299, "_x": -1, "_y": 0}, {"_time": 43.312, "_x": 0, "_y": 0}, {"_time": 43.325, "_x": 1, "_y": 0}, {"_time": 43.337, "_x": 1, "_y": 1}, {"_time": 43.35, "_x": 0, "_y": 1}, {"_time": 43.363, "_x": -1, "_y": 1}, {"_time": 43.376, "_x": -1, "_y": 0}, {"_time": 43.389, "_x": -1, "_y": -1}, {"_time": 43.402, "_x": 0, "_y": -1}, {"_time": 43.414, "_x": 1, "_y": -1}, {"_time": 43.427, "_x": 1, "_y": 0}, {"_time": 43.44, "_x": 1, "_y": 1}, {"_time": 43.453, "_x": 0, "_y": 1}, {"_time": 43.466, "_x": -1, "_y": 1}, {"_time": 43.479, "_x": -1, "_y": 0}, {"_time": 43.492, "_x": 0, "_y": 0}, {"_time": 43.504, "_x": 1, "_y": 0}, {"_time": 43.517, "_x": 1, "_y": -1}, {"_time": 43.53, "_x": 0, "_y": -1}, {"_time": 43.543, "_x": -1, "_y": -1}, {"_time": 43.556, "_x": -1, "_y": 0}, {"_time": 43.569, "_x": -1, "_y": 1}, {"_time": 43.581, "_x": 0, "_y": 1}, {"_time": 43.594, "_x": 0, "_y": 0}, {"_time": 43.607, "_x": 0, "_y": -1}, {"_time": 43.62, "_x": 1, "_y": -1}, {"_time": 43.633, "_x": 1, "_y": 0}, {"_time": 43.646, "_x": 0, "_y": 0}, {"_time": 43.658, "_x": -1, "_y": 0}, {"_time": 43.671, "_x": -1, "_y": 1}, {"_time": 43.684, "_x": 0, "_y": 1}, {"_time": 43.697, "_x": 1, "_y": 1}, {"_time": 43.71, "_x": 1, "_y": 0}, {"_time": 43.723, "_x": 1, "_y": -1}, {"_time": 43.736, "_x": 0, "_y": -1}, {"_time": 43.748, "_x": -1, "_y": -1}, {"_time": 43.761, "_x": -1, "_y": 0}, {"_time": 43.774, "_x": 0, "_y": 0}, {"_time": 43.787, "_x": 1, "_y": 0}, {"_time": 43.8, "_x": 1, "_y": 1}, {"_time": 43.813, "_x": 0, "_y": 1}, {"_time": 43.825, "_x": -1, "_y": 1}, {"_time": 43.838, "_x": -1, "_y": 0}, {"_time": 43.851, "_x": -1, "_y": -1}, {"_time": 43.864, "_x": 0, "_y": -1}, {"_time": 43.877, "_x": 1, "_y": -1}, {"_time": 43.89, "_x": 1, "_y": 0}, {"_time": 43.902, "_x": 0, "_y": 0}, {"_time": 43.915, "_x": -1, "_y": 0}, {"_time": 43.928, "_x": -1, "_y": 1}, {"_time": 43.941, "_x": 0, "_y": 1}, {"_time": 43.954, "_x": 1, "_y": 1}, {"_time": 43.967, "_x": 1, "_y": 0}, {"_time": 43.98, "_x": 1, "_y": -1}, {"_time": 43.992, "_x": 0, "_y": -1}, {"_time": 44.005, "_x": 0, "_y": 0}, {"_time": 44.018, "_x": 0, "_y": 1}, {"_time": 44.031, "_x": -1, "_y": 1}, {"_time": 44.044, "_x": -1, "_y": 0}, {"_time": 44.057, "_x": 0, "_y": 0}, {"_time": 44.069, "_x": 1, "_y": 0}, {"_time": 44.082, "_x": 1, "_y": -1}, {"_time": 44.095, "_x": 0, "_y": -1}, {"_time": 44.108, "_x": -1, "_y": -1}, {"_time": 44.121, "_x": -1, "_y": 0}, {"_time": 44.134, "_x": -1, "_y": 1}, {"_time": 44.146, "_x": 0, "_y": 1}, {"_time": 44.159, "_x": 0, "_y": 0}, {"_time": 44.172, "_x": 0, "_y": -1}, {"_time": 44.185, "_x": 1, "_y": -1}, {"_time": 44.198, "_x": 1, "_y": 0}, {"_time": 44.211, "_x": 0, "_y": 0}, {"_time": 44.224, "_x": -1, "_y": 0}, {"_time": 44.236, "_x": -1, "_y": 1}, {"_time": 44.249, "_x": 0, "_y": 1}, {"_time": 44.262, "_x": 1, "_y": 1}, {"_time": 44.275, "_x": 1, "_y": 0}, {"_time": 44.288, "_x": 1, "_y": -1}, {"_time": 44.301, "_x": 0, "_y": -1}, {"_time": 44.313, "_x": -1, "_y": -1}, {"_time": 44.326, "_x": -1, "_y": 0}, {"_time": 44.339, "_x": 0, "_y": 0}, {"_time": 44.352, "_x": 1, "_y": 0}, {"_time": 44.365, "_x": 1, "_y": 1}, {"_time": 44.378, "_x": 0, "_y": 1}, {"_time": 44.39, "_x": -1, "_y": 1}, {"_time": 44.403, "_x": -1, "_y": 0}, {"_time": 44.416, "_x": -1, "_y": -1}, {"_time": 44.429, "_x": 0, "_y": -1}, {"_time": 44.442, "_x": 0, "_y": 0}, {"_time": 44.455, "_x": 0, "_y": 1}, {"_time": 44.468, "_x": 1, "_y": 1}, {"_time": 44.48, "_x": 1, "_y": 0}, {"_time": 44.493, "_x": 0, "_y": 0}, {"_time": 44.506, "_x": -1, "_y": 0}, {"_time": 44.519, "_x": -1, "_y": -1}, {"_time": 44.532, "_x": 0, "_y": -1}, {"_time": 44.545, "_x": 1, "_y": -1}, {"_time": 44.557, "_x": 1, "_y": 0}, {"_time": 44.57, "_x": 0, "_y": 0}, {"_time": 44.583, "_x": -1, "_y": 0}, {"_time": 44.596, "_x": -1, "_y": 1}, {"_time": 44.609, "_x": 0, "_y": 1}, {"_time": 44.622, "_x": 1, "_y": 1}, {"_time": 44.634, "_x": 1, "_y": 0}, {"_time": 44.647, "_x": 1, "_y": -1}, {"_time": 44.66, "_x": 0, "_y": -1}, {"_time": 44.673, "_x": -1, "_y": -1}, {"_time": 44.686, "_x": -1, "_y": 0}, {"_time": 44.699, "_x": 0, "_y": 0}, {"_time": 44.712, "_x": 1, "_y": 0}, {"_time": 44.724, "_x": 1, "_y": 1}, {"_time": 44.737, "_x": 0, "_y": 1}, {"_time": 44.75, "_x": -1, "_y": 1}, {"_time": 44.763, "_x": -1, "_y": 0}, {"_time": 44.776, "_x": -1, "_y": -1}, {"_time": 44.789, "_x": 0, "_y": -1}, {"_time": 44.801, "_x": 0, "_y": 0}, {"_time": 44.814, "_x": 0, "_y": 1}, {"_time": 44.827, "_x": 1, "_y": 1}, {"_time": 44.84, "_x": 1, "_y": 0}, {"_time": 44.853, "_x": 0, "_y": 0}, {"_time": 44.866, "_x": -1, "_y": 0}, {"_time": 44.879, "_x": -1, "_y": -1}, {"_time": 44.891, "_x": 0, "_y": -1}, {"_time": 44.904, "_x": 1, "_y": -1}, {"_time": 44.917, "_x": 1, "_y": 0}, {"_time": 44.93, "_x": 0, "_y": 0}, {"_time": 44.943, "_x": -1, "_y": 0}, {"_time": 44.956, "_x": -1, "_y": 1}, {"_time": 44.968, "_x": 0, "_y": 1}, {"_time": 44.981, "_x": 1, "_y": 1}, {"_time": 44.994, "_x": 1, "_y": 0}, {"_time": 45.007, "_x": 1, "_y": -1}, {"_time": 45.02, "_x": 0, "_y": -1}, {"_time": 45.033, "_x": -1, "_y": -1}, {"_time": 45.045, "_x": -1, "_y": 0}, {"_time": 45.058, "_x": -1, "_y": 1}, {"_time": 45.071, "_x": 0, "_y": 1}, {"_time": 45.084, "_x": 0, "_y": 0}, {"_time": 45.097, "_x": 0, "_y": -1}, {"_time": 45.11, "_x": 1, "_y": -1}, {"_time": 45.123, "_x": 1, "_y": 0}, {"_time": 45.135, "_x": 0, "_y": 0}, {"_time": 45.148, "_x": -1, "_y": 0}, {"_time": 45.161, "_x": -1, "_y": 1}, {"_time": 45.174, "_x": 0, "_y": 1}, {"_time": 45.187, "_x": 1, "_y": 1}, {"_time": 45.2, "_x": 1, "_y": 0}, {"_time": 45.212, "_x": 1, "_y": -1}, {"_time": 45.225, "_x": 0, "_y": -1}, {"_time": 45.238, "_x": -1, "_y": -1}, {"_time": 45.251, "_x": -1, "_y": 0}, {"_time": 45.264, "_x": 0, "_y": 0}, {"_time": 45.277, "_x": 1, "_y": 0}, {"_time": 45.289, "_x": 1, "_y": 1}, {"_time": 45.302, "_x": 0, "_y": 1}, {"_time": 45.315, "_x": -1, "_y": 1}, {"_time": 45.328, "_x": -1, "_y": 0}, {"_time": 45.341, "_x": -1, "_y": -1}, {"_time": 45.354, "_x": 0, "_y": -1}, {"_time": 45.367, "_x": 1, "_y": -1}, {"_time": 45.379, "_x": 1, "_y": 0}, {"_time": 45.392, "_x": 1, "_y": 1}, {"_time": 45.405, "_x": 0, "_y": 1}, {"_time": 45.418, "_x": 0, "_y": 0}, {"_time": 45.431, "_x": 0, "_y": -1}, {"_time": 45.444, "_x": -1, "_y": -1}, {"_time": 45.456, "_x": -1, "_y": 0}, {"_time": 45.469, "_x": 0, "_y": 0}, {"_time": 45.482, "_x": 1, "_y": 0}, {"_time": 45.495, "_x": 1, "_y": 1}, {"_time": 45.508, "_x": 0, "_y": 1}, {"_time": 45.521, "_x": -1, "_y": 1}, {"_time": 45.533, "_x": -1, "_y": 0}, {"_time": 45.546, "_x": -1, "_y": -1}, {"_time": 45.559, "_x": 0, "_y": -1}, {"_time": 45.572, "_x": 1, "_y": -1}, {"_time": 45.585, "_x": 1, "_y": 0}, {"_time": 45.598, "_x": 0, "_y": 0}, {"_time": 45.611, "_x": -1, "_y": 0}, {"_time": 45.623, "_x": -1, "_y": 1}, {"_time": 45.636, "_x": 0, "_y": 1}, {"_time": 45.649, "_x": 1, "_y": 1}, {"_time": 45.662, "_x": 1, "_y": 0}, {"_time": 45.675, "_x": 1, "_y": -1}, {"_time": 45.688, "_x": 0, "_y": -1}, {"_time": 45.7, "_x": -1, "_y": -1}, {"_time": 45.713, "_x": -1, "_y": 0}, {"_time": 45.726, "_x": -1, "_y": 1}, {"_time": 45.739, "_x": 0, "_y": 1}, {"_time": 45.752, "_x": 0, "_y": 0}, {"_time": 45.765, "_x": 0, "_y": -1}, {"_time": 45.777, "_x": 1, "_y": -1}, {"_time": 45.79, "_x": 1, "_y": 0}, {"_time": 45.803, "_x": 0, "_y": 0}, {"_time": 45.816, "_x": -1, "_y": 0}, {"_time": 45.829, "_x": -1, "_y": 1}, {"_time": 45.842, "_x": 0, "_y": 1}, {"_time": 45.855, "_x": 1, "_y": 1}, {"_time": 45.867, "_x": 1, "_y": 0}, {"_time": 45.88, "_x": 1, "_y": -1}, {"_time": 45.893, "_x": 0, "_y": -1}, {"_time": 45.906, "_x": -1, "_y": -1}, {"_time": 45.919, "_x": -1, "_y": 0}, {"_time": 45.932, "_x": -1, "_y": 1}, {"_time": 45.944, "_x": 0, "_y": 1}, {"_time": 45.957, "_x": 0, "_y": 0}, {"_time": 45.97, "_x": 0, "_y": -1}, {"_time": 45.983, "_x": 1, "_y": -1}, {"_time": 45.996, "_x": 1, "_y": 0}, {"_time": 46.009, "_x": 0, "_y": 0}, {"_time": 46.021, "_x": -1, "_y": 0}, {"_time": 46.034, "_x": -1, "_y": 1}, {"_time": 46.047, "_x": 0, "_y": 1}, {"_time": 46.06, "_x": 1, "_y": 1}, {"_time": 46.073, "_x": 1, "_y": 0}, {"_time": 46.086, "_x": 1, "_y": -1}, {"_time": 46.099, "_x": 0, "_y": -1}, {"_time": 46.111, "_x": -1, "_y": -1}, {"_time": 46.124, "_x": -1, "_y": 0}, {"_time": 46.137, "_x": -1, "_y": 1}, {"_time": 46.15, "_x": 0, "_y": 1}, {"_time": 46.163, "_x": 0, "_y": 0}, {"_time": 46.176, "_x": 0, "_y": -1}, {"_time": 46.188, "_x": 1, "_y": -1}, {"_time": 46.201, "_x": 1, "_y": 0}, {"_time": 46.214, "_x": 0, "_y": 0}, {"_time": 46.227, "_x": -1, "_y": 0}, {"_time": 46.24, "_x": -1, "_y": 1}, {"_time": 46.253, "_x": 0, "_y": 1}, {"_time": 46.265, "_x": 1, "_y": 1}, {"_time": 46.278, "_x": 1, "_y": 0}, {"_time": 46.291, "_x": 1, "_y": -1}, {"_time": 46.304, "_x": 0, "_y": -1}, {"_time": 46.317, "_x": -1, "_y": -1}, {"_time": 46.33, "_x": -1, "_y": 0}, {"_time": 46.343, "_x": 0, "_y": 0}, {"_time": 46.355, "_x": 1, "_y": 0}, {"_time": 46.368, "_x": 1, "_y": 1}, {"_time": 46.381, "_x": 0, "_y": 1}, {"_time": 46.394, "_x": -1, "_y": 1}, {"_time": 46.407, "_x": -1, "_y": 0}, {"_time": 46.42, "_x": -1, "_y": -1}, {"_time": 46.432, "_x": 0, "_y": -1}, {"_time": 46.445, "_x": 1, "_y": -1}, {"_time": 46.458, "_x": 1, "_y": 0}, {"_time": 46.471, "_x": 0, "_y": 0}, {"_time": 46.484, "_x": -1, "_y": 0}, {"_time": 46.497, "_x": -1, "_y": 1}, {"_time": 46.509, "_x": 0, "_y": 1}, {"_time": 46.522, "_x": 1, "_y": 1}, {"_time": 46.535, "_x": 1, "_y": 0}, {"_time": 46.548, "_x": 1, "_y": -1}, {"_time": 46.561, "_x": 0, "_y": -1}, {"_time": 46.574, "_x": 0, "_y": 0}, {"_time": 46.587, "_x": 0, "_y": 1}, {"_time": 46.599, "_x": -1, "_y": 1}, {"_time": 46.612, "_x": -1, "_y": 0}, {"_time": 46.625, "_x": 0, "_y": 0}, {"_time": 46.638, "_x": 1, "_y": 0}, {"_time": 46.651, "_x": 1, "_y": -1}, {"_time": 46.664, "_x": 0, "_y": -1}, {"_time": 46.676, "_x": -1, "_y": -1}, {"_time": 46.689, "_x": -1, "_y": 0}, {"_time": 46.702, "_x": -1, "_y": 1}, {"_time": 46.715, "_x": 0, "_y": 1}, {"_time": 46.728, "_x": 1, "_y": 1}, {"_time": 46.741, "_x": 1, "_y": 0}, {"_time": 46.754, "_x": 1, "_y": -1}, {"_time": 46.766, "_x": 0, "_y": -1}, {"_time": 46.779, "_x": 0, "_y": 0}, {"_time": 46.792, "_x": 0, "_y": 1}, {"_time": 46.805, "_x": -1, "_y": 1}, {"_time": 46.818, "_x": -1, "_y": 0}, {"_time": 46.831, "_x": 0, "_y": 0}, {"_time": 46.843, "_x": 1, "_y": 0}, {"_time": 46.856, "_x": 1, "_y": -1}, {"_time": 46.869, "_x": 0, "_y": -1}, {"_time": 46.882, "_x": -1, "_y": -1}, {"_time": 46.895, "_x": -1, "_y": 0}, {"_time": 46.908, "_x": 0, "_y": 0}, {"_time": 46.92, "_x": 1, "_y": 0}, {"_time": 46.933, "_x": 1, "_y": 1}, {"_time": 46.946, "_x": 0, "_y": 1}, {"_time": 46.959, "_x": -1, "_y": 1}, {"_time": 46.972, "_x": -1, "_y": 0}, {"_time": 46.985, "_x": -1, "_y": -1}, {"_time": 46.998, "_x": 0, "_y": -1}, {"_time": 47.01, "_x": 0, "_y": 0}, {"_time": 47.023, "_x": 0, "_y": 1}, {"_time": 47.036, "_x": 1, "_y": 1}, {"_time": 47.049, "_x": 1, "_y": 0}, {"_time": 47.062, "_x": 0, "_y": 0}, {"_time": 47.075, "_x": -1, "_y": 0}, {"_time": 47.087, "_x": -1, "_y": -1}, {"_time": 47.1, "_x": 0, "_y": -1}, {"_time": 47.113, "_x": 1, "_y": -1}, {"_time": 47.126, "_x": 1, "_y": 0}, {"_time": 47.139, "_x": 0, "_y": 0}, {"_time": 47.152, "_x": -1, "_y": 0}, {"_time": 47.164, "_x": -1, "_y": 1}, {"_time": 47.177, "_x": 0, "_y": 1}, {"_time": 47.19, "_x": 1, "_y": 1}, {"_time": 47.203, "_x": 1, "_y": 0}, {"_time": 47.216, "_x": 1, "_y": -1}, {"_time": 47.229, "_x": 0, "_y": -1}, {"_time": 47.242, "_x": -1, "_y": -1}, {"_time": 47.254, "_x": -1, "_y": 0}, {"_time": 47.267, "_x": 0, "_y": 0}, {"_time": 47.28, "_x": 1, "_y": 0}, {"_time": 47.293, "_x": 1, "_y": 1}, {"_time": 47.306, "_x": 0, "_y": 1}, {"_time": 47.319, "_x": -1, "_y": 1}, {"_time": 47.331, "_x": -1, "_y": 0}, {"_time": 47.344, "_x": -1, "_y": -1}, {"_time": 47.357, "_x": 0, "_y": -1}, {"_time": 47.37, "_x": 0, "_y": 0}, {"_time": 47.383, "_x": 0, "_y": 1}, {"_time": 47.396, "_x": 1, "_y": 1}, {"_time": 47.408, "_x": 1, "_y": 0}, {"_time": 47.421, "_x": 0, "_y": 0}, {"_time": 47.434, "_x": -1, "_y": 0}, {"_time": 47.447, "_x": -1, "_y": -1}, {"_time": 47.46, "_x": 0, "_y": -1}, {"_time": 47.473, "_x": 1, "_y": -1}, {"_time": 47.486, "_x": 1, "_y": 0}, {"_time": 47.498, "_x": 0, "_y": 0}, {"_time": 47.511, "_x": -1, "_y": 0}, {"_time": 47.524, "_x": -1, "_y": 1}, {"_time": 47.537, "_x": 0, "_y": 1}, {"_time": 47.55, "_x": 1, "_y": 1}, {"_time": 47.563, "_x": 1, "_y": 0}, {"_time": 47.575, "_x": 1, "_y": -1}, {"_time": 49.784, "_x": 0, "_y": 0}, {"_time": 50.504, "_x": 0, "_y": 0}, {"_time": 51.017, "_x": 0, "_y": 0}, {"_time": 56.308, "_x": 0, "_y": 0}]}