{"_approachDistance": 50, "_approachTime": 1, "_name": "a", "_notes": [{"_time": 2.906, "_x": -1, "_y": 0}, {"_time": 3.084, "_x": 0, "_y": -1}, {"_time": 3.261, "_x": 0, "_y": 0}, {"_time": 3.439, "_x": 1, "_y": 0}, {"_time": 3.616, "_x": 1, "_y": -1}, {"_time": 3.794, "_x": 0, "_y": 1}, {"_time": 4.326, "_x": -1, "_y": -1}, {"_time": 4.504, "_x": 0, "_y": 1}, {"_time": 4.681, "_x": 1, "_y": -1}, {"_time": 4.859, "_x": -1, "_y": 0}, {"_time": 5.036, "_x": 0, "_y": 0}, {"_time": 5.214, "_x": 0, "_y": -1}, {"_time": 5.746, "_x": 1, "_y": 1}, {"_time": 5.924, "_x": 1, "_y": -1}, {"_time": 6.013, "_x": 0, "_y": -1}, {"_time": 6.101, "_x": -1, "_y": -1}, {"_time": 6.279, "_x": 0, "_y": 1}, {"_time": 6.456, "_x": 1, "_y": -1}, {"_time": 6.634, "_x": -1, "_y": 0}, {"_time": 6.723, "_x": 0, "_y": 0}, {"_time": 6.811, "_x": 1, "_y": 0}, {"_time": 6.989, "_x": -1, "_y": -1}, {"_time": 7.166, "_x": 0, "_y": 1}, {"_time": 7.344, "_x": 1, "_y": -1}, {"_time": 7.433, "_x": 0, "_y": -1}, {"_time": 7.521, "_x": -1, "_y": -1}, {"_time": 7.699, "_x": -1, "_y": 1}, {"_time": 7.876, "_x": 1, "_y": 1}, {"_time": 7.921, "_x": 1, "_y": 0}, {"_time": 7.965, "_x": 0, "_y": -1}, {"_time": 8.01, "_x": -1, "_y": 0}, {"_time": 8.054, "_x": -1, "_y": 1}, {"_time": 8.231, "_x": 1, "_y": 0}, {"_time": 8.32, "_x": 1, "_y": -1}, {"_time": 8.409, "_x": -1, "_y": 1}, {"_time": 8.586, "_x": 1, "_y": 0}, {"_time": 8.764, "_x": -1, "_y": 1}, {"_time": 8.853, "_x": 0, "_y": 1}, {"_time": 8.942, "_x": 1, "_y": 1}, {"_time": 9.119, "_x": -1, "_y": -1}, {"_time": 9.297, "_x": 1, "_y": 0}, {"_time": 9.474, "_x": -1, "_y": -1}, {"_time": 9.563, "_x": 0, "_y": -1}, {"_time": 9.652, "_x": 1, "_y": -1}, {"_time": 9.829, "_x": 1, "_y": 1}, {"_time": 9.873, "_x": 0, "_y": 1}, {"_time": 9.918, "_x": 0, "_y": 0}, {"_time": 9.962, "_x": 0, "_y": -1}, {"_time": 10.007, "_x": -1, "_y": -1}, {"_time": 10.184, "_x": -1, "_y": 1}, {"_time": 10.228, "_x": 0, "_y": 1}, {"_time": 10.362, "_x": 1, "_y": -1}, {"_time": 10.406, "_x": 0, "_y": -1}, {"_time": 10.539, "_x": 0, "_y": 1}, {"_time": 10.584, "_x": 1, "_y": 1}, {"_time": 10.717, "_x": 1, "_y": -1}, {"_time": 10.761, "_x": 0, "_y": -1}, {"_time": 10.805, "_x": 0, "_y": 0}, {"_time": 10.85, "_x": 0, "_y": 1}, {"_time": 10.894, "_x": -1, "_y": 1}, {"_time": 10.983, "_x": -1, "_y": -1}, {"_time": 11.072, "_x": 1, "_y": -1}, {"_time": 11.16, "_x": 1, "_y": 1}, {"_time": 11.249, "_x": -1, "_y": 1}, {"_time": 11.604, "_x": 1, "_y": 0}, {"_time": 11.782, "_x": -1, "_y": -1}, {"_time": 11.826, "_x": -1, "_y": 0}, {"_time": 11.87, "_x": -1, "_y": 1}, {"_time": 11.915, "_x": 0, "_y": 1}, {"_time": 11.959, "_x": 1, "_y": 1}, {"_time": 12.048, "_x": -1, "_y": 0}, {"_time": 12.137, "_x": 1, "_y": -1}, {"_time": 12.226, "_x": 0, "_y": 1}, {"_time": 12.314, "_x": 0, "_y": -1}, {"_time": 12.403, "_x": 1, "_y": 1}, {"_time": 12.492, "_x": -1, "_y": -1}, {"_time": 12.581, "_x": 0, "_y": 1}, {"_time": 12.669, "_x": 0, "_y": -1}, {"_time": 12.758, "_x": -1, "_y": 1}, {"_time": 12.847, "_x": 1, "_y": -1}, {"_time": 12.936, "_x": -1, "_y": 0}, {"_time": 13.024, "_x": 1, "_y": 0}, {"_time": 13.113, "_x": -1, "_y": -1}, {"_time": 13.157, "_x": -1, "_y": 0}, {"_time": 13.202, "_x": -1, "_y": 1}, {"_time": 13.246, "_x": 0, "_y": 1}, {"_time": 13.291, "_x": 0, "_y": 0}, {"_time": 13.335, "_x": 0, "_y": -1}, {"_time": 13.379, "_x": 1, "_y": -1}, {"_time": 13.424, "_x": 1, "_y": 0}, {"_time": 13.468, "_x": 1, "_y": 1}, {"_time": 13.557, "_x": -1, "_y": 1}, {"_time": 13.646, "_x": -1, "_y": -1}, {"_time": 13.734, "_x": 1, "_y": 0}, {"_time": 13.823, "_x": -1, "_y": 0}, {"_time": 13.912, "_x": 1, "_y": -1}, {"_time": 14.001, "_x": -1, "_y": 1}, {"_time": 14.089, "_x": 0, "_y": -1}, {"_time": 14.178, "_x": 1, "_y": 1}, {"_time": 14.267, "_x": -1, "_y": 0}, {"_time": 14.356, "_x": 1, "_y": 0}, {"_time": 14.444, "_x": -1, "_y": -1}, {"_time": 14.533, "_x": 0, "_y": 1}, {"_time": 14.622, "_x": 1, "_y": -1}, {"_time": 14.666, "_x": 0, "_y": -1}, {"_time": 14.711, "_x": -1, "_y": -1}, {"_time": 14.755, "_x": -1, "_y": 0}, {"_time": 14.799, "_x": -1, "_y": 1}, {"_time": 14.888, "_x": 1, "_y": 0}, {"_time": 14.977, "_x": -1, "_y": 0}, {"_time": 15.066, "_x": 1, "_y": -1}, {"_time": 15.155, "_x": -1, "_y": 1}, {"_time": 15.243, "_x": 0, "_y": -1}, {"_time": 15.332, "_x": 1, "_y": 1}, {"_time": 15.421, "_x": -1, "_y": 0}, {"_time": 15.51, "_x": 1, "_y": 0}, {"_time": 15.598, "_x": -1, "_y": -1}, {"_time": 15.687, "_x": 1, "_y": 1}, {"_time": 15.776, "_x": 0, "_y": -1}, {"_time": 15.865, "_x": -1, "_y": 1}, {"_time": 15.953, "_x": 1, "_y": 1}, {"_time": 15.998, "_x": 1, "_y": 0}, {"_time": 16.042, "_x": 1, "_y": -1}, {"_time": 16.086, "_x": 0, "_y": -1}, {"_time": 16.131, "_x": 0, "_y": 0}, {"_time": 16.175, "_x": 0, "_y": 1}, {"_time": 16.22, "_x": -1, "_y": 1}, {"_time": 16.264, "_x": -1, "_y": 0}, {"_time": 16.308, "_x": -1, "_y": -1}, {"_time": 16.397, "_x": 1, "_y": -1}, {"_time": 16.486, "_x": 1, "_y": 1}, {"_time": 16.575, "_x": -1, "_y": 0}, {"_time": 16.663, "_x": 1, "_y": -1}, {"_time": 16.752, "_x": 0, "_y": 1}, {"_time": 16.841, "_x": -1, "_y": -1}, {"_time": 16.93, "_x": 1, "_y": 0}, {"_time": 17.018, "_x": -1, "_y": 1}, {"_time": 17.107, "_x": -1, "_y": -1}, {"_time": 17.152, "_x": 0, "_y": -1}, {"_time": 17.196, "_x": 1, "_y": -1}, {"_time": 17.24, "_x": 1, "_y": 0}, {"_time": 17.285, "_x": 0, "_y": 0}, {"_time": 17.329, "_x": -1, "_y": 0}, {"_time": 17.373, "_x": -1, "_y": 1}, {"_time": 17.418, "_x": 0, "_y": 1}, {"_time": 17.463, "_x": 1, "_y": 1}, {"_time": 17.484, "_x": 1, "_y": 1}, {"_time": 17.507, "_x": 1, "_y": 0}, {"_time": 17.529, "_x": 1, "_y": 0}, {"_time": 17.551, "_x": 1, "_y": -1}, {"_time": 17.573, "_x": 1, "_y": -1}, {"_time": 17.595, "_x": 0, "_y": -1}, {"_time": 17.618, "_x": 0, "_y": -1}, {"_time": 17.64, "_x": -1, "_y": -1}, {"_time": 17.684, "_x": -1, "_y": 0}, {"_time": 17.728, "_x": 0, "_y": 0}, {"_time": 17.773, "_x": 1, "_y": 0}, {"_time": 17.817, "_x": 1, "_y": 1}, {"_time": 17.862, "_x": 0, "_y": 1}, {"_time": 17.906, "_x": 0, "_y": 0}, {"_time": 17.95, "_x": 0, "_y": -1}, {"_time": 17.995, "_x": -1, "_y": -1}, {"_time": 18.039, "_x": -1, "_y": 0}, {"_time": 18.084, "_x": 0, "_y": 0}, {"_time": 18.128, "_x": 1, "_y": 0}, {"_time": 18.172, "_x": 1, "_y": 1}, {"_time": 18.217, "_x": 0, "_y": 1}, {"_time": 18.261, "_x": -1, "_y": 1}, {"_time": 18.305, "_x": -1, "_y": 0}, {"_time": 18.35, "_x": -1, "_y": -1}, {"_time": 18.394, "_x": 0, "_y": -1}, {"_time": 18.439, "_x": 0, "_y": 0}, {"_time": 18.483, "_x": 0, "_y": 1}, {"_time": 18.527, "_x": 1, "_y": 1}, {"_time": 18.572, "_x": 1, "_y": 0}, {"_time": 18.616, "_x": 1, "_y": -1}, {"_time": 18.66, "_x": 0, "_y": -1}, {"_time": 18.705, "_x": -1, "_y": -1}, {"_time": 18.749, "_x": -1, "_y": 0}, {"_time": 18.794, "_x": 0, "_y": 0}, {"_time": 18.838, "_x": 1, "_y": 0}, {"_time": 18.882, "_x": 1, "_y": 1}, {"_time": 18.927, "_x": 0, "_y": 1}, {"_time": 18.971, "_x": 0, "_y": 0}, {"_time": 19.015, "_x": 0, "_y": -1}, {"_time": 19.06, "_x": -1, "_y": -1}, {"_time": 19.104, "_x": -1, "_y": 0}, {"_time": 19.149, "_x": -1, "_y": 1}, {"_time": 19.237, "_x": 1, "_y": 1}, {"_time": 19.326, "_x": 1, "_y": -1}, {"_time": 19.415, "_x": -1, "_y": -1}, {"_time": 19.459, "_x": -1, "_y": 0}, {"_time": 19.504, "_x": 0, "_y": 0}, {"_time": 19.548, "_x": 1, "_y": 0}, {"_time": 19.592, "_x": 1, "_y": 1}, {"_time": 19.637, "_x": 0, "_y": 1}, {"_time": 19.681, "_x": -1, "_y": 1}, {"_time": 19.726, "_x": -1, "_y": 0}, {"_time": 19.77, "_x": -1, "_y": -1}, {"_time": 19.814, "_x": 0, "_y": -1}, {"_time": 19.859, "_x": 0, "_y": 0}, {"_time": 19.903, "_x": 0, "_y": 1}, {"_time": 19.947, "_x": 1, "_y": 1}, {"_time": 19.992, "_x": 1, "_y": 0}, {"_time": 20.036, "_x": 0, "_y": 0}, {"_time": 20.081, "_x": -1, "_y": 0}, {"_time": 20.125, "_x": -1, "_y": -1}, {"_time": 20.169, "_x": 0, "_y": -1}, {"_time": 20.214, "_x": 1, "_y": -1}, {"_time": 20.258, "_x": 1, "_y": 0}, {"_time": 20.302, "_x": 1, "_y": 1}, {"_time": 20.325, "_x": 1, "_y": 1}, {"_time": 20.347, "_x": 0, "_y": 1}, {"_time": 20.369, "_x": 0, "_y": 1}, {"_time": 20.391, "_x": -1, "_y": 1}, {"_time": 20.413, "_x": -1, "_y": 1}, {"_time": 20.436, "_x": -1, "_y": 0}, {"_time": 20.458, "_x": -1, "_y": 0}, {"_time": 20.48, "_x": 0, "_y": 0}, {"_time": 20.524, "_x": 1, "_y": 0}, {"_time": 20.569, "_x": 1, "_y": -1}, {"_time": 20.613, "_x": 0, "_y": -1}, {"_time": 20.657, "_x": -1, "_y": -1}, {"_time": 20.702, "_x": -1, "_y": 0}, {"_time": 20.746, "_x": -1, "_y": 1}, {"_time": 20.791, "_x": 0, "_y": 1}, {"_time": 20.835, "_x": 0, "_y": 0}, {"_time": 20.879, "_x": 0, "_y": -1}, {"_time": 20.924, "_x": 1, "_y": -1}, {"_time": 20.968, "_x": 1, "_y": 0}, {"_time": 21.013, "_x": 0, "_y": 0}, {"_time": 21.057, "_x": -1, "_y": 0}, {"_time": 21.101, "_x": -1, "_y": 1}, {"_time": 21.146, "_x": 0, "_y": 1}, {"_time": 21.19, "_x": 1, "_y": 1}, {"_time": 21.234, "_x": 1, "_y": 0}, {"_time": 21.279, "_x": 1, "_y": -1}, {"_time": 21.323, "_x": 0, "_y": -1}, {"_time": 21.368, "_x": -1, "_y": -1}, {"_time": 21.412, "_x": -1, "_y": 0}, {"_time": 21.456, "_x": 0, "_y": 0}, {"_time": 21.501, "_x": 1, "_y": 0}, {"_time": 21.545, "_x": 1, "_y": 1}, {"_time": 21.589, "_x": 0, "_y": 1}, {"_time": 21.634, "_x": -1, "_y": 1}, {"_time": 21.678, "_x": -1, "_y": 0}, {"_time": 21.723, "_x": -1, "_y": -1}, {"_time": 21.767, "_x": 0, "_y": -1}, {"_time": 21.811, "_x": 0, "_y": 0}, {"_time": 21.856, "_x": 0, "_y": 1}, {"_time": 21.9, "_x": 1, "_y": 1}, {"_time": 21.944, "_x": 1, "_y": 0}, {"_time": 21.989, "_x": 1, "_y": -1}, {"_time": 22.078, "_x": -1, "_y": -1}, {"_time": 22.166, "_x": -1, "_y": 1}, {"_time": 22.255, "_x": 1, "_y": 1}, {"_time": 22.299, "_x": 1, "_y": 0}, {"_time": 22.344, "_x": 1, "_y": -1}, {"_time": 22.388, "_x": 0, "_y": -1}, {"_time": 22.433, "_x": -1, "_y": -1}, {"_time": 22.477, "_x": -1, "_y": 0}, {"_time": 22.521, "_x": 0, "_y": 0}, {"_time": 22.566, "_x": 1, "_y": 0}, {"_time": 22.61, "_x": 1, "_y": 1}, {"_time": 22.655, "_x": 0, "_y": 1}, {"_time": 22.699, "_x": -1, "_y": 1}, {"_time": 22.788, "_x": -1, "_y": -1}, {"_time": 22.876, "_x": 0, "_y": -1}, {"_time": 22.965, "_x": 1, "_y": 1}, {"_time": 23.054, "_x": 0, "_y": 1}, {"_time": 23.143, "_x": 0, "_y": -1}, {"_time": 23.231, "_x": 1, "_y": -1}, {"_time": 23.32, "_x": 0, "_y": 1}, {"_time": 23.409, "_x": -1, "_y": 1}, {"_time": 23.498, "_x": 0, "_y": -1}, {"_time": 23.586, "_x": 1, "_y": 1}, {"_time": 23.675, "_x": -1, "_y": 0}, {"_time": 23.764, "_x": 1, "_y": -1}, {"_time": 23.853, "_x": 0, "_y": 1}, {"_time": 23.942, "_x": -1, "_y": -1}, {"_time": 24.03, "_x": 1, "_y": 0}, {"_time": 24.119, "_x": -1, "_y": -1}, {"_time": 24.208, "_x": 0, "_y": 1}, {"_time": 24.297, "_x": 1, "_y": 1}, {"_time": 24.385, "_x": 0, "_y": -1}, {"_time": 24.474, "_x": -1, "_y": -1}, {"_time": 24.563, "_x": -1, "_y": 1}, {"_time": 24.652, "_x": 0, "_y": 1}, {"_time": 24.74, "_x": 1, "_y": -1}, {"_time": 24.829, "_x": 0, "_y": -1}, {"_time": 24.918, "_x": -1, "_y": 1}, {"_time": 25.007, "_x": 1, "_y": 0}, {"_time": 25.095, "_x": -1, "_y": -1}, {"_time": 25.184, "_x": 0, "_y": 1}, {"_time": 25.273, "_x": 1, "_y": -1}, {"_time": 25.362, "_x": -1, "_y": -1}, {"_time": 25.406, "_x": -1, "_y": 0}, {"_time": 25.45, "_x": 0, "_y": 0}, {"_time": 25.495, "_x": 1, "_y": 0}, {"_time": 25.539, "_x": 1, "_y": 1}, {"_time": 25.628, "_x": -1, "_y": 1}, {"_time": 25.717, "_x": -1, "_y": 0}, {"_time": 25.805, "_x": 1, "_y": -1}, {"_time": 25.894, "_x": 1, "_y": 0}, {"_time": 25.983, "_x": -1, "_y": 0}, {"_time": 26.072, "_x": -1, "_y": -1}, {"_time": 26.16, "_x": 1, "_y": 0}, {"_time": 26.249, "_x": 1, "_y": 1}, {"_time": 26.338, "_x": -1, "_y": 0}, {"_time": 26.427, "_x": 1, "_y": -1}, {"_time": 26.515, "_x": 0, "_y": 1}, {"_time": 26.604, "_x": -1, "_y": -1}, {"_time": 26.693, "_x": 1, "_y": 0}, {"_time": 26.782, "_x": -1, "_y": 1}, {"_time": 26.87, "_x": 0, "_y": -1}, {"_time": 26.959, "_x": -1, "_y": 1}, {"_time": 27.048, "_x": 1, "_y": 0}, {"_time": 27.137, "_x": 1, "_y": -1}, {"_time": 27.226, "_x": -1, "_y": 0}, {"_time": 27.314, "_x": -1, "_y": 1}, {"_time": 27.403, "_x": 1, "_y": 1}, {"_time": 27.492, "_x": 1, "_y": 0}, {"_time": 27.581, "_x": -1, "_y": -1}, {"_time": 27.669, "_x": -1, "_y": 0}, {"_time": 27.758, "_x": 1, "_y": 1}, {"_time": 27.847, "_x": 0, "_y": -1}, {"_time": 27.936, "_x": -1, "_y": 1}, {"_time": 28.024, "_x": 1, "_y": 0}, {"_time": 28.113, "_x": -1, "_y": -1}, {"_time": 28.202, "_x": -1, "_y": 1}, {"_time": 28.246, "_x": 0, "_y": 1}, {"_time": 28.291, "_x": 0, "_y": 0}, {"_time": 28.335, "_x": 0, "_y": -1}, {"_time": 28.379, "_x": 1, "_y": -1}, {"_time": 28.468, "_x": 1, "_y": 1}, {"_time": 28.557, "_x": 0, "_y": 1}, {"_time": 28.646, "_x": -1, "_y": -1}, {"_time": 28.734, "_x": 0, "_y": -1}, {"_time": 28.823, "_x": 0, "_y": 1}, {"_time": 28.912, "_x": -1, "_y": 1}, {"_time": 29.001, "_x": 0, "_y": -1}, {"_time": 29.089, "_x": 1, "_y": -1}, {"_time": 29.178, "_x": 0, "_y": 1}, {"_time": 29.267, "_x": -1, "_y": -1}, {"_time": 29.356, "_x": 1, "_y": 0}, {"_time": 29.444, "_x": -1, "_y": 1}, {"_time": 29.533, "_x": 0, "_y": -1}, {"_time": 29.622, "_x": 1, "_y": 1}, {"_time": 29.711, "_x": -1, "_y": 0}, {"_time": 29.799, "_x": 1, "_y": 1}, {"_time": 29.888, "_x": 0, "_y": -1}, {"_time": 29.977, "_x": -1, "_y": -1}, {"_time": 30.066, "_x": 0, "_y": 1}, {"_time": 30.155, "_x": 1, "_y": 1}, {"_time": 30.243, "_x": 1, "_y": -1}, {"_time": 30.332, "_x": 0, "_y": -1}, {"_time": 30.421, "_x": -1, "_y": 1}, {"_time": 30.51, "_x": 0, "_y": 1}, {"_time": 30.598, "_x": 1, "_y": -1}, {"_time": 30.687, "_x": -1, "_y": 0}, {"_time": 30.776, "_x": 1, "_y": 1}, {"_time": 30.865, "_x": 0, "_y": -1}, {"_time": 30.953, "_x": -1, "_y": 1}, {"_time": 31.042, "_x": 1, "_y": 1}, {"_time": 31.086, "_x": 1, "_y": 0}, {"_time": 31.131, "_x": 0, "_y": 0}, {"_time": 31.175, "_x": -1, "_y": 0}, {"_time": 31.22, "_x": -1, "_y": -1}, {"_time": 31.308, "_x": 1, "_y": -1}, {"_time": 31.397, "_x": 1, "_y": 0}, {"_time": 31.486, "_x": -1, "_y": 1}, {"_time": 31.575, "_x": -1, "_y": 0}, {"_time": 31.663, "_x": 1, "_y": 0}, {"_time": 31.752, "_x": 1, "_y": 1}, {"_time": 31.841, "_x": -1, "_y": 0}, {"_time": 31.93, "_x": -1, "_y": -1}, {"_time": 32.018, "_x": 1, "_y": 0}, {"_time": 32.107, "_x": -1, "_y": 1}, {"_time": 32.196, "_x": 0, "_y": -1}, {"_time": 32.285, "_x": 1, "_y": 1}, {"_time": 32.373, "_x": -1, "_y": 0}, {"_time": 32.462, "_x": 1, "_y": -1}, {"_time": 32.551, "_x": 0, "_y": 1}, {"_time": 32.64, "_x": 1, "_y": -1}, {"_time": 32.728, "_x": -1, "_y": 0}, {"_time": 32.817, "_x": -1, "_y": 1}, {"_time": 32.906, "_x": 1, "_y": 0}, {"_time": 32.995, "_x": 1, "_y": -1}, {"_time": 33.084, "_x": -1, "_y": -1}, {"_time": 33.172, "_x": -1, "_y": 0}, {"_time": 33.261, "_x": 1, "_y": 1}, {"_time": 33.35, "_x": 1, "_y": 0}, {"_time": 33.439, "_x": -1, "_y": -1}, {"_time": 33.527, "_x": 0, "_y": 1}, {"_time": 33.616, "_x": 1, "_y": -1}, {"_time": 33.705, "_x": -1, "_y": 0}, {"_time": 33.794, "_x": 1, "_y": 1}, {"_time": 33.882, "_x": 1, "_y": -1}, {"_time": 33.927, "_x": 0, "_y": -1}, {"_time": 33.971, "_x": -1, "_y": -1}, {"_time": 34.015, "_x": -1, "_y": 0}, {"_time": 34.06, "_x": -1, "_y": 1}, {"_time": 34.149, "_x": 1, "_y": 1}, {"_time": 34.326, "_x": 1, "_y": 0}, {"_time": 34.504, "_x": 0, "_y": -1}, {"_time": 34.681, "_x": -1, "_y": 1}, {"_time": 34.859, "_x": 0, "_y": 1}, {"_time": 35.036, "_x": 1, "_y": -1}, {"_time": 35.125, "_x": 0, "_y": -1}, {"_time": 35.391, "_x": 0, "_y": 0}, {"_time": 35.48, "_x": 0, "_y": 0}, {"_time": 35.569, "_x": 1, "_y": 1}, {"_time": 35.746, "_x": 0, "_y": 1}, {"_time": 35.924, "_x": -1, "_y": 0}, {"_time": 36.101, "_x": 1, "_y": -1}, {"_time": 36.279, "_x": 1, "_y": 0}, {"_time": 36.456, "_x": -1, "_y": 0}, {"_time": 36.545, "_x": -1, "_y": 1}, {"_time": 36.723, "_x": 1, "_y": 1}, {"_time": 36.767, "_x": 1, "_y": 0}, {"_time": 36.811, "_x": 1, "_y": -1}, {"_time": 36.856, "_x": 0, "_y": -1}, {"_time": 36.9, "_x": -1, "_y": -1}, {"_time": 36.989, "_x": -1, "_y": 1}, {"_time": 37.166, "_x": 0, "_y": 1}, {"_time": 37.344, "_x": 1, "_y": 0}, {"_time": 37.521, "_x": -1, "_y": -1}, {"_time": 37.699, "_x": -1, "_y": 0}, {"_time": 37.876, "_x": 1, "_y": 1}, {"_time": 37.965, "_x": 1, "_y": 0}, {"_time": 38.231, "_x": 0, "_y": 0}, {"_time": 38.32, "_x": 0, "_y": 0}, {"_time": 38.409, "_x": -1, "_y": -1}, {"_time": 38.586, "_x": 0, "_y": -1}, {"_time": 38.764, "_x": 1, "_y": 0}, {"_time": 38.942, "_x": -1, "_y": 1}, {"_time": 39.119, "_x": -1, "_y": 0}, {"_time": 39.297, "_x": 1, "_y": 0}, {"_time": 39.385, "_x": 1, "_y": -1}, {"_time": 39.563, "_x": -1, "_y": -1}, {"_time": 39.607, "_x": -1, "_y": 0}, {"_time": 39.652, "_x": 0, "_y": 0}, {"_time": 39.696, "_x": 1, "_y": 0}, {"_time": 39.74, "_x": 1, "_y": 1}, {"_time": 39.829, "_x": -1, "_y": 1}, {"_time": 40.007, "_x": -1, "_y": 0}, {"_time": 40.184, "_x": 0, "_y": -1}, {"_time": 40.362, "_x": 1, "_y": 1}, {"_time": 40.539, "_x": 0, "_y": 1}, {"_time": 40.717, "_x": -1, "_y": -1}, {"_time": 40.805, "_x": 0, "_y": -1}, {"_time": 41.072, "_x": 0, "_y": 0}, {"_time": 41.16, "_x": 0, "_y": 0}, {"_time": 41.249, "_x": -1, "_y": 1}, {"_time": 41.427, "_x": 0, "_y": 1}, {"_time": 41.604, "_x": 1, "_y": 0}, {"_time": 41.782, "_x": -1, "_y": -1}, {"_time": 41.959, "_x": -1, "_y": 0}, {"_time": 42.137, "_x": 1, "_y": 0}, {"_time": 42.226, "_x": 1, "_y": 1}, {"_time": 42.403, "_x": -1, "_y": 1}, {"_time": 42.447, "_x": -1, "_y": 0}, {"_time": 42.492, "_x": -1, "_y": -1}, {"_time": 42.536, "_x": 0, "_y": -1}, {"_time": 42.581, "_x": 1, "_y": -1}, {"_time": 42.669, "_x": 1, "_y": 1}, {"_time": 42.847, "_x": 0, "_y": 1}, {"_time": 43.024, "_x": -1, "_y": 0}, {"_time": 43.202, "_x": 1, "_y": -1}, {"_time": 43.379, "_x": 1, "_y": 0}, {"_time": 43.557, "_x": -1, "_y": 1}, {"_time": 43.646, "_x": -1, "_y": 0}, {"_time": 43.706, "_x": -1, "_y": 0}, {"_time": 43.912, "_x": 0, "_y": 0}, {"_time": 44.001, "_x": 0, "_y": 0}, {"_time": 44.089, "_x": 1, "_y": -1}, {"_time": 44.267, "_x": 0, "_y": 0}, {"_time": 44.444, "_x": -1, "_y": -1}, {"_time": 44.622, "_x": 0, "_y": 0}, {"_time": 44.799, "_x": -1, "_y": 1}, {"_time": 44.977, "_x": 1, "_y": 0}, {"_time": 45.243, "_x": -1, "_y": -1}, {"_time": 45.287, "_x": -1, "_y": 0}, {"_time": 45.331, "_x": 0, "_y": 0}, {"_time": 45.376, "_x": 1, "_y": 0}, {"_time": 45.42, "_x": 1, "_y": 1}, {"_time": 45.51, "_x": -1, "_y": 1}, {"_time": 45.554, "_x": -1, "_y": 0}, {"_time": 45.598, "_x": -1, "_y": -1}, {"_time": 45.687, "_x": 1, "_y": 0}, {"_time": 45.731, "_x": 0, "_y": 0}, {"_time": 45.776, "_x": -1, "_y": 0}, {"_time": 45.865, "_x": 1, "_y": -1}, {"_time": 45.909, "_x": 1, "_y": 0}, {"_time": 45.953, "_x": 1, "_y": 1}, {"_time": 45.998, "_x": 0, "_y": 1}, {"_time": 46.042, "_x": -1, "_y": 1}, {"_time": 46.131, "_x": 1, "_y": 0}, {"_time": 46.22, "_x": -1, "_y": -1}, {"_time": 46.264, "_x": 0, "_y": -1}, {"_time": 46.308, "_x": 1, "_y": -1}, {"_time": 46.397, "_x": 0, "_y": 1}, {"_time": 46.486, "_x": -1, "_y": -1}, {"_time": 46.575, "_x": 1, "_y": 0}, {"_time": 46.619, "_x": 0, "_y": 0}, {"_time": 46.663, "_x": -1, "_y": 0}, {"_time": 46.752, "_x": 1, "_y": -1}, {"_time": 46.797, "_x": 1, "_y": 0}, {"_time": 46.841, "_x": 1, "_y": 1}, {"_time": 46.93, "_x": -1, "_y": -1}, {"_time": 47.018, "_x": 1, "_y": 0}, {"_time": 47.107, "_x": -1, "_y": 1}, {"_time": 47.152, "_x": 0, "_y": 1}, {"_time": 47.196, "_x": 1, "_y": 1}, {"_time": 47.24, "_x": 1, "_y": 0}, {"_time": 47.285, "_x": 0, "_y": 0}, {"_time": 47.329, "_x": -1, "_y": 0}, {"_time": 47.373, "_x": -1, "_y": -1}, {"_time": 47.418, "_x": 0, "_y": -1}, {"_time": 47.462, "_x": 1, "_y": -1}, {"_time": 47.551, "_x": 1, "_y": 1}, {"_time": 47.64, "_x": -1, "_y": 0}, {"_time": 47.728, "_x": 1, "_y": -1}, {"_time": 47.817, "_x": 0, "_y": 1}, {"_time": 47.862, "_x": 0, "_y": 0}, {"_time": 47.906, "_x": 0, "_y": -1}, {"_time": 47.995, "_x": 1, "_y": 1}, {"_time": 48.084, "_x": -1, "_y": 0}, {"_time": 48.172, "_x": 1, "_y": -1}, {"_time": 48.217, "_x": 0, "_y": -1}, {"_time": 48.261, "_x": -1, "_y": -1}, {"_time": 48.35, "_x": 1, "_y": 0}, {"_time": 48.439, "_x": -1, "_y": 1}, {"_time": 48.527, "_x": -1, "_y": -1}, {"_time": 48.616, "_x": 1, "_y": -1}, {"_time": 48.638, "_x": 1, "_y": -1}, {"_time": 48.66, "_x": 1, "_y": 0}, {"_time": 48.682, "_x": 1, "_y": 0}, {"_time": 48.705, "_x": 0, "_y": 0}, {"_time": 48.727, "_x": 0, "_y": 0}, {"_time": 48.749, "_x": -1, "_y": 0}, {"_time": 48.771, "_x": -1, "_y": 0}, {"_time": 48.794, "_x": -1, "_y": 1}, {"_time": 48.882, "_x": 1, "_y": 1}, {"_time": 48.927, "_x": 1, "_y": 0}, {"_time": 48.971, "_x": 1, "_y": -1}, {"_time": 49.06, "_x": -1, "_y": 1}, {"_time": 49.149, "_x": 0, "_y": -1}, {"_time": 49.237, "_x": 0, "_y": 1}, {"_time": 49.326, "_x": -1, "_y": -1}, {"_time": 49.415, "_x": 1, "_y": 0}, {"_time": 49.459, "_x": 0, "_y": 0}, {"_time": 49.504, "_x": -1, "_y": 0}, {"_time": 49.592, "_x": 1, "_y": -1}, {"_time": 49.637, "_x": 1, "_y": 0}, {"_time": 49.681, "_x": 1, "_y": 1}, {"_time": 49.77, "_x": -1, "_y": 1}, {"_time": 49.859, "_x": -1, "_y": -1}, {"_time": 49.947, "_x": 1, "_y": -1}, {"_time": 49.992, "_x": 1, "_y": 0}, {"_time": 50.036, "_x": 1, "_y": 1}, {"_time": 50.081, "_x": 0, "_y": 1}, {"_time": 50.125, "_x": 0, "_y": 0}, {"_time": 50.169, "_x": 0, "_y": -1}, {"_time": 50.214, "_x": -1, "_y": -1}, {"_time": 50.258, "_x": -1, "_y": 0}, {"_time": 50.302, "_x": -1, "_y": 1}, {"_time": 50.391, "_x": 1, "_y": 0}, {"_time": 50.48, "_x": -1, "_y": -1}, {"_time": 50.569, "_x": 0, "_y": 1}, {"_time": 50.613, "_x": 0, "_y": 0}, {"_time": 50.657, "_x": 0, "_y": -1}, {"_time": 50.746, "_x": -1, "_y": 1}, {"_time": 50.835, "_x": 1, "_y": -1}, {"_time": 50.924, "_x": -1, "_y": -1}, {"_time": 50.946, "_x": -1, "_y": -1}, {"_time": 50.968, "_x": -1, "_y": 0}, {"_time": 50.99, "_x": -1, "_y": 0}, {"_time": 51.013, "_x": 0, "_y": 0}, {"_time": 51.035, "_x": 0, "_y": 0}, {"_time": 51.057, "_x": 1, "_y": 0}, {"_time": 51.079, "_x": 1, "_y": 0}, {"_time": 51.101, "_x": 1, "_y": 1}]}