{"_approachDistance": 50, "_approachTime": 1, "_name": "yes?", "_notes": [{"_time": 0.095, "_x": 1, "_y": 1}, {"_time": 0.34, "_x": 1, "_y": 1}, {"_time": 0.584, "_x": 1, "_y": 1}, {"_time": 0.829, "_x": 1, "_y": 1}, {"_time": 1.073, "_x": 1, "_y": 1}, {"_time": 1.399, "_x": -1, "_y": 0}, {"_time": 1.644, "_x": -1, "_y": 0}, {"_time": 1.888, "_x": -1, "_y": 0}, {"_time": 2.133, "_x": -1, "_y": 0}, {"_time": 2.377, "_x": -1, "_y": 0}, {"_time": 2.704, "_x": 1, "_y": -1}, {"_time": 2.948, "_x": 1, "_y": -1}, {"_time": 3.193, "_x": 1, "_y": -1}, {"_time": 3.437, "_x": 1, "_y": -1}, {"_time": 3.682, "_x": 1, "_y": -1}, {"_time": 4.008, "_x": 1, "_y": 1}, {"_time": 4.253, "_x": 1, "_y": 1}, {"_time": 4.497, "_x": 1, "_y": 1}, {"_time": 4.66, "_x": -1, "_y": -1}, {"_time": 4.905, "_x": -1, "_y": -1}, {"_time": 5.149, "_x": -1, "_y": -1}, {"_time": 5.312, "_x": 1, "_y": 0}, {"_time": 5.475, "_x": -1, "_y": 0}, {"_time": 5.638, "_x": -1, "_y": 1}, {"_time": 5.802, "_x": 1, "_y": -1}, {"_time": 6.128, "_x": 0, "_y": 1}, {"_time": 6.291, "_x": 1, "_y": 1}, {"_time": 6.454, "_x": -1, "_y": -1}, {"_time": 6.78, "_x": 1, "_y": 0}, {"_time": 6.861, "_x": 0, "_y": 0}, {"_time": 6.943, "_x": -1, "_y": 0}, {"_time": 7.432, "_x": 1, "_y": 1}, {"_time": 7.595, "_x": 1, "_y": 1}, {"_time": 7.758, "_x": -1, "_y": -1}, {"_time": 7.799, "_x": 0, "_y": -1}, {"_time": 7.84, "_x": 0, "_y": -1}, {"_time": 8.084, "_x": -1, "_y": 1}, {"_time": 8.247, "_x": -1, "_y": 0}, {"_time": 8.41, "_x": 1, "_y": 0}, {"_time": 8.899, "_x": -1, "_y": -1}, {"_time": 9.062, "_x": -1, "_y": 0}, {"_time": 9.225, "_x": -1, "_y": 1}, {"_time": 9.388, "_x": 1, "_y": 1}, {"_time": 9.552, "_x": 1, "_y": 0}, {"_time": 9.715, "_x": -1, "_y": -1}, {"_time": 9.878, "_x": -1, "_y": 0}, {"_time": 10.041, "_x": 0, "_y": 0}, {"_time": 10.506, "_x": -1, "_y": 1}, {"_time": 10.751, "_x": -1, "_y": 1}, {"_time": 10.995, "_x": -1, "_y": 1}, {"_time": 11.24, "_x": -1, "_y": 1}, {"_time": 11.81, "_x": 1, "_y": -1}, {"_time": 12.055, "_x": 1, "_y": -1}, {"_time": 12.299, "_x": 1, "_y": -1}, {"_time": 12.544, "_x": 1, "_y": -1}, {"_time": 13.115, "_x": -1, "_y": 0}, {"_time": 13.36, "_x": -1, "_y": 0}, {"_time": 13.604, "_x": -1, "_y": 0}, {"_time": 13.849, "_x": -1, "_y": 0}, {"_time": 14.419, "_x": 1, "_y": 0}, {"_time": 14.664, "_x": 1, "_y": 0}, {"_time": 14.908, "_x": 1, "_y": 0}, {"_time": 15.071, "_x": -1, "_y": -1}, {"_time": 15.316, "_x": -1, "_y": -1}, {"_time": 15.56, "_x": -1, "_y": -1}, {"_time": 15.723, "_x": 1, "_y": 1}, {"_time": 15.968, "_x": 1, "_y": 1}, {"_time": 16.212, "_x": 1, "_y": 1}, {"_time": 16.457, "_x": 1, "_y": 1}, {"_time": 17.028, "_x": 0, "_y": -1}, {"_time": 17.273, "_x": 0, "_y": -1}, {"_time": 17.517, "_x": 0, "_y": -1}, {"_time": 17.762, "_x": 0, "_y": -1}, {"_time": 18.332, "_x": 0, "_y": 1}, {"_time": 18.577, "_x": 0, "_y": 1}, {"_time": 18.821, "_x": 0, "_y": 1}, {"_time": 19.066, "_x": 0, "_y": 1}, {"_time": 19.636, "_x": 1, "_y": -1}, {"_time": 19.881, "_x": 1, "_y": -1}, {"_time": 20.125, "_x": 1, "_y": -1}, {"_time": 20.37, "_x": 1, "_y": -1}, {"_time": 20.615, "_x": 0, "_y": 0}, {"_time": 20.941, "_x": -1, "_y": 1}, {"_time": 21.267, "_x": 1, "_y": 0}, {"_time": 21.593, "_x": -1, "_y": -1}, {"_time": 21.756, "_x": -1, "_y": -1}, {"_time": 21.919, "_x": 0, "_y": 1}, {"_time": 22.082, "_x": 0, "_y": 0}, {"_time": 22.245, "_x": 1, "_y": -1}, {"_time": 22.571, "_x": -1, "_y": 1}, {"_time": 22.734, "_x": 0, "_y": -1}, {"_time": 22.897, "_x": 0, "_y": 1}, {"_time": 23.06, "_x": -1, "_y": -1}, {"_time": 23.223, "_x": 1, "_y": 1}, {"_time": 23.386, "_x": -1, "_y": 0}, {"_time": 23.549, "_x": 1, "_y": 0}, {"_time": 23.713, "_x": -1, "_y": -1}, {"_time": 23.876, "_x": -1, "_y": -1}, {"_time": 24.365, "_x": 1, "_y": 1}, {"_time": 24.528, "_x": 0, "_y": 1}, {"_time": 24.691, "_x": 0, "_y": 1}, {"_time": 24.854, "_x": 0, "_y": -1}, {"_time": 25.18, "_x": -1, "_y": 1}, {"_time": 25.343, "_x": 1, "_y": 0}, {"_time": 25.506, "_x": -1, "_y": 0}, {"_time": 25.669, "_x": -1, "_y": 0}, {"_time": 25.832, "_x": 1, "_y": -1}, {"_time": 26.158, "_x": -1, "_y": 1}, {"_time": 26.484, "_x": 1, "_y": 0}, {"_time": 26.81, "_x": -1, "_y": -1}, {"_time": 26.973, "_x": -1, "_y": -1}, {"_time": 27.136, "_x": 0, "_y": 1}, {"_time": 27.299, "_x": 1, "_y": 1}, {"_time": 27.462, "_x": 1, "_y": -1}, {"_time": 27.789, "_x": -1, "_y": 0}, {"_time": 27.952, "_x": 1, "_y": 1}, {"_time": 28.115, "_x": 1, "_y": -1}, {"_time": 28.278, "_x": -1, "_y": 1}, {"_time": 28.441, "_x": 1, "_y": 1}, {"_time": 28.604, "_x": -1, "_y": -1}, {"_time": 28.767, "_x": -1, "_y": 1}, {"_time": 29.093, "_x": 1, "_y": 0}, {"_time": 29.419, "_x": -1, "_y": -1}, {"_time": 29.582, "_x": 0, "_y": 1}, {"_time": 29.745, "_x": 0, "_y": 1}, {"_time": 29.908, "_x": 1, "_y": 1}, {"_time": 30.234, "_x": 1, "_y": 0}, {"_time": 30.56, "_x": 0, "_y": -1}, {"_time": 30.723, "_x": -1, "_y": 0}, {"_time": 30.886, "_x": 0, "_y": 1}, {"_time": 31.049, "_x": 1, "_y": 1}, {"_time": 31.376, "_x": 1, "_y": -1}, {"_time": 31.539, "_x": 0, "_y": -1}, {"_time": 31.702, "_x": -1, "_y": 1}, {"_time": 31.865, "_x": 0, "_y": 1}, {"_time": 32.028, "_x": -1, "_y": -1}, {"_time": 32.191, "_x": -1, "_y": 0}, {"_time": 32.354, "_x": 1, "_y": 0}, {"_time": 32.517, "_x": 1, "_y": 1}, {"_time": 32.68, "_x": -1, "_y": 0}, {"_time": 32.843, "_x": -1, "_y": -1}, {"_time": 33.006, "_x": 0, "_y": 1}, {"_time": 33.169, "_x": -1, "_y": 1}, {"_time": 33.332, "_x": 0, "_y": -1}, {"_time": 33.495, "_x": 1, "_y": -1}, {"_time": 33.658, "_x": 1, "_y": 1}, {"_time": 33.821, "_x": 0, "_y": 1}, {"_time": 33.984, "_x": 0, "_y": -1}, {"_time": 34.147, "_x": -1, "_y": -1}, {"_time": 34.31, "_x": -1, "_y": 1}, {"_time": 34.473, "_x": 0, "_y": 1}, {"_time": 34.636, "_x": 1, "_y": 0}, {"_time": 34.799, "_x": 1, "_y": -1}, {"_time": 34.963, "_x": -1, "_y": -1}, {"_time": 35.126, "_x": -1, "_y": 0}, {"_time": 35.289, "_x": 0, "_y": 0}, {"_time": 35.452, "_x": 1, "_y": 0}, {"_time": 35.615, "_x": 1, "_y": 1}, {"_time": 35.778, "_x": -1, "_y": 1}, {"_time": 35.941, "_x": -1, "_y": 0}, {"_time": 36.104, "_x": 1, "_y": -1}, {"_time": 36.267, "_x": 1, "_y": 0}, {"_time": 36.43, "_x": -1, "_y": 0}, {"_time": 36.593, "_x": -1, "_y": -1}, {"_time": 36.756, "_x": 1, "_y": 0}, {"_time": 36.919, "_x": 1, "_y": 1}, {"_time": 37.082, "_x": -1, "_y": 1}, {"_time": 37.245, "_x": -1, "_y": 0}, {"_time": 37.408, "_x": 1, "_y": 0}, {"_time": 37.571, "_x": 1, "_y": -1}, {"_time": 37.734, "_x": -1, "_y": -1}, {"_time": 37.897, "_x": -1, "_y": 0}, {"_time": 38.06, "_x": 0, "_y": 0}, {"_time": 38.223, "_x": 1, "_y": 0}, {"_time": 38.386, "_x": 1, "_y": 1}, {"_time": 38.549, "_x": -1, "_y": 1}, {"_time": 38.713, "_x": -1, "_y": 0}, {"_time": 38.876, "_x": 1, "_y": 0}, {"_time": 39.039, "_x": 1, "_y": -1}, {"_time": 39.202, "_x": -1, "_y": -1}, {"_time": 39.365, "_x": -1, "_y": 0}, {"_time": 39.528, "_x": 1, "_y": -1}, {"_time": 39.691, "_x": 0, "_y": -1}, {"_time": 39.854, "_x": -1, "_y": 1}, {"_time": 40.017, "_x": 0, "_y": 1}, {"_time": 40.18, "_x": -1, "_y": -1}, {"_time": 40.343, "_x": -1, "_y": 0}, {"_time": 40.506, "_x": 1, "_y": 1}, {"_time": 40.669, "_x": 1, "_y": 0}, {"_time": 40.832, "_x": 0, "_y": -1}, {"_time": 40.995, "_x": -1, "_y": 0}, {"_time": 41.158, "_x": 0, "_y": 1}, {"_time": 41.321, "_x": 1, "_y": 0}, {"_time": 41.484, "_x": 1, "_y": -1}, {"_time": 41.81, "_x": -1, "_y": -1}, {"_time": 41.973, "_x": -1, "_y": 0}, {"_time": 42.136, "_x": 1, "_y": 1}, {"_time": 42.299, "_x": 1, "_y": 0}, {"_time": 42.463, "_x": -1, "_y": 1}, {"_time": 42.626, "_x": 0, "_y": 1}, {"_time": 42.789, "_x": 1, "_y": -1}, {"_time": 42.952, "_x": 0, "_y": -1}, {"_time": 43.115, "_x": 0, "_y": 1}, {"_time": 43.278, "_x": 1, "_y": 1}, {"_time": 43.441, "_x": 0, "_y": -1}, {"_time": 43.604, "_x": -1, "_y": -1}, {"_time": 43.767, "_x": 1, "_y": 1}, {"_time": 43.93, "_x": 1, "_y": 0}, {"_time": 44.093, "_x": -1, "_y": -1}, {"_time": 44.256, "_x": -1, "_y": 0}, {"_time": 44.419, "_x": 1, "_y": 0}, {"_time": 44.582, "_x": 1, "_y": 1}, {"_time": 44.745, "_x": -1, "_y": -1}, {"_time": 44.908, "_x": 0, "_y": -1}, {"_time": 45.07, "_x": 0, "_y": 1}, {"_time": 45.234, "_x": -1, "_y": 1}, {"_time": 45.397, "_x": -1, "_y": -1}, {"_time": 45.56, "_x": 0, "_y": -1}, {"_time": 45.723, "_x": 0, "_y": 1}, {"_time": 45.886, "_x": 1, "_y": 1}, {"_time": 46.049, "_x": -1, "_y": -1}, {"_time": 46.213, "_x": -1, "_y": 0}, {"_time": 46.376, "_x": 1, "_y": 0}, {"_time": 46.539, "_x": 1, "_y": -1}, {"_time": 46.702, "_x": -1, "_y": 0}, {"_time": 46.865, "_x": -1, "_y": 1}, {"_time": 47.028, "_x": 1, "_y": 0}, {"_time": 47.191, "_x": -1, "_y": -1}, {"_time": 47.354, "_x": 0, "_y": 1}, {"_time": 47.517, "_x": 1, "_y": -1}, {"_time": 47.68, "_x": -1, "_y": 0}, {"_time": 47.843, "_x": 1, "_y": 0}, {"_time": 48.006, "_x": -1, "_y": -1}, {"_time": 48.169, "_x": 1, "_y": 1}, {"_time": 48.332, "_x": 0, "_y": -1}, {"_time": 48.495, "_x": 0, "_y": 1}, {"_time": 48.658, "_x": 1, "_y": -1}, {"_time": 48.821, "_x": -1, "_y": 0}, {"_time": 48.984, "_x": 1, "_y": 1}, {"_time": 49.147, "_x": 1, "_y": -1}, {"_time": 49.188, "_x": 1, "_y": -1}, {"_time": 49.229, "_x": 0, "_y": -1}, {"_time": 49.27, "_x": 0, "_y": -1}, {"_time": 49.31, "_x": -1, "_y": 0}, {"_time": 49.636, "_x": 1, "_y": 1}, {"_time": 50.126, "_x": -1, "_y": 0}, {"_time": 50.615, "_x": 1, "_y": 1}, {"_time": 50.941, "_x": 1, "_y": -1}, {"_time": 51.104, "_x": 0, "_y": -1}, {"_time": 51.267, "_x": -1, "_y": 0}, {"_time": 51.43, "_x": 0, "_y": 0}, {"_time": 51.593, "_x": 1, "_y": 1}, {"_time": 51.756, "_x": 0, "_y": 1}, {"_time": 51.919, "_x": -1, "_y": -1}, {"_time": 52.082, "_x": 0, "_y": -1}, {"_time": 52.245, "_x": 1, "_y": 1}, {"_time": 52.286, "_x": 0, "_y": 1}, {"_time": 52.327, "_x": -1, "_y": 1}, {"_time": 52.367, "_x": -1, "_y": 0}, {"_time": 52.408, "_x": 0, "_y": 0}, {"_time": 52.449, "_x": 1, "_y": 0}, {"_time": 52.49, "_x": 1, "_y": -1}, {"_time": 52.53, "_x": 0, "_y": -1}, {"_time": 52.571, "_x": -1, "_y": -1}, {"_time": 52.612, "_x": -1, "_y": 0}, {"_time": 52.653, "_x": -1, "_y": 1}, {"_time": 52.693, "_x": 0, "_y": 1}, {"_time": 52.734, "_x": 1, "_y": 1}, {"_time": 52.775, "_x": 1, "_y": 0}, {"_time": 52.816, "_x": 1, "_y": -1}, {"_time": 52.857, "_x": 0, "_y": -1}, {"_time": 52.897, "_x": 0, "_y": 0}, {"_time": 52.938, "_x": 0, "_y": 1}, {"_time": 52.979, "_x": -1, "_y": 1}, {"_time": 53.02, "_x": -1, "_y": 0}, {"_time": 53.06, "_x": 0, "_y": 0}, {"_time": 53.101, "_x": 1, "_y": 0}, {"_time": 53.142, "_x": 1, "_y": -1}, {"_time": 53.183, "_x": 0, "_y": -1}, {"_time": 53.223, "_x": -1, "_y": -1}, {"_time": 53.264, "_x": -1, "_y": 0}, {"_time": 53.305, "_x": -1, "_y": 1}, {"_time": 53.346, "_x": 0, "_y": 1}, {"_time": 53.386, "_x": 1, "_y": 1}, {"_time": 53.427, "_x": 1, "_y": 0}, {"_time": 53.468, "_x": 0, "_y": 0}, {"_time": 53.509, "_x": -1, "_y": 0}, {"_time": 53.549, "_x": -1, "_y": -1}, {"_time": 53.59, "_x": 0, "_y": -1}, {"_time": 53.631, "_x": 1, "_y": -1}, {"_time": 53.672, "_x": 1, "_y": 0}, {"_time": 53.713, "_x": 1, "_y": 1}, {"_time": 53.753, "_x": 0, "_y": 1}, {"_time": 53.794, "_x": 0, "_y": 0}, {"_time": 53.835, "_x": 0, "_y": -1}, {"_time": 53.876, "_x": -1, "_y": -1}, {"_time": 53.916, "_x": -1, "_y": 0}, {"_time": 53.957, "_x": -1, "_y": 1}, {"_time": 53.998, "_x": 0, "_y": 1}, {"_time": 54.039, "_x": 0, "_y": 0}, {"_time": 54.079, "_x": 0, "_y": -1}, {"_time": 54.12, "_x": 1, "_y": -1}, {"_time": 54.161, "_x": 1, "_y": 0}, {"_time": 54.202, "_x": 0, "_y": 0}, {"_time": 54.242, "_x": -1, "_y": 0}, {"_time": 54.283, "_x": -1, "_y": 1}, {"_time": 54.324, "_x": 0, "_y": 1}, {"_time": 54.365, "_x": 1, "_y": 1}, {"_time": 54.405, "_x": 1, "_y": 0}, {"_time": 54.446, "_x": 1, "_y": -1}, {"_time": 54.487, "_x": 0, "_y": -1}, {"_time": 54.528, "_x": -1, "_y": -1}, {"_time": 54.568, "_x": -1, "_y": 0}, {"_time": 54.609, "_x": -1, "_y": 1}, {"_time": 54.65, "_x": 0, "_y": 1}, {"_time": 54.691, "_x": 1, "_y": 1}, {"_time": 54.732, "_x": 1, "_y": 0}, {"_time": 54.772, "_x": 1, "_y": -1}, {"_time": 54.813, "_x": 0, "_y": -1}, {"_time": 54.854, "_x": 0, "_y": 0}, {"_time": 54.895, "_x": 0, "_y": 1}, {"_time": 54.935, "_x": -1, "_y": 1}, {"_time": 54.976, "_x": -1, "_y": 0}, {"_time": 55.017, "_x": -1, "_y": -1}, {"_time": 55.058, "_x": 0, "_y": -1}, {"_time": 55.098, "_x": 1, "_y": -1}, {"_time": 55.139, "_x": 1, "_y": 0}, {"_time": 55.18, "_x": 1, "_y": 1}, {"_time": 55.221, "_x": 0, "_y": 1}, {"_time": 55.261, "_x": 0, "_y": 0}, {"_time": 55.302, "_x": 0, "_y": -1}, {"_time": 55.343, "_x": -1, "_y": -1}, {"_time": 55.384, "_x": -1, "_y": 0}, {"_time": 55.424, "_x": -1, "_y": 1}, {"_time": 55.465, "_x": 0, "_y": 1}, {"_time": 55.506, "_x": 1, "_y": 1}, {"_time": 55.547, "_x": 1, "_y": 0}, {"_time": 55.588, "_x": 0, "_y": 0}, {"_time": 55.628, "_x": -1, "_y": 0}, {"_time": 55.669, "_x": -1, "_y": -1}, {"_time": 55.71, "_x": 0, "_y": -1}, {"_time": 55.751, "_x": 1, "_y": -1}, {"_time": 55.791, "_x": 1, "_y": 0}, {"_time": 55.832, "_x": 1, "_y": 1}, {"_time": 55.873, "_x": 0, "_y": 1}, {"_time": 55.914, "_x": 0, "_y": 0}, {"_time": 55.954, "_x": 0, "_y": -1}, {"_time": 55.995, "_x": -1, "_y": -1}, {"_time": 56.036, "_x": -1, "_y": 0}, {"_time": 56.077, "_x": 0, "_y": 0}, {"_time": 56.117, "_x": 1, "_y": 0}, {"_time": 56.158, "_x": 1, "_y": 1}, {"_time": 56.199, "_x": 0, "_y": 1}, {"_time": 56.24, "_x": -1, "_y": 1}, {"_time": 56.28, "_x": -1, "_y": 0}, {"_time": 56.321, "_x": -1, "_y": -1}, {"_time": 56.362, "_x": 0, "_y": -1}, {"_time": 56.403, "_x": 1, "_y": -1}, {"_time": 56.443, "_x": 1, "_y": 0}, {"_time": 56.484, "_x": 1, "_y": 1}, {"_time": 56.525, "_x": 0, "_y": 1}, {"_time": 56.566, "_x": 0, "_y": 0}, {"_time": 56.607, "_x": 0, "_y": -1}, {"_time": 56.647, "_x": -1, "_y": -1}, {"_time": 56.688, "_x": -1, "_y": 0}, {"_time": 56.729, "_x": -1, "_y": 1}, {"_time": 56.77, "_x": 0, "_y": 1}, {"_time": 56.81, "_x": 1, "_y": 1}, {"_time": 56.851, "_x": 1, "_y": 0}, {"_time": 56.892, "_x": 1, "_y": -1}, {"_time": 56.933, "_x": 0, "_y": -1}, {"_time": 56.973, "_x": 0, "_y": 0}, {"_time": 57.014, "_x": 0, "_y": 1}, {"_time": 57.055, "_x": -1, "_y": 1}, {"_time": 57.096, "_x": -1, "_y": 0}, {"_time": 57.136, "_x": 0, "_y": 0}, {"_time": 57.177, "_x": 1, "_y": 0}, {"_time": 57.218, "_x": 1, "_y": -1}, {"_time": 57.259, "_x": 0, "_y": -1}, {"_time": 57.299, "_x": -1, "_y": -1}, {"_time": 57.34, "_x": -1, "_y": 0}, {"_time": 57.381, "_x": -1, "_y": 1}, {"_time": 57.422, "_x": 0, "_y": 1}, {"_time": 57.463, "_x": 1, "_y": 1}, {"_time": 57.503, "_x": 1, "_y": 0}, {"_time": 57.544, "_x": 0, "_y": 0}, {"_time": 57.585, "_x": -1, "_y": 0}, {"_time": 57.626, "_x": -1, "_y": -1}, {"_time": 57.666, "_x": 0, "_y": -1}, {"_time": 57.707, "_x": 1, "_y": -1}, {"_time": 57.748, "_x": 1, "_y": 0}, {"_time": 57.789, "_x": 1, "_y": 1}, {"_time": 57.829, "_x": 0, "_y": 1}, {"_time": 57.87, "_x": 0, "_y": 0}, {"_time": 57.911, "_x": 0, "_y": -1}, {"_time": 57.952, "_x": -1, "_y": -1}, {"_time": 57.992, "_x": -1, "_y": 0}, {"_time": 58.033, "_x": -1, "_y": 1}, {"_time": 58.074, "_x": 0, "_y": 1}, {"_time": 58.115, "_x": 1, "_y": 1}, {"_time": 58.155, "_x": 1, "_y": 0}, {"_time": 58.196, "_x": 1, "_y": -1}, {"_time": 58.237, "_x": 0, "_y": -1}, {"_time": 58.278, "_x": 0, "_y": 0}, {"_time": 58.318, "_x": 0, "_y": 1}, {"_time": 58.359, "_x": -1, "_y": 1}, {"_time": 58.4, "_x": -1, "_y": 0}, {"_time": 58.441, "_x": 0, "_y": 0}, {"_time": 58.482, "_x": 1, "_y": 0}, {"_time": 58.522, "_x": 1, "_y": -1}, {"_time": 58.563, "_x": 0, "_y": -1}, {"_time": 58.604, "_x": -1, "_y": -1}, {"_time": 58.645, "_x": -1, "_y": 0}, {"_time": 58.685, "_x": 0, "_y": 0}, {"_time": 58.726, "_x": 1, "_y": 0}, {"_time": 58.767, "_x": 1, "_y": 1}, {"_time": 58.808, "_x": 0, "_y": 1}, {"_time": 58.848, "_x": -1, "_y": 1}, {"_time": 58.889, "_x": -1, "_y": 0}, {"_time": 58.93, "_x": -1, "_y": -1}, {"_time": 58.971, "_x": 0, "_y": -1}, {"_time": 59.011, "_x": 1, "_y": -1}, {"_time": 59.052, "_x": 1, "_y": 0}, {"_time": 59.093, "_x": 1, "_y": 1}, {"_time": 59.134, "_x": 0, "_y": 1}, {"_time": 59.174, "_x": 0, "_y": 0}, {"_time": 59.215, "_x": 0, "_y": -1}, {"_time": 59.256, "_x": -1, "_y": -1}, {"_time": 59.297, "_x": -1, "_y": 0}, {"_time": 59.338, "_x": -1, "_y": 1}, {"_time": 59.378, "_x": 0, "_y": 1}, {"_time": 59.419, "_x": 1, "_y": 1}, {"_time": 59.46, "_x": 1, "_y": 0}, {"_time": 59.501, "_x": 0, "_y": 0}, {"_time": 59.541, "_x": -1, "_y": 0}, {"_time": 59.582, "_x": -1, "_y": -1}, {"_time": 59.623, "_x": 0, "_y": -1}, {"_time": 59.664, "_x": 1, "_y": -1}, {"_time": 59.704, "_x": 1, "_y": 0}, {"_time": 59.745, "_x": 1, "_y": 1}, {"_time": 59.786, "_x": 0, "_y": 1}, {"_time": 59.827, "_x": 0, "_y": 0}, {"_time": 59.867, "_x": 0, "_y": -1}, {"_time": 59.908, "_x": -1, "_y": -1}, {"_time": 59.949, "_x": -1, "_y": 0}, {"_time": 59.99, "_x": 0, "_y": 0}, {"_time": 60.03, "_x": 1, "_y": 0}, {"_time": 60.071, "_x": 1, "_y": 1}, {"_time": 60.112, "_x": 0, "_y": 1}, {"_time": 60.153, "_x": -1, "_y": 1}, {"_time": 60.193, "_x": -1, "_y": 0}, {"_time": 60.234, "_x": -1, "_y": -1}, {"_time": 60.275, "_x": 0, "_y": -1}, {"_time": 60.316, "_x": 1, "_y": -1}, {"_time": 60.357, "_x": 1, "_y": 0}, {"_time": 60.397, "_x": 0, "_y": 0}, {"_time": 60.438, "_x": -1, "_y": 0}, {"_time": 60.479, "_x": -1, "_y": 1}, {"_time": 60.52, "_x": 0, "_y": 1}, {"_time": 60.56, "_x": 1, "_y": 1}, {"_time": 60.601, "_x": 1, "_y": 0}, {"_time": 60.642, "_x": 1, "_y": -1}, {"_time": 60.683, "_x": 0, "_y": -1}, {"_time": 60.723, "_x": -1, "_y": -1}, {"_time": 60.764, "_x": -1, "_y": 0}, {"_time": 60.805, "_x": -1, "_y": 1}, {"_time": 60.846, "_x": 0, "_y": 1}, {"_time": 60.886, "_x": 0, "_y": 0}, {"_time": 60.927, "_x": 0, "_y": -1}, {"_time": 60.968, "_x": 1, "_y": -1}, {"_time": 61.009, "_x": 1, "_y": 0}, {"_time": 61.049, "_x": 1, "_y": 1}, {"_time": 61.09, "_x": 0, "_y": 1}, {"_time": 61.131, "_x": -1, "_y": 1}, {"_time": 61.172, "_x": -1, "_y": 0}, {"_time": 61.213, "_x": -1, "_y": -1}, {"_time": 61.253, "_x": 0, "_y": -1}, {"_time": 61.294, "_x": 0, "_y": 0}, {"_time": 61.335, "_x": 0, "_y": 1}, {"_time": 61.376, "_x": 1, "_y": 1}, {"_time": 61.416, "_x": 1, "_y": 0}, {"_time": 61.456, "_x": 0, "_y": 0}, {"_time": 61.497, "_x": -1, "_y": 0}, {"_time": 61.538, "_x": -1, "_y": -1}, {"_time": 61.579, "_x": 0, "_y": -1}, {"_time": 61.619, "_x": 1, "_y": -1}, {"_time": 61.66, "_x": 1, "_y": 0}, {"_time": 61.701, "_x": 0, "_y": 0}, {"_time": 61.742, "_x": -1, "_y": 0}, {"_time": 61.782, "_x": -1, "_y": 1}, {"_time": 61.823, "_x": 0, "_y": 1}, {"_time": 61.864, "_x": 1, "_y": 1}, {"_time": 61.905, "_x": 1, "_y": 0}, {"_time": 61.945, "_x": 1, "_y": -1}, {"_time": 61.986, "_x": 0, "_y": -1}, {"_time": 62.027, "_x": 0, "_y": 0}, {"_time": 62.068, "_x": 0, "_y": 1}, {"_time": 62.108, "_x": -1, "_y": 1}, {"_time": 62.149, "_x": -1, "_y": 0}, {"_time": 62.19, "_x": 0, "_y": 0}, {"_time": 62.231, "_x": 1, "_y": 0}, {"_time": 62.272, "_x": 1, "_y": -1}, {"_time": 62.312, "_x": 0, "_y": -1}, {"_time": 62.353, "_x": -1, "_y": -1}, {"_time": 62.395, "_x": -1, "_y": 0}, {"_time": 62.435, "_x": -1, "_y": 1}, {"_time": 62.476, "_x": 0, "_y": 1}, {"_time": 62.517, "_x": 1, "_y": 1}, {"_time": 62.558, "_x": 1, "_y": 0}, {"_time": 62.598, "_x": 1, "_y": -1}, {"_time": 62.639, "_x": 0, "_y": -1}, {"_time": 62.68, "_x": 0, "_y": 0}, {"_time": 62.721, "_x": 0, "_y": 1}, {"_time": 62.761, "_x": -1, "_y": 1}, {"_time": 62.802, "_x": -1, "_y": 0}, {"_time": 62.843, "_x": -1, "_y": -1}, {"_time": 62.884, "_x": 0, "_y": -1}, {"_time": 62.924, "_x": 1, "_y": -1}, {"_time": 62.965, "_x": 1, "_y": 0}, {"_time": 63.006, "_x": 1, "_y": 1}, {"_time": 63.047, "_x": 0, "_y": 1}, {"_time": 63.088, "_x": 0, "_y": 0}, {"_time": 63.128, "_x": 0, "_y": -1}, {"_time": 63.169, "_x": -1, "_y": -1}, {"_time": 63.21, "_x": -1, "_y": 0}, {"_time": 63.251, "_x": 0, "_y": 0}, {"_time": 63.291, "_x": 1, "_y": 0}, {"_time": 63.332, "_x": 1, "_y": 1}, {"_time": 63.373, "_x": 0, "_y": 1}, {"_time": 63.414, "_x": -1, "_y": 1}, {"_time": 63.454, "_x": -1, "_y": 0}, {"_time": 63.495, "_x": -1, "_y": -1}, {"_time": 63.536, "_x": 0, "_y": -1}, {"_time": 63.577, "_x": 1, "_y": -1}, {"_time": 63.617, "_x": 1, "_y": 0}, {"_time": 63.658, "_x": 0, "_y": 0}, {"_time": 63.699, "_x": -1, "_y": 0}, {"_time": 63.74, "_x": -1, "_y": 1}, {"_time": 63.78, "_x": 0, "_y": 1}, {"_time": 63.821, "_x": 1, "_y": 1}, {"_time": 63.862, "_x": 1, "_y": 0}, {"_time": 63.903, "_x": 1, "_y": -1}, {"_time": 63.943, "_x": 0, "_y": -1}, {"_time": 63.984, "_x": 0, "_y": 0}, {"_time": 64.025, "_x": 0, "_y": 1}, {"_time": 64.066, "_x": -1, "_y": 1}, {"_time": 64.107, "_x": -1, "_y": 0}, {"_time": 64.147, "_x": 0, "_y": 0}, {"_time": 64.188, "_x": 1, "_y": 0}, {"_time": 64.229, "_x": 1, "_y": -1}, {"_time": 64.27, "_x": 0, "_y": -1}, {"_time": 64.31, "_x": -1, "_y": -1}, {"_time": 64.351, "_x": -1, "_y": 0}, {"_time": 64.392, "_x": -1, "_y": 1}, {"_time": 64.433, "_x": 0, "_y": 1}, {"_time": 64.473, "_x": 0, "_y": 0}, {"_time": 64.514, "_x": 0, "_y": -1}, {"_time": 64.555, "_x": 1, "_y": -1}, {"_time": 64.596, "_x": 1, "_y": 0}, {"_time": 64.636, "_x": 1, "_y": 1}, {"_time": 64.677, "_x": 0, "_y": 1}, {"_time": 64.718, "_x": -1, "_y": 1}, {"_time": 64.759, "_x": -1, "_y": 0}, {"_time": 64.799, "_x": -1, "_y": -1}, {"_time": 64.84, "_x": 0, "_y": -1}, {"_time": 64.881, "_x": 0, "_y": 0}, {"_time": 64.922, "_x": 0, "_y": 1}, {"_time": 64.963, "_x": 1, "_y": 1}, {"_time": 65.003, "_x": 1, "_y": 0}, {"_time": 65.044, "_x": 0, "_y": 0}, {"_time": 65.085, "_x": -1, "_y": 0}, {"_time": 65.126, "_x": -1, "_y": -1}, {"_time": 65.166, "_x": 0, "_y": -1}, {"_time": 65.207, "_x": 1, "_y": -1}, {"_time": 65.248, "_x": 1, "_y": 0}, {"_time": 65.289, "_x": 1, "_y": 1}, {"_time": 65.329, "_x": 0, "_y": 1}, {"_time": 65.37, "_x": -1, "_y": 1}, {"_time": 65.411, "_x": -1, "_y": 0}, {"_time": 65.452, "_x": 0, "_y": 0}, {"_time": 65.492, "_x": 1, "_y": 0}, {"_time": 65.533, "_x": 1, "_y": -1}, {"_time": 65.574, "_x": 0, "_y": -1}, {"_time": 65.615, "_x": -1, "_y": -1}, {"_time": 65.655, "_x": -1, "_y": 0}, {"_time": 65.696, "_x": -1, "_y": 1}, {"_time": 65.737, "_x": 0, "_y": 1}, {"_time": 65.778, "_x": 1, "_y": 1}, {"_time": 65.818, "_x": 1, "_y": 0}, {"_time": 65.859, "_x": 1, "_y": -1}, {"_time": 65.9, "_x": 0, "_y": -1}, {"_time": 65.941, "_x": 0, "_y": 0}, {"_time": 65.982, "_x": 0, "_y": 1}, {"_time": 66.022, "_x": -1, "_y": 1}, {"_time": 66.063, "_x": -1, "_y": 0}, {"_time": 66.104, "_x": -1, "_y": -1}, {"_time": 66.145, "_x": 0, "_y": -1}, {"_time": 66.185, "_x": 1, "_y": -1}, {"_time": 66.226, "_x": 1, "_y": 0}, {"_time": 66.267, "_x": 0, "_y": 0}, {"_time": 66.308, "_x": -1, "_y": 0}, {"_time": 66.348, "_x": -1, "_y": 1}, {"_time": 66.389, "_x": 0, "_y": 1}, {"_time": 66.43, "_x": 1, "_y": 1}, {"_time": 66.471, "_x": 1, "_y": 0}, {"_time": 66.511, "_x": 1, "_y": -1}, {"_time": 66.552, "_x": 0, "_y": -1}, {"_time": 66.593, "_x": 0, "_y": 0}, {"_time": 66.634, "_x": 0, "_y": 1}, {"_time": 66.674, "_x": -1, "_y": 1}, {"_time": 66.715, "_x": -1, "_y": 0}, {"_time": 66.756, "_x": 0, "_y": 0}, {"_time": 66.797, "_x": 1, "_y": 0}, {"_time": 66.838, "_x": 1, "_y": -1}, {"_time": 66.878, "_x": 0, "_y": -1}, {"_time": 66.919, "_x": -1, "_y": -1}, {"_time": 66.96, "_x": -1, "_y": 0}, {"_time": 67.001, "_x": 0, "_y": 0}, {"_time": 67.041, "_x": 1, "_y": 0}, {"_time": 67.082, "_x": 1, "_y": 1}, {"_time": 67.123, "_x": 0, "_y": 1}, {"_time": 67.164, "_x": -1, "_y": 1}, {"_time": 67.204, "_x": -1, "_y": 0}, {"_time": 67.245, "_x": -1, "_y": -1}, {"_time": 67.286, "_x": 0, "_y": -1}, {"_time": 67.327, "_x": 0, "_y": 0}, {"_time": 67.367, "_x": 0, "_y": 1}, {"_time": 67.408, "_x": 1, "_y": 1}, {"_time": 67.449, "_x": 1, "_y": 0}, {"_time": 67.49, "_x": 0, "_y": 0}, {"_time": 67.53, "_x": -1, "_y": 0}, {"_time": 67.571, "_x": -1, "_y": -1}, {"_time": 67.612, "_x": 0, "_y": -1}, {"_time": 67.653, "_x": 1, "_y": -1}, {"_time": 67.693, "_x": 1, "_y": 0}, {"_time": 67.734, "_x": 1, "_y": 1}, {"_time": 67.775, "_x": 0, "_y": 1}, {"_time": 67.816, "_x": -1, "_y": 1}, {"_time": 67.857, "_x": -1, "_y": 0}, {"_time": 67.897, "_x": -1, "_y": -1}, {"_time": 67.938, "_x": 0, "_y": -1}, {"_time": 67.979, "_x": 0, "_y": 0}, {"_time": 68.02, "_x": 0, "_y": 1}, {"_time": 68.06, "_x": 1, "_y": 1}, {"_time": 68.101, "_x": 1, "_y": 0}, {"_time": 68.142, "_x": 1, "_y": -1}, {"_time": 68.183, "_x": 0, "_y": -1}, {"_time": 68.223, "_x": -1, "_y": -1}, {"_time": 68.264, "_x": -1, "_y": 0}, {"_time": 68.305, "_x": 0, "_y": 0}, {"_time": 68.346, "_x": 1, "_y": 0}, {"_time": 68.386, "_x": 1, "_y": 1}, {"_time": 68.427, "_x": 0, "_y": 1}, {"_time": 68.468, "_x": -1, "_y": 1}, {"_time": 68.509, "_x": -1, "_y": 0}, {"_time": 68.549, "_x": -1, "_y": -1}, {"_time": 68.59, "_x": 0, "_y": -1}, {"_time": 68.631, "_x": 1, "_y": -1}, {"_time": 68.672, "_x": 1, "_y": 0}, {"_time": 68.713, "_x": 1, "_y": 1}, {"_time": 68.753, "_x": 0, "_y": 1}, {"_time": 68.794, "_x": 0, "_y": 0}, {"_time": 68.835, "_x": 0, "_y": -1}, {"_time": 68.876, "_x": -1, "_y": -1}, {"_time": 68.916, "_x": -1, "_y": 0}, {"_time": 68.957, "_x": 0, "_y": 0}, {"_time": 68.998, "_x": 1, "_y": 0}, {"_time": 69.039, "_x": 1, "_y": 1}, {"_time": 69.079, "_x": 0, "_y": 1}, {"_time": 69.12, "_x": -1, "_y": 1}, {"_time": 69.161, "_x": -1, "_y": 0}, {"_time": 69.202, "_x": -1, "_y": -1}, {"_time": 69.242, "_x": 0, "_y": -1}, {"_time": 69.283, "_x": 1, "_y": -1}, {"_time": 69.324, "_x": 1, "_y": 0}, {"_time": 69.365, "_x": 0, "_y": 0}, {"_time": 69.405, "_x": -1, "_y": 0}, {"_time": 69.446, "_x": -1, "_y": 1}, {"_time": 69.487, "_x": 0, "_y": 1}, {"_time": 69.528, "_x": 1, "_y": 1}, {"_time": 69.568, "_x": 1, "_y": 0}, {"_time": 69.609, "_x": 1, "_y": -1}, {"_time": 69.65, "_x": 0, "_y": -1}, {"_time": 69.691, "_x": 0, "_y": 0}, {"_time": 69.732, "_x": 0, "_y": 1}, {"_time": 69.772, "_x": -1, "_y": 1}, {"_time": 69.813, "_x": -1, "_y": 0}, {"_time": 69.854, "_x": -1, "_y": -1}, {"_time": 69.895, "_x": 0, "_y": -1}, {"_time": 69.935, "_x": 1, "_y": -1}, {"_time": 69.976, "_x": 1, "_y": 0}, {"_time": 70.017, "_x": 0, "_y": 0}, {"_time": 70.058, "_x": -1, "_y": 0}, {"_time": 70.098, "_x": -1, "_y": 1}, {"_time": 70.139, "_x": 0, "_y": 1}, {"_time": 70.18, "_x": 1, "_y": 1}, {"_time": 70.221, "_x": 1, "_y": 0}, {"_time": 70.261, "_x": 1, "_y": -1}, {"_time": 70.302, "_x": 0, "_y": -1}, {"_time": 70.343, "_x": 0, "_y": 0}, {"_time": 70.384, "_x": 0, "_y": 1}, {"_time": 70.424, "_x": -1, "_y": 1}, {"_time": 70.465, "_x": -1, "_y": 0}, {"_time": 70.506, "_x": -1, "_y": -1}, {"_time": 70.547, "_x": 0, "_y": -1}, {"_time": 70.588, "_x": 1, "_y": -1}, {"_time": 70.628, "_x": 1, "_y": 0}, {"_time": 70.669, "_x": 0, "_y": 0}, {"_time": 70.71, "_x": -1, "_y": 0}, {"_time": 70.751, "_x": -1, "_y": 1}, {"_time": 70.791, "_x": 0, "_y": 1}, {"_time": 70.832, "_x": 1, "_y": 1}, {"_time": 70.873, "_x": 1, "_y": 0}, {"_time": 70.914, "_x": 1, "_y": -1}, {"_time": 70.954, "_x": 0, "_y": -1}, {"_time": 70.995, "_x": 0, "_y": 0}, {"_time": 71.036, "_x": 0, "_y": 1}, {"_time": 71.077, "_x": -1, "_y": 1}, {"_time": 71.117, "_x": -1, "_y": 0}, {"_time": 71.158, "_x": 0, "_y": 0}, {"_time": 71.199, "_x": 1, "_y": 0}, {"_time": 71.24, "_x": 1, "_y": -1}, {"_time": 71.28, "_x": 0, "_y": -1}, {"_time": 71.321, "_x": -1, "_y": -1}, {"_time": 71.362, "_x": -1, "_y": 0}, {"_time": 71.403, "_x": 0, "_y": 0}, {"_time": 71.443, "_x": 1, "_y": 0}, {"_time": 71.484, "_x": 1, "_y": 1}, {"_time": 71.525, "_x": 0, "_y": 1}, {"_time": 71.566, "_x": -1, "_y": 1}, {"_time": 71.607, "_x": -1, "_y": 0}, {"_time": 71.647, "_x": -1, "_y": -1}, {"_time": 71.688, "_x": 0, "_y": -1}, {"_time": 71.729, "_x": 0, "_y": 0}, {"_time": 71.77, "_x": 0, "_y": 1}, {"_time": 71.81, "_x": 1, "_y": 1}, {"_time": 71.851, "_x": 1, "_y": 0}, {"_time": 71.892, "_x": 1, "_y": -1}, {"_time": 71.933, "_x": 0, "_y": -1}, {"_time": 71.973, "_x": -1, "_y": -1}, {"_time": 72.014, "_x": -1, "_y": 0}, {"_time": 72.055, "_x": -1, "_y": 1}, {"_time": 72.096, "_x": 0, "_y": 1}, {"_time": 72.136, "_x": 1, "_y": 1}, {"_time": 72.177, "_x": 1, "_y": 0}, {"_time": 72.218, "_x": 1, "_y": -1}, {"_time": 72.259, "_x": 0, "_y": -1}, {"_time": 72.299, "_x": 0, "_y": 0}, {"_time": 72.34, "_x": 0, "_y": 1}, {"_time": 72.381, "_x": -1, "_y": 1}, {"_time": 72.422, "_x": -1, "_y": 0}, {"_time": 72.463, "_x": -1, "_y": -1}, {"_time": 72.503, "_x": 0, "_y": -1}, {"_time": 72.544, "_x": 1, "_y": -1}, {"_time": 72.585, "_x": 1, "_y": 0}, {"_time": 72.626, "_x": 0, "_y": 0}, {"_time": 72.666, "_x": -1, "_y": 0}, {"_time": 72.707, "_x": -1, "_y": 1}, {"_time": 72.748, "_x": 0, "_y": 1}, {"_time": 72.789, "_x": 1, "_y": 1}, {"_time": 72.829, "_x": 1, "_y": 0}, {"_time": 72.87, "_x": 1, "_y": -1}, {"_time": 72.911, "_x": 0, "_y": -1}, {"_time": 72.952, "_x": 0, "_y": 0}, {"_time": 72.992, "_x": 0, "_y": 1}, {"_time": 73.033, "_x": -1, "_y": 1}, {"_time": 73.074, "_x": -1, "_y": 0}, {"_time": 73.115, "_x": 0, "_y": 0}, {"_time": 73.155, "_x": 1, "_y": 0}, {"_time": 73.196, "_x": 1, "_y": -1}, {"_time": 73.237, "_x": 0, "_y": -1}, {"_time": 73.278, "_x": -1, "_y": -1}, {"_time": 73.318, "_x": -1, "_y": 0}, {"_time": 73.359, "_x": -1, "_y": 1}, {"_time": 73.4, "_x": 0, "_y": 1}, {"_time": 73.441, "_x": 0, "_y": 0}, {"_time": 73.482, "_x": 0, "_y": -1}, {"_time": 73.522, "_x": 1, "_y": -1}, {"_time": 73.563, "_x": 1, "_y": 0}, {"_time": 73.604, "_x": 0, "_y": 0}, {"_time": 73.645, "_x": -1, "_y": 0}, {"_time": 73.685, "_x": -1, "_y": 1}, {"_time": 73.726, "_x": 0, "_y": 1}, {"_time": 73.767, "_x": 1, "_y": 1}, {"_time": 73.808, "_x": 1, "_y": 0}, {"_time": 73.848, "_x": 1, "_y": -1}, {"_time": 73.889, "_x": 0, "_y": -1}, {"_time": 73.93, "_x": -1, "_y": -1}, {"_time": 73.971, "_x": -1, "_y": 0}, {"_time": 74.011, "_x": 0, "_y": 0}, {"_time": 74.052, "_x": 1, "_y": 0}, {"_time": 74.093, "_x": 1, "_y": 1}, {"_time": 74.134, "_x": 0, "_y": 1}, {"_time": 74.174, "_x": -1, "_y": 1}, {"_time": 74.215, "_x": -1, "_y": 0}, {"_time": 74.256, "_x": -1, "_y": -1}, {"_time": 74.297, "_x": 0, "_y": -1}, {"_time": 74.338, "_x": 0, "_y": 0}, {"_time": 74.378, "_x": 0, "_y": 1}, {"_time": 74.419, "_x": 1, "_y": 1}, {"_time": 74.46, "_x": 1, "_y": 0}, {"_time": 74.501, "_x": 1, "_y": -1}, {"_time": 74.541, "_x": 0, "_y": -1}, {"_time": 74.582, "_x": -1, "_y": -1}, {"_time": 74.623, "_x": -1, "_y": 0}, {"_time": 74.664, "_x": -1, "_y": 1}, {"_time": 74.704, "_x": 0, "_y": 1}, {"_time": 74.745, "_x": 1, "_y": 1}, {"_time": 74.786, "_x": 1, "_y": 0}, {"_time": 74.827, "_x": 0, "_y": 0}, {"_time": 74.867, "_x": -1, "_y": 0}, {"_time": 74.908, "_x": -1, "_y": -1}, {"_time": 74.949, "_x": 0, "_y": -1}, {"_time": 74.99, "_x": 1, "_y": -1}, {"_time": 75.03, "_x": 1, "_y": 0}, {"_time": 75.071, "_x": 0, "_y": 0}, {"_time": 75.112, "_x": -1, "_y": 0}, {"_time": 75.153, "_x": -1, "_y": 1}, {"_time": 75.193, "_x": 0, "_y": 1}, {"_time": 75.234, "_x": 1, "_y": 1}, {"_time": 75.275, "_x": 1, "_y": 0}, {"_time": 75.316, "_x": 1, "_y": -1}, {"_time": 75.357, "_x": 0, "_y": -1}, {"_time": 75.397, "_x": 0, "_y": 0}, {"_time": 75.438, "_x": 0, "_y": 1}, {"_time": 75.479, "_x": -1, "_y": 1}, {"_time": 75.52, "_x": -1, "_y": 0}, {"_time": 75.56, "_x": 0, "_y": 0}, {"_time": 75.601, "_x": 1, "_y": 0}, {"_time": 75.642, "_x": 1, "_y": -1}, {"_time": 75.683, "_x": 0, "_y": -1}, {"_time": 75.723, "_x": -1, "_y": -1}, {"_time": 75.764, "_x": -1, "_y": 0}, {"_time": 75.805, "_x": -1, "_y": 1}, {"_time": 75.886, "_x": 1, "_y": 1}, {"_time": 75.927, "_x": 1, "_y": 0}, {"_time": 75.968, "_x": 0, "_y": -1}, {"_time": 76.009, "_x": -1, "_y": -1}, {"_time": 76.049, "_x": -1, "_y": 1}, {"_time": 76.09, "_x": 0, "_y": 1}, {"_time": 76.131, "_x": 1, "_y": 0}, {"_time": 76.172, "_x": 1, "_y": -1}, {"_time": 76.213, "_x": -1, "_y": -1}, {"_time": 76.253, "_x": -1, "_y": 0}, {"_time": 76.294, "_x": 0, "_y": 1}, {"_time": 76.335, "_x": 1, "_y": 1}, {"_time": 76.376, "_x": 1, "_y": -1}, {"_time": 76.416, "_x": 0, "_y": -1}, {"_time": 76.457, "_x": -1, "_y": 0}, {"_time": 76.498, "_x": -1, "_y": 1}, {"_time": 76.539, "_x": 1, "_y": 1}, {"_time": 76.58, "_x": 1, "_y": 0}, {"_time": 76.621, "_x": 0, "_y": -1}, {"_time": 76.662, "_x": -1, "_y": -1}, {"_time": 76.702, "_x": -1, "_y": 1}, {"_time": 76.743, "_x": 0, "_y": 1}, {"_time": 76.784, "_x": 1, "_y": 0}, {"_time": 76.825, "_x": 1, "_y": -1}, {"_time": 76.865, "_x": -1, "_y": 0}, {"_time": 77.191, "_x": 1, "_y": -1}, {"_time": 77.354, "_x": 1, "_y": 0}, {"_time": 77.517, "_x": -1, "_y": 0}, {"_time": 77.598, "_x": 0, "_y": -1}, {"_time": 77.68, "_x": 1, "_y": 0}, {"_time": 77.843, "_x": -1, "_y": 1}, {"_time": 78.006, "_x": 0, "_y": -1}, {"_time": 78.332, "_x": 1, "_y": 1}, {"_time": 78.577, "_x": 1, "_y": 1}, {"_time": 78.821, "_x": 1, "_y": 1}, {"_time": 79.636, "_x": -1, "_y": -1}, {"_time": 79.881, "_x": -1, "_y": -1}, {"_time": 80.126, "_x": -1, "_y": -1}, {"_time": 80.941, "_x": 1, "_y": 0}, {"_time": 81.185, "_x": 1, "_y": 0}, {"_time": 81.43, "_x": 1, "_y": 0}, {"_time": 82.245, "_x": -1, "_y": 1}, {"_time": 82.49, "_x": -1, "_y": 1}, {"_time": 82.734, "_x": -1, "_y": 1}, {"_time": 82.897, "_x": 1, "_y": -1}, {"_time": 83.142, "_x": 1, "_y": -1}, {"_time": 83.386, "_x": 1, "_y": -1}, {"_time": 83.549, "_x": 0, "_y": 1}, {"_time": 84.202, "_x": 1, "_y": -1}, {"_time": 84.365, "_x": -1, "_y": 0}, {"_time": 84.528, "_x": 1, "_y": 0}, {"_time": 84.691, "_x": -1, "_y": -1}, {"_time": 84.854, "_x": 1, "_y": 1}, {"_time": 85.017, "_x": 0, "_y": -1}, {"_time": 85.18, "_x": -1, "_y": 1}, {"_time": 85.343, "_x": 1, "_y": 0}, {"_time": 85.506, "_x": -1, "_y": -1}, {"_time": 85.588, "_x": -1, "_y": 0}, {"_time": 85.669, "_x": 0, "_y": 1}, {"_time": 85.832, "_x": 1, "_y": -1}, {"_time": 85.914, "_x": 0, "_y": -1}, {"_time": 85.995, "_x": -1, "_y": 0}, {"_time": 86.158, "_x": 1, "_y": 1}, {"_time": 86.81, "_x": -1, "_y": 1}, {"_time": 87.463, "_x": 1.25, "_y": -1}, {"_time": 87.626, "_x": 1.25, "_y": 0}, {"_time": 87.789, "_x": -1, "_y": 0}, {"_time": 87.952, "_x": -1, "_y": 1}, {"_time": 88.115, "_x": 1, "_y": 1}, {"_time": 88.196, "_x": 1, "_y": 0}, {"_time": 88.278, "_x": 0, "_y": -1}, {"_time": 88.359, "_x": -1, "_y": 0}, {"_time": 88.441, "_x": 0, "_y": 1}, {"_time": 88.604, "_x": 1, "_y": -1}, {"_time": 88.767, "_x": -1, "_y": 0}, {"_time": 89.093, "_x": 1, "_y": 0}, {"_time": 89.582, "_x": -1, "_y": -1}, {"_time": 89.745, "_x": 0, "_y": 1}, {"_time": 90.071, "_x": 0, "_y": -1}, {"_time": 90.397, "_x": -1, "_y": 1}, {"_time": 90.56, "_x": 1, "_y": -1}, {"_time": 90.886, "_x": 0, "_y": 1}, {"_time": 91.049, "_x": -1, "_y": -1}, {"_time": 91.376, "_x": 1, "_y": 0}, {"_time": 91.702, "_x": -1, "_y": 0}, {"_time": 92.191, "_x": 1, "_y": -1}, {"_time": 92.354, "_x": -1, "_y": 1}, {"_time": 92.68, "_x": 0, "_y": -1}, {"_time": 93.006, "_x": 1, "_y": 1}, {"_time": 93.332, "_x": -1, "_y": 0}, {"_time": 93.495, "_x": 1, "_y": 0}, {"_time": 93.658, "_x": -1, "_y": -1}, {"_time": 93.984, "_x": 1, "_y": 1}, {"_time": 94.066, "_x": 0, "_y": 1}, {"_time": 94.147, "_x": -1, "_y": 0}, {"_time": 94.31, "_x": 1, "_y": -1}, {"_time": 94.473, "_x": -1, "_y": 0}, {"_time": 94.555, "_x": 0, "_y": 0}, {"_time": 94.636, "_x": 1, "_y": 0}, {"_time": 94.799, "_x": -1, "_y": -1}, {"_time": 94.963, "_x": -1, "_y": -1}, {"_time": 95.289, "_x": 0, "_y": 1}, {"_time": 95.37, "_x": 0, "_y": 0}, {"_time": 95.452, "_x": 0, "_y": -1}, {"_time": 95.615, "_x": 1, "_y": 1}, {"_time": 95.778, "_x": -1, "_y": 0}, {"_time": 95.859, "_x": 0, "_y": 0}, {"_time": 95.941, "_x": 1, "_y": -1}, {"_time": 96.104, "_x": -1, "_y": -1}, {"_time": 96.267, "_x": -1, "_y": 1}, {"_time": 96.43, "_x": 1, "_y": 1}, {"_time": 96.593, "_x": 1, "_y": -1}, {"_time": 96.674, "_x": 0, "_y": -1}, {"_time": 96.756, "_x": -1, "_y": 0}, {"_time": 96.919, "_x": 1, "_y": 1}, {"_time": 97.082, "_x": 0, "_y": -1}, {"_time": 97.164, "_x": 0, "_y": 0}, {"_time": 97.245, "_x": 0, "_y": 1}, {"_time": 97.408, "_x": 1, "_y": -1}, {"_time": 97.571, "_x": 1, "_y": -1}, {"_time": 97.734, "_x": -1, "_y": 0}, {"_time": 97.816, "_x": 0, "_y": 0}, {"_time": 97.897, "_x": 1, "_y": 0}, {"_time": 97.979, "_x": 1, "_y": -1}, {"_time": 98.06, "_x": -1, "_y": -1}, {"_time": 98.142, "_x": -1, "_y": 0}, {"_time": 98.223, "_x": 1, "_y": 0}, {"_time": 98.305, "_x": 1, "_y": 1}, {"_time": 98.386, "_x": -1, "_y": 1}, {"_time": 98.468, "_x": -1, "_y": 0}, {"_time": 98.549, "_x": 1, "_y": -1}, {"_time": 98.631, "_x": 1, "_y": 0}, {"_time": 98.713, "_x": 0, "_y": 1}, {"_time": 98.794, "_x": -1, "_y": 1}, {"_time": 98.876, "_x": -1, "_y": -1}, {"_time": 98.957, "_x": 0, "_y": -1}, {"_time": 99.039, "_x": 0, "_y": 0}, {"_time": 99.12, "_x": 0, "_y": 1}, {"_time": 99.202, "_x": 1, "_y": 1}, {"_time": 99.528, "_x": 1, "_y": -1}, {"_time": 99.691, "_x": -1, "_y": 0}, {"_time": 99.772, "_x": 0, "_y": 0}, {"_time": 99.854, "_x": 1, "_y": 0}, {"_time": 100.017, "_x": -1, "_y": -1}, {"_time": 100.18, "_x": 1, "_y": 1}, {"_time": 100.506, "_x": 0, "_y": -1}, {"_time": 100.588, "_x": 0, "_y": 0}, {"_time": 100.669, "_x": 0, "_y": 1}, {"_time": 100.832, "_x": 1, "_y": -1}, {"_time": 100.995, "_x": -1, "_y": 1}, {"_time": 101.077, "_x": 0, "_y": 1}, {"_time": 101.158, "_x": 1, "_y": 0}, {"_time": 101.321, "_x": -1, "_y": 0}, {"_time": 101.484, "_x": 1, "_y": 1}, {"_time": 101.81, "_x": -1, "_y": -1}, {"_time": 101.892, "_x": 0, "_y": -1}, {"_time": 101.973, "_x": 1, "_y": 0}, {"_time": 102.136, "_x": -1, "_y": 1}, {"_time": 102.299, "_x": 0, "_y": -1}, {"_time": 102.381, "_x": 0, "_y": 0}, {"_time": 102.463, "_x": 0, "_y": 1}, {"_time": 102.626, "_x": 1, "_y": -1}, {"_time": 102.789, "_x": 1, "_y": -1}, {"_time": 103.115, "_x": -1, "_y": 0}, {"_time": 103.278, "_x": 1, "_y": 0}, {"_time": 103.441, "_x": -1, "_y": -1}, {"_time": 103.604, "_x": -1, "_y": -1}, {"_time": 103.767, "_x": 0, "_y": 1}, {"_time": 103.93, "_x": 0, "_y": 1}, {"_time": 104.093, "_x": 1, "_y": -1}, {"_time": 104.419, "_x": -1, "_y": 0}, {"_time": 104.501, "_x": 0, "_y": 0}, {"_time": 104.582, "_x": 1, "_y": 0}, {"_time": 104.745, "_x": -1, "_y": -1}]}