{"_approachDistance": 50, "_approachTime": 1, "_name": "0.5", "_notes": [{"_time": 4.19, "_x": 1.5, "_y": -1.5}, {"_time": 4.266, "_x": 1.5, "_y": 0}, {"_time": 4.343, "_x": -1.5, "_y": 1.5}, {"_time": 4.42, "_x": -1.5, "_y": 0}, {"_time": 4.496, "_x": 1.5, "_y": 0}, {"_time": 4.572, "_x": 1.5, "_y": 1.5}, {"_time": 4.649, "_x": -1.5, "_y": 0}, {"_time": 4.725, "_x": -1.5, "_y": -1.5}, {"_time": 4.802, "_x": 1.5, "_y": 0}, {"_time": 4.878, "_x": -1.5, "_y": 1.5}, {"_time": 4.955, "_x": 0, "_y": -1.5}, {"_time": 5.031, "_x": 1.5, "_y": 1.5}, {"_time": 5.108, "_x": -1.5, "_y": 0}, {"_time": 5.184, "_x": 1.5, "_y": 0}, {"_time": 5.261, "_x": -1.5, "_y": -1.5}, {"_time": 5.337, "_x": 1.5, "_y": -1.5}, {"_time": 5.414, "_x": -1.5, "_y": 1.5}, {"_time": 5.491, "_x": -1.5, "_y": 0}, {"_time": 5.567, "_x": 1.5, "_y": -1.5}, {"_time": 5.644, "_x": 1.5, "_y": 0}, {"_time": 5.72, "_x": -1.5, "_y": -1.5}, {"_time": 5.797, "_x": 0, "_y": -1.5}, {"_time": 5.873, "_x": 1.5, "_y": 1.5}, {"_time": 5.95, "_x": 0, "_y": 1.5}, {"_time": 6.026, "_x": 1.5, "_y": -1.5}, {"_time": 6.103, "_x": -1.5, "_y": 0}, {"_time": 6.179, "_x": 1.5, "_y": 1.5}, {"_time": 6.256, "_x": 0, "_y": -1.5}, {"_time": 6.332, "_x": -1.5, "_y": 1.5}, {"_time": 6.409, "_x": 1.5, "_y": 0}, {"_time": 6.485, "_x": -1.5, "_y": 0}, {"_time": 6.562, "_x": 1.5, "_y": 1.5}, {"_time": 6.638, "_x": -1.5, "_y": -1.5}, {"_time": 6.715, "_x": 0, "_y": -1.5}, {"_time": 6.792, "_x": 1.5, "_y": 1.5}, {"_time": 6.868, "_x": 0, "_y": 1.5}, {"_time": 6.945, "_x": 0, "_y": -1.5}, {"_time": 7.021, "_x": 1.5, "_y": -1.5}, {"_time": 7.098, "_x": 0, "_y": 1.5}, {"_time": 7.174, "_x": -1.5, "_y": 1.5}, {"_time": 7.251, "_x": 1.5, "_y": 0}, {"_time": 7.327, "_x": -1.5, "_y": 0}, {"_time": 7.404, "_x": 1.5, "_y": 1.5}, {"_time": 7.48, "_x": -1.5, "_y": -1.5}, {"_time": 7.557, "_x": 0, "_y": 1.5}, {"_time": 7.633, "_x": 0, "_y": -1.5}, {"_time": 7.71, "_x": -1.5, "_y": 1.5}, {"_time": 7.786, "_x": 1.5, "_y": -1.5}, {"_time": 7.863, "_x": -1.5, "_y": 0}, {"_time": 7.94, "_x": -1.5, "_y": -1.5}, {"_time": 8.016, "_x": 1.5, "_y": 0}, {"_time": 8.093, "_x": 1.5, "_y": 1.5}, {"_time": 8.169, "_x": -1.5, "_y": 1.5}, {"_time": 8.246, "_x": -1.5, "_y": 0}, {"_time": 8.322, "_x": 1.5, "_y": -1.5}, {"_time": 8.399, "_x": 1.5, "_y": 0}, {"_time": 8.475, "_x": -1.5, "_y": 1.5}, {"_time": 8.552, "_x": 0, "_y": -1.5}, {"_time": 8.628, "_x": 0, "_y": 1.5}, {"_time": 8.705, "_x": 1.5, "_y": -1.5}, {"_time": 8.781, "_x": -1.5, "_y": 0}, {"_time": 8.858, "_x": 1.5, "_y": 1.5}, {"_time": 8.934, "_x": 0, "_y": -1.5}, {"_time": 9.011, "_x": -1.5, "_y": 1.5}, {"_time": 9.087, "_x": 1.5, "_y": -1.5}, {"_time": 9.164, "_x": 0, "_y": -1.5}, {"_time": 9.241, "_x": -1.5, "_y": 0}, {"_time": 9.317, "_x": 0, "_y": 1.5}, {"_time": 9.394, "_x": 1.5, "_y": 1.5}, {"_time": 9.47, "_x": 1.5, "_y": 0}, {"_time": 9.547, "_x": 0, "_y": -1.5}, {"_time": 9.623, "_x": -1.5, "_y": 0}, {"_time": 9.7, "_x": 1.5, "_y": 1.5}, {"_time": 9.776, "_x": 0, "_y": -1.5}, {"_time": 9.853, "_x": -1.5, "_y": 1.5}, {"_time": 9.929, "_x": 1.5, "_y": 0}, {"_time": 10.006, "_x": -1.5, "_y": 0}, {"_time": 10.082, "_x": 1.5, "_y": -1.5}, {"_time": 10.159, "_x": -1.5, "_y": -1.5}, {"_time": 10.235, "_x": 1.5, "_y": 1.5}, {"_time": 10.312, "_x": 0, "_y": -1.5}, {"_time": 10.388, "_x": -1.5, "_y": 0}, {"_time": 10.465, "_x": -1.5, "_y": 1.5}, {"_time": 10.542, "_x": 0, "_y": 1.5}, {"_time": 10.618, "_x": 0, "_y": 0}, {"_time": 10.695, "_x": 0, "_y": -1.5}, {"_time": 10.771, "_x": 1.5, "_y": 0}, {"_time": 10.848, "_x": 0, "_y": 1.5}, {"_time": 10.924, "_x": -1.5, "_y": 1.5}, {"_time": 11.001, "_x": 0, "_y": -1.5}, {"_time": 11.077, "_x": 1.5, "_y": 1.5}, {"_time": 11.154, "_x": -1.5, "_y": 0}, {"_time": 11.23, "_x": 1.5, "_y": 0}, {"_time": 11.307, "_x": -1.5, "_y": 1.5}, {"_time": 11.383, "_x": 1.5, "_y": -1.5}, {"_time": 11.46, "_x": 0, "_y": 1.5}, {"_time": 11.536, "_x": -1.5, "_y": -1.5}, {"_time": 11.613, "_x": 1.5, "_y": 1.5}, {"_time": 11.69, "_x": 0, "_y": -1.5}, {"_time": 11.766, "_x": -1.5, "_y": 1.5}, {"_time": 11.843, "_x": 1.5, "_y": 0}, {"_time": 11.919, "_x": -1.5, "_y": 0}, {"_time": 11.996, "_x": 1.5, "_y": -1.5}, {"_time": 12.072, "_x": -1.5, "_y": 1.5}, {"_time": 12.149, "_x": 0, "_y": -1.5}, {"_time": 12.225, "_x": 0, "_y": 1.5}, {"_time": 12.302, "_x": -1.5, "_y": -1.5}, {"_time": 12.378, "_x": 1.5, "_y": 1.5}, {"_time": 12.455, "_x": -1.5, "_y": 0}, {"_time": 12.531, "_x": 1.5, "_y": 0}, {"_time": 12.608, "_x": -1.5, "_y": 1.5}, {"_time": 12.684, "_x": 1.5, "_y": -1.5}, {"_time": 12.761, "_x": -1.5, "_y": -1.5}, {"_time": 13.067, "_x": 1.5, "_y": 0}, {"_time": 13.373, "_x": -1.5, "_y": 1.5}, {"_time": 13.679, "_x": 1.5, "_y": -1.5}, {"_time": 13.985, "_x": 0, "_y": 1.5}, {"_time": 14.062, "_x": 0, "_y": -1.5}, {"_time": 14.138, "_x": 1.5, "_y": 1.5}, {"_time": 14.215, "_x": -1.5, "_y": -1.5}, {"_time": 14.292, "_x": 1.5, "_y": 0}, {"_time": 14.368, "_x": -1.5, "_y": 0}, {"_time": 14.445, "_x": 1.5, "_y": -1.5}, {"_time": 14.521, "_x": -1.5, "_y": 1.5}, {"_time": 14.598, "_x": 0, "_y": -1.5}, {"_time": 14.674, "_x": 1.5, "_y": 1.5}, {"_time": 14.751, "_x": -1.5, "_y": 0}, {"_time": 14.827, "_x": 1.5, "_y": -1.5}, {"_time": 14.904, "_x": 0, "_y": 1.5}, {"_time": 14.98, "_x": -1.5, "_y": -1.5}, {"_time": 15.057, "_x": 1.5, "_y": 0}, {"_time": 15.133, "_x": -1.5, "_y": 1.5}, {"_time": 15.21, "_x": 0, "_y": -1.5}, {"_time": 15.286, "_x": 1.5, "_y": 1.5}, {"_time": 15.363, "_x": -1.5, "_y": -1.5}, {"_time": 15.44, "_x": 0, "_y": 1.5}, {"_time": 15.516, "_x": 1.5, "_y": -1.5}, {"_time": 15.593, "_x": 0, "_y": 1.5}, {"_time": 15.669, "_x": 0, "_y": -1.5}, {"_time": 15.746, "_x": -1.5, "_y": 1.5}, {"_time": 15.822, "_x": 1.5, "_y": -1.5}, {"_time": 15.899, "_x": -1.5, "_y": 0}, {"_time": 15.975, "_x": 1.5, "_y": 0}, {"_time": 16.052, "_x": -1.5, "_y": 1.5}, {"_time": 16.128, "_x": 1.5, "_y": 1.5}, {"_time": 16.205, "_x": -1.5, "_y": 0}, {"_time": 16.281, "_x": 1.5, "_y": 0}, {"_time": 16.358, "_x": -1.5, "_y": -1.5}, {"_time": 16.434, "_x": 0, "_y": 1.5}, {"_time": 16.511, "_x": 0, "_y": -1.5}, {"_time": 16.587, "_x": 0, "_y": 1.5}, {"_time": 16.664, "_x": 1.5, "_y": -1.5}, {"_time": 16.741, "_x": 0, "_y": 1.5}, {"_time": 16.817, "_x": -1.5, "_y": -1.5}, {"_time": 16.894, "_x": 0, "_y": 1.5}, {"_time": 16.97, "_x": 0, "_y": -1.5}, {"_time": 17.047, "_x": 1.5, "_y": 1.5}, {"_time": 17.123, "_x": -1.5, "_y": 0}, {"_time": 17.2, "_x": 1.5, "_y": -1.5}, {"_time": 17.276, "_x": 0, "_y": 1.5}, {"_time": 17.353, "_x": -1.5, "_y": -1.5}, {"_time": 17.429, "_x": 1.5, "_y": 0}, {"_time": 17.506, "_x": -1.5, "_y": 0}, {"_time": 17.582, "_x": 1.5, "_y": 1.5}, {"_time": 17.659, "_x": 0, "_y": -1.5}, {"_time": 17.735, "_x": 0, "_y": 1.5}, {"_time": 17.812, "_x": 1.5, "_y": -1.5}, {"_time": 17.888, "_x": -1.5, "_y": 1.5}, {"_time": 17.965, "_x": 1.5, "_y": 0}, {"_time": 18.042, "_x": -1.5, "_y": 1.5}, {"_time": 18.118, "_x": 0, "_y": -1.5}, {"_time": 18.195, "_x": -1.5, "_y": 1.5}, {"_time": 18.271, "_x": -1.5, "_y": -1.5}, {"_time": 18.348, "_x": -1.5, "_y": 1.5}, {"_time": 18.424, "_x": 1.5, "_y": -1.5}, {"_time": 18.501, "_x": -1.5, "_y": 0}, {"_time": 18.577, "_x": 1.5, "_y": 1.5}, {"_time": 18.654, "_x": 0, "_y": -1.5}, {"_time": 18.73, "_x": 0, "_y": 1.5}, {"_time": 18.807, "_x": 1.5, "_y": -1.5}, {"_time": 18.883, "_x": -1.5, "_y": 1.5}, {"_time": 18.96, "_x": 1.5, "_y": 0}, {"_time": 19.036, "_x": -1.5, "_y": 0}, {"_time": 19.113, "_x": 1.5, "_y": 1.5}, {"_time": 19.19, "_x": -1.5, "_y": -1.5}, {"_time": 19.266, "_x": 1.5, "_y": 0}, {"_time": 19.343, "_x": -1.5, "_y": 1.5}, {"_time": 19.419, "_x": 1.5, "_y": -1.5}, {"_time": 19.496, "_x": -1.5, "_y": 0}, {"_time": 19.572, "_x": 1.5, "_y": 0}, {"_time": 19.649, "_x": -1.5, "_y": 1.5}, {"_time": 19.725, "_x": 0, "_y": -1.5}, {"_time": 19.802, "_x": 1.5, "_y": 1.5}, {"_time": 19.878, "_x": -1.5, "_y": -1.5}, {"_time": 19.955, "_x": 0, "_y": 1.5}, {"_time": 20.031, "_x": 1.5, "_y": -1.5}, {"_time": 20.108, "_x": -1.5, "_y": 0}, {"_time": 20.184, "_x": 1.5, "_y": 1.5}, {"_time": 20.261, "_x": 0, "_y": -1.5}, {"_time": 20.337, "_x": 0, "_y": 1.5}, {"_time": 20.414, "_x": 1.5, "_y": -1.5}, {"_time": 20.491, "_x": -1.5, "_y": 1.5}, {"_time": 20.567, "_x": -1.5, "_y": -1.5}, {"_time": 20.644, "_x": 1.5, "_y": 1.5}, {"_time": 20.72, "_x": 0, "_y": -1.5}, {"_time": 20.797, "_x": 0, "_y": 1.5}, {"_time": 20.873, "_x": 1.5, "_y": -1.5}, {"_time": 20.95, "_x": -1.5, "_y": 1.5}, {"_time": 21.026, "_x": 0, "_y": -1.5}, {"_time": 21.103, "_x": 0, "_y": 1.5}, {"_time": 21.179, "_x": -1.5, "_y": -1.5}, {"_time": 21.256, "_x": 1.5, "_y": 1.5}, {"_time": 21.332, "_x": -1.5, "_y": 0}, {"_time": 21.409, "_x": 1.5, "_y": -1.5}, {"_time": 21.485, "_x": -1.5, "_y": 0}, {"_time": 21.562, "_x": 1.5, "_y": -1.5}, {"_time": 21.638, "_x": 0, "_y": 1.5}, {"_time": 21.715, "_x": 0, "_y": -1.5}, {"_time": 21.792, "_x": 0, "_y": 1.5}, {"_time": 21.868, "_x": 0, "_y": -1.5}, {"_time": 21.945, "_x": -1.5, "_y": 1.5}, {"_time": 22.021, "_x": 1.5, "_y": -1.5}, {"_time": 22.098, "_x": -1.5, "_y": 1.5}, {"_time": 22.174, "_x": 1.5, "_y": -1.5}, {"_time": 22.251, "_x": -1.5, "_y": -1.5}, {"_time": 22.327, "_x": 1.5, "_y": 1.5}, {"_time": 22.404, "_x": -1.5, "_y": -1.5}, {"_time": 22.48, "_x": 1.5, "_y": 1.5}, {"_time": 22.557, "_x": 0, "_y": -1.5}, {"_time": 22.633, "_x": -1.5, "_y": 1.5}, {"_time": 22.71, "_x": 1.5, "_y": -1.5}, {"_time": 22.786, "_x": -1.5, "_y": 0}, {"_time": 22.863, "_x": 1.5, "_y": 0}, {"_time": 22.94, "_x": -1.5, "_y": -1.5}, {"_time": 23.016, "_x": 1.5, "_y": 1.5}, {"_time": 23.093, "_x": -1.5, "_y": 0}, {"_time": 23.169, "_x": 1.5, "_y": -1.5}, {"_time": 23.207, "_x": 1.5, "_y": -1.5}, {"_time": 23.246, "_x": -1.5, "_y": 1.5}, {"_time": 23.284, "_x": -1.5, "_y": 1.5}, {"_time": 23.322, "_x": -1.5, "_y": -1.5}, {"_time": 23.36, "_x": -1.5, "_y": -1.5}, {"_time": 23.399, "_x": 1.5, "_y": 1.5}, {"_time": 23.437, "_x": 1.5, "_y": 1.5}, {"_time": 23.475, "_x": 1.5, "_y": -1.5}, {"_time": 23.513, "_x": 1.5, "_y": -1.5}, {"_time": 23.552, "_x": -1.5, "_y": 1.5}, {"_time": 23.59, "_x": -1.5, "_y": 1.5}, {"_time": 23.628, "_x": -1.5, "_y": -1.5}, {"_time": 23.667, "_x": -1.5, "_y": -1.5}, {"_time": 23.705, "_x": 1.5, "_y": 1.5}, {"_time": 23.743, "_x": 1.5, "_y": 1.5}, {"_time": 23.781, "_x": 1.5, "_y": -1.5}, {"_time": 23.858, "_x": -1.5, "_y": 0}, {"_time": 23.934, "_x": 1.5, "_y": 0}, {"_time": 24.011, "_x": -1.5, "_y": -1.5}, {"_time": 24.087, "_x": 1.5, "_y": 1.5}, {"_time": 24.164, "_x": 0, "_y": -1.5}, {"_time": 24.241, "_x": -1.5, "_y": 1.5}, {"_time": 24.317, "_x": 1.5, "_y": -1.5}, {"_time": 24.394, "_x": 0, "_y": 1.5}, {"_time": 24.413, "_x": 0, "_y": 1.5}, {"_time": 24.432, "_x": 0, "_y": 1.5}, {"_time": 24.47, "_x": -1.5, "_y": -1.5}, {"_time": 24.547, "_x": -1.5, "_y": 1.5}, {"_time": 24.623, "_x": 1.5, "_y": -1.5}, {"_time": 24.642, "_x": 1.5, "_y": -1.5}, {"_time": 24.661, "_x": 1.5, "_y": -1.5}, {"_time": 24.7, "_x": 1.5, "_y": 1.5}, {"_time": 24.776, "_x": 0, "_y": -1.5}, {"_time": 24.853, "_x": -1.5, "_y": 1.5}, {"_time": 24.872, "_x": -1.5, "_y": 1.5}, {"_time": 24.891, "_x": -1.5, "_y": 1.5}, {"_time": 24.929, "_x": 1.5, "_y": 0}, {"_time": 25.006, "_x": -1.5, "_y": 0}, {"_time": 25.082, "_x": 1.5, "_y": 1.5}, {"_time": 25.159, "_x": 0, "_y": -1.5}, {"_time": 25.235, "_x": 0, "_y": 1.5}, {"_time": 25.312, "_x": 1.5, "_y": -1.5}, {"_time": 25.388, "_x": -1.5, "_y": 1.5}, {"_time": 25.465, "_x": -1.5, "_y": -1.5}, {"_time": 25.542, "_x": 1.5, "_y": 0}, {"_time": 25.618, "_x": -1.5, "_y": 0}, {"_time": 25.637, "_x": -1.5, "_y": 0}, {"_time": 25.656, "_x": -1.5, "_y": 0}, {"_time": 25.675, "_x": -1.5, "_y": 0}, {"_time": 25.695, "_x": 1.5, "_y": 1.5}, {"_time": 25.733, "_x": 1.5, "_y": 1.5}, {"_time": 25.771, "_x": 0, "_y": -1.5}, {"_time": 25.848, "_x": -1.5, "_y": 1.5}, {"_time": 25.924, "_x": 1.5, "_y": 0}, {"_time": 25.943, "_x": 1.5, "_y": 0}, {"_time": 25.962, "_x": 1.5, "_y": 0}, {"_time": 26.001, "_x": -1.5, "_y": -1.5}, {"_time": 26.077, "_x": -1.5, "_y": 1.5}, {"_time": 26.154, "_x": 0, "_y": -1.5}, {"_time": 26.23, "_x": 1.5, "_y": 1.5}, {"_time": 26.307, "_x": -1.5, "_y": 0}, {"_time": 26.383, "_x": 1.5, "_y": 0}, {"_time": 26.46, "_x": -1.5, "_y": 1.5}, {"_time": 26.536, "_x": 0, "_y": -1.5}, {"_time": 26.556, "_x": 0, "_y": -1.5}, {"_time": 26.575, "_x": 0, "_y": -1.5}, {"_time": 26.613, "_x": 0, "_y": 1.5}, {"_time": 26.69, "_x": -1.5, "_y": -1.5}, {"_time": 26.709, "_x": -1.5, "_y": -1.5}, {"_time": 26.728, "_x": -1.5, "_y": -1.5}, {"_time": 26.766, "_x": 1.5, "_y": 0}, {"_time": 26.843, "_x": -1.5, "_y": 1.5}, {"_time": 26.862, "_x": -1.5, "_y": 1.5}, {"_time": 26.881, "_x": -1.5, "_y": 1.5}, {"_time": 26.919, "_x": 0, "_y": -1.5}, {"_time": 26.996, "_x": 1.5, "_y": 1.5}, {"_time": 27.072, "_x": -1.5, "_y": 0}, {"_time": 27.091, "_x": -1.5, "_y": 0}, {"_time": 27.11, "_x": -1.5, "_y": 0}, {"_time": 27.149, "_x": 1.5, "_y": -1.5}, {"_time": 27.225, "_x": -1.5, "_y": 1.5}, {"_time": 27.302, "_x": 1.5, "_y": 0}, {"_time": 27.321, "_x": 1.5, "_y": 0}, {"_time": 27.34, "_x": 1.5, "_y": 0}, {"_time": 27.378, "_x": -1.5, "_y": -1.5}, {"_time": 27.455, "_x": 0, "_y": 1.5}, {"_time": 27.531, "_x": 0, "_y": -1.5}, {"_time": 27.608, "_x": 1.5, "_y": 1.5}, {"_time": 27.684, "_x": 1.5, "_y": -1.5}, {"_time": 27.761, "_x": -1.5, "_y": 1.5}, {"_time": 27.837, "_x": 1.5, "_y": 0}, {"_time": 27.914, "_x": -1.5, "_y": -1.5}, {"_time": 27.933, "_x": -1.5, "_y": -1.5}, {"_time": 27.952, "_x": -1.5, "_y": -1.5}, {"_time": 27.991, "_x": -1.5, "_y": 1.5}, {"_time": 28.067, "_x": 1.5, "_y": -1.5}, {"_time": 28.144, "_x": 0, "_y": 1.5}, {"_time": 28.22, "_x": 0, "_y": -1.5}, {"_time": 28.239, "_x": 0, "_y": -1.5}, {"_time": 28.258, "_x": 0, "_y": -1.5}, {"_time": 28.297, "_x": -1.5, "_y": 1.5}, {"_time": 28.373, "_x": 1.5, "_y": -1.5}, {"_time": 28.45, "_x": -1.5, "_y": 0}, {"_time": 28.526, "_x": 1.5, "_y": 0}, {"_time": 28.545, "_x": 1.5, "_y": 0}, {"_time": 28.565, "_x": 1.5, "_y": 0}, {"_time": 28.603, "_x": -1.5, "_y": 1.5}, {"_time": 28.679, "_x": -1.5, "_y": -1.5}, {"_time": 28.756, "_x": 1.5, "_y": 1.5}, {"_time": 28.832, "_x": 0, "_y": -1.5}, {"_time": 28.909, "_x": -1.5, "_y": 1.5}, {"_time": 28.985, "_x": 1.5, "_y": 0}, {"_time": 29.062, "_x": -1.5, "_y": 0}, {"_time": 29.138, "_x": 1.5, "_y": -1.5}, {"_time": 29.215, "_x": 0, "_y": 1.5}, {"_time": 29.292, "_x": -1.5, "_y": -1.5}, {"_time": 29.368, "_x": 1.5, "_y": 0}, {"_time": 29.445, "_x": -1.5, "_y": 1.5}, {"_time": 29.521, "_x": -1.5, "_y": -1.5}, {"_time": 29.54, "_x": -1.5, "_y": -1.5}, {"_time": 29.559, "_x": -1.5, "_y": -1.5}, {"_time": 29.598, "_x": 0, "_y": 1.5}, {"_time": 29.674, "_x": 1.5, "_y": -1.5}, {"_time": 29.751, "_x": -1.5, "_y": 0}, {"_time": 29.77, "_x": -1.5, "_y": 0}, {"_time": 29.789, "_x": -1.5, "_y": 0}, {"_time": 29.827, "_x": 1.5, "_y": 0}, {"_time": 29.904, "_x": -1.5, "_y": 1.5}, {"_time": 29.98, "_x": 0, "_y": -1.5}, {"_time": 30.057, "_x": 1.5, "_y": 1.5}, {"_time": 30.133, "_x": -1.5, "_y": 0}, {"_time": 30.21, "_x": 1.5, "_y": -1.5}, {"_time": 30.286, "_x": 0, "_y": 1.5}, {"_time": 30.363, "_x": -1.5, "_y": -1.5}, {"_time": 30.382, "_x": -1.5, "_y": -1.5}, {"_time": 30.401, "_x": -1.5, "_y": -1.5}, {"_time": 30.44, "_x": -1.5, "_y": 1.5}, {"_time": 30.516, "_x": 0, "_y": -1.5}, {"_time": 30.535, "_x": 0, "_y": -1.5}, {"_time": 30.554, "_x": 0, "_y": -1.5}, {"_time": 30.593, "_x": 1.5, "_y": 1.5}, {"_time": 30.669, "_x": -1.5, "_y": 0}, {"_time": 30.688, "_x": -1.5, "_y": 0}, {"_time": 30.707, "_x": -1.5, "_y": 0}, {"_time": 30.746, "_x": 1.5, "_y": 0}, {"_time": 30.822, "_x": -1.5, "_y": -1.5}, {"_time": 30.841, "_x": -1.5, "_y": -1.5}, {"_time": 30.86, "_x": -1.5, "_y": -1.5}, {"_time": 30.879, "_x": -1.5, "_y": -1.5}, {"_time": 30.899, "_x": 1.5, "_y": -1.5}, {"_time": 30.975, "_x": -1.5, "_y": 1.5}, {"_time": 30.994, "_x": -1.5, "_y": 1.5}, {"_time": 31.013, "_x": -1.5, "_y": 1.5}, {"_time": 31.052, "_x": 0, "_y": -1.5}, {"_time": 31.128, "_x": 1.5, "_y": 1.5}, {"_time": 31.205, "_x": -1.5, "_y": 1.5}, {"_time": 31.281, "_x": 1.5, "_y": -1.5}, {"_time": 31.358, "_x": 0, "_y": 1.5}, {"_time": 31.434, "_x": -1.5, "_y": -1.5}, {"_time": 31.454, "_x": -1.5, "_y": -1.5}, {"_time": 31.473, "_x": -1.5, "_y": -1.5}, {"_time": 31.493, "_x": -1.5, "_y": -1.5}, {"_time": 31.511, "_x": 1.5, "_y": 0}, {"_time": 31.55, "_x": 1.5, "_y": 0}, {"_time": 31.587, "_x": -1.5, "_y": 0}, {"_time": 31.664, "_x": 1.5, "_y": -1.5}, {"_time": 31.741, "_x": -1.5, "_y": 1.5}, {"_time": 31.76, "_x": -1.5, "_y": 1.5}, {"_time": 31.779, "_x": -1.5, "_y": 1.5}, {"_time": 31.798, "_x": -1.5, "_y": 1.5}, {"_time": 31.817, "_x": 1.5, "_y": 0}, {"_time": 31.855, "_x": 1.5, "_y": 0}, {"_time": 31.894, "_x": -1.5, "_y": -1.5}, {"_time": 31.97, "_x": 1.5, "_y": 1.5}, {"_time": 32.047, "_x": 1.5, "_y": -1.5}, {"_time": 32.123, "_x": -1.5, "_y": 0}, {"_time": 32.2, "_x": 1.5, "_y": 0}, {"_time": 32.219, "_x": 1.5, "_y": 0}, {"_time": 32.238, "_x": 1.5, "_y": 0}, {"_time": 32.276, "_x": -1.5, "_y": 1.5}, {"_time": 32.353, "_x": 0, "_y": -1.5}, {"_time": 32.372, "_x": 0, "_y": -1.5}, {"_time": 32.391, "_x": 0, "_y": -1.5}, {"_time": 32.429, "_x": 1.5, "_y": 1.5}, {"_time": 32.506, "_x": -1.5, "_y": -1.5}, {"_time": 32.582, "_x": 1.5, "_y": -1.5}, {"_time": 32.659, "_x": 0, "_y": 1.5}, {"_time": 32.678, "_x": 0, "_y": 1.5}, {"_time": 32.697, "_x": 0, "_y": 1.5}, {"_time": 32.735, "_x": 0, "_y": -1.5}, {"_time": 32.774, "_x": 0, "_y": -1.5}, {"_time": 32.812, "_x": -1.5, "_y": 1.5}, {"_time": 32.85, "_x": -1.5, "_y": 1.5}, {"_time": 32.888, "_x": -1.5, "_y": -1.5}, {"_time": 32.927, "_x": -1.5, "_y": -1.5}, {"_time": 32.965, "_x": 1.5, "_y": 1.5}, {"_time": 32.984, "_x": 1.5, "_y": 1.5}, {"_time": 33.003, "_x": 1.5, "_y": 1.5}, {"_time": 33.042, "_x": 1.5, "_y": -1.5}, {"_time": 33.08, "_x": 1.5, "_y": -1.5}, {"_time": 33.118, "_x": -1.5, "_y": 1.5}, {"_time": 33.156, "_x": -1.5, "_y": 1.5}, {"_time": 33.195, "_x": 0, "_y": -1.5}, {"_time": 33.233, "_x": 0, "_y": -1.5}, {"_time": 33.271, "_x": 1.5, "_y": 1.5}, {"_time": 33.29, "_x": 1.5, "_y": 1.5}, {"_time": 33.309, "_x": 1.5, "_y": 1.5}, {"_time": 33.348, "_x": -1.5, "_y": -1.5}, {"_time": 33.386, "_x": -1.5, "_y": -1.5}, {"_time": 33.424, "_x": 0, "_y": 1.5}, {"_time": 33.462, "_x": 0, "_y": 1.5}, {"_time": 33.501, "_x": 1.5, "_y": -1.5}, {"_time": 33.539, "_x": 1.5, "_y": -1.5}, {"_time": 33.577, "_x": -1.5, "_y": 0}, {"_time": 33.654, "_x": 1.5, "_y": 1.5}, {"_time": 33.73, "_x": 0, "_y": -1.5}, {"_time": 33.807, "_x": -1.5, "_y": 1.5}, {"_time": 33.883, "_x": 1.5, "_y": 0}, {"_time": 33.96, "_x": -1.5, "_y": -1.5}, {"_time": 34.036, "_x": 1.5, "_y": -1.5}, {"_time": 34.113, "_x": 0, "_y": 1.5}, {"_time": 34.19, "_x": 0, "_y": -1.5}, {"_time": 34.209, "_x": 0, "_y": -1.5}, {"_time": 34.228, "_x": 0, "_y": -1.5}, {"_time": 34.247, "_x": 0, "_y": -1.5}, {"_time": 34.266, "_x": -1.5, "_y": 1.5}, {"_time": 34.304, "_x": -1.5, "_y": 1.5}, {"_time": 34.343, "_x": 1.5, "_y": -1.5}, {"_time": 34.419, "_x": -1.5, "_y": 0}, {"_time": 34.496, "_x": 1.5, "_y": 0}, {"_time": 34.515, "_x": 1.5, "_y": 0}, {"_time": 34.534, "_x": 1.5, "_y": 0}, {"_time": 34.572, "_x": -1.5, "_y": -1.5}, {"_time": 34.649, "_x": 1.5, "_y": 1.5}, {"_time": 34.668, "_x": 1.5, "_y": 1.5}, {"_time": 34.687, "_x": 1.5, "_y": 1.5}, {"_time": 34.725, "_x": 0, "_y": -1.5}, {"_time": 34.802, "_x": 0, "_y": 1.5}, {"_time": 34.878, "_x": 1.5, "_y": -1.5}, {"_time": 34.955, "_x": -1.5, "_y": 0}, {"_time": 35.031, "_x": 1.5, "_y": 0}, {"_time": 35.108, "_x": -1.5, "_y": -1.5}, {"_time": 35.184, "_x": -1.5, "_y": 1.5}, {"_time": 35.261, "_x": 1.5, "_y": -1.5}, {"_time": 35.337, "_x": 1.5, "_y": 1.5}, {"_time": 35.414, "_x": 0, "_y": -1.5}, {"_time": 35.433, "_x": 0, "_y": -1.5}, {"_time": 35.452, "_x": 0, "_y": -1.5}, {"_time": 35.471, "_x": 0, "_y": -1.5}, {"_time": 35.491, "_x": 0, "_y": 1.5}, {"_time": 35.529, "_x": 0, "_y": 1.5}, {"_time": 35.567, "_x": -1.5, "_y": -1.5}, {"_time": 35.644, "_x": -1.5, "_y": 1.5}, {"_time": 35.72, "_x": 1.5, "_y": -1.5}, {"_time": 35.739, "_x": 1.5, "_y": -1.5}, {"_time": 35.758, "_x": 1.5, "_y": -1.5}, {"_time": 35.777, "_x": 1.5, "_y": -1.5}, {"_time": 35.797, "_x": 1.5, "_y": 1.5}, {"_time": 35.835, "_x": 1.5, "_y": 1.5}, {"_time": 35.873, "_x": -1.5, "_y": 0}, {"_time": 35.95, "_x": 1.5, "_y": 0}, {"_time": 36.026, "_x": -1.5, "_y": 1.5}, {"_time": 36.103, "_x": 0, "_y": -1.5}, {"_time": 36.179, "_x": 1.5, "_y": 1.5}, {"_time": 36.256, "_x": -1.5, "_y": -1.5}, {"_time": 36.332, "_x": 0, "_y": 1.5}, {"_time": 36.351, "_x": 0, "_y": 1.5}, {"_time": 36.371, "_x": 0, "_y": 1.5}, {"_time": 36.409, "_x": 1.5, "_y": -1.5}, {"_time": 36.485, "_x": -1.5, "_y": 1.5}, {"_time": 36.505, "_x": -1.5, "_y": 1.5}, {"_time": 36.524, "_x": -1.5, "_y": 1.5}, {"_time": 36.562, "_x": 0, "_y": -1.5}, {"_time": 36.638, "_x": 0, "_y": 1.5}, {"_time": 36.677, "_x": 0, "_y": 1.5}, {"_time": 36.715, "_x": 1.5, "_y": -1.5}, {"_time": 36.734, "_x": 1.5, "_y": -1.5}, {"_time": 36.753, "_x": 1.5, "_y": -1.5}, {"_time": 36.772, "_x": 1.5, "_y": -1.5}, {"_time": 36.792, "_x": 0, "_y": 1.5}, {"_time": 36.83, "_x": 0, "_y": 1.5}, {"_time": 36.868, "_x": 0, "_y": -1.5}, {"_time": 36.945, "_x": -1.5, "_y": 1.5}, {"_time": 37.021, "_x": 1.5, "_y": 0}, {"_time": 37.098, "_x": -1.5, "_y": -1.5}, {"_time": 37.117, "_x": -1.5, "_y": -1.5}, {"_time": 37.136, "_x": -1.5, "_y": -1.5}, {"_time": 37.174, "_x": 1.5, "_y": 1.5}, {"_time": 37.251, "_x": 1.5, "_y": -1.5}, {"_time": 37.327, "_x": -1.5, "_y": 0}, {"_time": 37.404, "_x": 1.5, "_y": 0}, {"_time": 37.48, "_x": -1.5, "_y": 1.5}, {"_time": 37.557, "_x": 1.5, "_y": -1.5}, {"_time": 37.633, "_x": -1.5, "_y": 1.5}, {"_time": 37.672, "_x": -1.5, "_y": 1.5}, {"_time": 37.691, "_x": -1.5, "_y": 1.5}, {"_time": 37.71, "_x": 0, "_y": -1.5}, {"_time": 37.786, "_x": -1.5, "_y": 1.5}, {"_time": 37.863, "_x": 1.5, "_y": 0}, {"_time": 37.94, "_x": -1.5, "_y": 0}, {"_time": 38.016, "_x": 1.5, "_y": 1.5}, {"_time": 38.035, "_x": 1.5, "_y": 1.5}, {"_time": 38.054, "_x": 1.5, "_y": 1.5}, {"_time": 38.093, "_x": -1.5, "_y": -1.5}, {"_time": 38.169, "_x": 0, "_y": 1.5}, {"_time": 38.246, "_x": 1.5, "_y": -1.5}, {"_time": 38.322, "_x": -1.5, "_y": 0}, {"_time": 38.341, "_x": -1.5, "_y": 0}, {"_time": 38.36, "_x": -1.5, "_y": 0}, {"_time": 38.399, "_x": 1.5, "_y": 1.5}, {"_time": 38.475, "_x": 0, "_y": -1.5}, {"_time": 38.552, "_x": -1.5, "_y": 1.5}, {"_time": 38.628, "_x": 0, "_y": -1.5}, {"_time": 38.705, "_x": 1.5, "_y": 1.5}, {"_time": 38.781, "_x": -1.5, "_y": -1.5}, {"_time": 38.858, "_x": 0, "_y": 1.5}, {"_time": 38.934, "_x": 1.5, "_y": -1.5}, {"_time": 39.011, "_x": 0, "_y": 1.5}, {"_time": 39.087, "_x": 0, "_y": -1.5}, {"_time": 39.164, "_x": -1.5, "_y": 1.5}, {"_time": 39.241, "_x": 1.5, "_y": 0}, {"_time": 39.26, "_x": 1.5, "_y": 0}, {"_time": 39.279, "_x": 1.5, "_y": 0}, {"_time": 39.317, "_x": -1.5, "_y": -1.5}, {"_time": 39.394, "_x": 0, "_y": 1.5}, {"_time": 39.47, "_x": 0, "_y": -1.5}, {"_time": 39.547, "_x": 1.5, "_y": 1.5}, {"_time": 39.566, "_x": 1.5, "_y": 1.5}, {"_time": 39.585, "_x": 1.5, "_y": 1.5}, {"_time": 39.623, "_x": -1.5, "_y": 0}, {"_time": 39.7, "_x": 1.5, "_y": 0}, {"_time": 39.776, "_x": -1.5, "_y": 1.5}, {"_time": 39.853, "_x": 1.5, "_y": -1.5}, {"_time": 39.929, "_x": 0, "_y": 1.5}, {"_time": 40.006, "_x": 0, "_y": -1.5}, {"_time": 40.082, "_x": -1.5, "_y": 1.5}, {"_time": 40.159, "_x": -1.5, "_y": -1.5}, {"_time": 40.235, "_x": 1.5, "_y": 1.5}, {"_time": 40.312, "_x": -1.5, "_y": 0}, {"_time": 40.331, "_x": -1.5, "_y": 0}, {"_time": 40.35, "_x": -1.5, "_y": 0}, {"_time": 40.388, "_x": 1.5, "_y": -1.5}, {"_time": 40.465, "_x": -1.5, "_y": 0}, {"_time": 40.484, "_x": -1.5, "_y": 0}, {"_time": 40.503, "_x": 1.5, "_y": -1.5}, {"_time": 40.542, "_x": 1.5, "_y": -1.5}, {"_time": 40.618, "_x": 1.5, "_y": 1.5}, {"_time": 40.637, "_x": 1.5, "_y": 1.5}, {"_time": 40.656, "_x": 1.5, "_y": 1.5}, {"_time": 40.695, "_x": -1.5, "_y": 0}, {"_time": 40.771, "_x": 1.5, "_y": 1.5}, {"_time": 40.79, "_x": 1.5, "_y": 1.5}, {"_time": 40.809, "_x": 1.5, "_y": 1.5}, {"_time": 40.828, "_x": 1.5, "_y": 1.5}, {"_time": 40.848, "_x": -1.5, "_y": 0}, {"_time": 40.924, "_x": 1.5, "_y": 0}, {"_time": 41.001, "_x": -1.5, "_y": 1.5}, {"_time": 41.077, "_x": 0, "_y": -1.5}, {"_time": 41.154, "_x": 1.5, "_y": 1.5}, {"_time": 41.23, "_x": -1.5, "_y": 0}, {"_time": 41.269, "_x": -1.5, "_y": 0}, {"_time": 41.307, "_x": 1.5, "_y": -1.5}, {"_time": 41.345, "_x": 1.5, "_y": -1.5}, {"_time": 41.383, "_x": 0, "_y": 1.5}, {"_time": 41.46, "_x": -1.5, "_y": -1.5}, {"_time": 41.536, "_x": 1.5, "_y": 0}, {"_time": 41.575, "_x": 1.5, "_y": 0}, {"_time": 41.613, "_x": -1.5, "_y": 0}, {"_time": 41.652, "_x": -1.5, "_y": 0}, {"_time": 41.69, "_x": 1.5, "_y": 1.5}, {"_time": 41.766, "_x": 0, "_y": -1.5}, {"_time": 41.843, "_x": 0, "_y": 1.5}, {"_time": 41.881, "_x": 0, "_y": 1.5}, {"_time": 41.919, "_x": 1.5, "_y": -1.5}, {"_time": 41.957, "_x": 1.5, "_y": -1.5}, {"_time": 41.996, "_x": -1.5, "_y": 1.5}, {"_time": 42.072, "_x": 1.5, "_y": 0}, {"_time": 42.149, "_x": -1.5, "_y": 0}, {"_time": 42.225, "_x": 1.5, "_y": 1.5}, {"_time": 42.302, "_x": 0, "_y": -1.5}, {"_time": 42.378, "_x": 0, "_y": 1.5}, {"_time": 42.455, "_x": -1.5, "_y": -1.5}, {"_time": 42.493, "_x": -1.5, "_y": -1.5}, {"_time": 42.531, "_x": -1.5, "_y": 1.5}, {"_time": 42.569, "_x": -1.5, "_y": 1.5}, {"_time": 42.608, "_x": 0, "_y": -1.5}, {"_time": 42.684, "_x": 0, "_y": 1.5}, {"_time": 42.761, "_x": 1.5, "_y": -1.5}, {"_time": 42.786, "_x": 0, "_y": -1.5}, {"_time": 42.812, "_x": -1.5, "_y": 0}, {"_time": 42.837, "_x": -1.5, "_y": 1.5}, {"_time": 42.863, "_x": 0, "_y": 1.5}, {"_time": 42.888, "_x": 1.5, "_y": 0}, {"_time": 42.914, "_x": 0, "_y": -1.5}, {"_time": 42.94, "_x": -1.5, "_y": -1.5}, {"_time": 42.965, "_x": -1.5, "_y": 0}, {"_time": 42.991, "_x": 0, "_y": 1.5}, {"_time": 43.016, "_x": 1.5, "_y": 1.5}, {"_time": 43.042, "_x": 1.5, "_y": 0}, {"_time": 43.067, "_x": 0, "_y": -1.5}, {"_time": 43.093, "_x": -1.5, "_y": 0}, {"_time": 43.118, "_x": -1.5, "_y": 1.5}, {"_time": 43.143, "_x": 0, "_y": 1.5}, {"_time": 43.169, "_x": 1.5, "_y": 0}, {"_time": 43.194, "_x": 1.5, "_y": -1.5}, {"_time": 43.22, "_x": 0, "_y": -1.5}, {"_time": 43.245, "_x": -1.5, "_y": 0}, {"_time": 43.271, "_x": 0, "_y": 1.5}, {"_time": 43.297, "_x": 1.5, "_y": 1.5}, {"_time": 43.322, "_x": 1.5, "_y": 0}, {"_time": 43.348, "_x": 0, "_y": -1.5}, {"_time": 43.373, "_x": -1.5, "_y": -1.5}]}