{"_approachDistance": 50, "_approachTime": 1, "_name": "noeasy", "_notes": [{"_time": 23.629, "_x": -1, "_y": -1}, {"_time": 23.668, "_x": -1, "_y": -1}, {"_time": 23.706, "_x": 1, "_y": 1}, {"_time": 23.744, "_x": 1, "_y": 1}, {"_time": 23.782, "_x": 1, "_y": -1}, {"_time": 23.859, "_x": -1, "_y": 0}, {"_time": 23.935, "_x": 1, "_y": 0}, {"_time": 24.012, "_x": -1, "_y": -1}, {"_time": 24.088, "_x": 1, "_y": 1}, {"_time": 24.165, "_x": 0, "_y": -1}, {"_time": 24.242, "_x": -1, "_y": 1}, {"_time": 24.318, "_x": 1, "_y": -1}, {"_time": 24.395, "_x": 0, "_y": 1}, {"_time": 24.414, "_x": 0, "_y": 1}, {"_time": 24.433, "_x": 0, "_y": 1}, {"_time": 24.471, "_x": -1, "_y": -1}, {"_time": 24.548, "_x": -1, "_y": 1}, {"_time": 24.624, "_x": 1, "_y": -1}, {"_time": 24.643, "_x": 1, "_y": -1}, {"_time": 24.662, "_x": 1, "_y": -1}, {"_time": 24.701, "_x": 1, "_y": 1}, {"_time": 24.777, "_x": 0, "_y": -1}, {"_time": 24.854, "_x": -1, "_y": 1}, {"_time": 24.873, "_x": -1, "_y": 1}, {"_time": 24.892, "_x": -1, "_y": 1}, {"_time": 24.93, "_x": 1, "_y": 0}, {"_time": 25.007, "_x": -1, "_y": 0}, {"_time": 25.083, "_x": 1, "_y": 1}, {"_time": 25.16, "_x": 0, "_y": -1}, {"_time": 25.236, "_x": 0, "_y": 1}, {"_time": 25.313, "_x": 1, "_y": -1}, {"_time": 25.389, "_x": -1, "_y": 1}, {"_time": 25.466, "_x": -1, "_y": -1}, {"_time": 25.543, "_x": 1, "_y": 0}, {"_time": 25.619, "_x": -1, "_y": 0}, {"_time": 25.638, "_x": -1, "_y": 0}, {"_time": 25.657, "_x": -1, "_y": 0}, {"_time": 25.676, "_x": -1, "_y": 0}, {"_time": 25.696, "_x": 1, "_y": 1}, {"_time": 25.734, "_x": 1, "_y": 1}, {"_time": 25.772, "_x": 0, "_y": -1}, {"_time": 25.849, "_x": -1, "_y": 1}, {"_time": 25.925, "_x": 1, "_y": 0}, {"_time": 25.944, "_x": 1, "_y": 0}, {"_time": 25.963, "_x": 1, "_y": 0}, {"_time": 26.002, "_x": -1, "_y": -1}, {"_time": 26.078, "_x": -1, "_y": 1}, {"_time": 26.155, "_x": 0, "_y": -1}, {"_time": 26.231, "_x": 1, "_y": 1}, {"_time": 26.308, "_x": -1, "_y": 0}, {"_time": 26.384, "_x": 1, "_y": 0}, {"_time": 26.461, "_x": -1, "_y": 1}, {"_time": 26.537, "_x": 0, "_y": -1}, {"_time": 26.557, "_x": 0, "_y": -1}, {"_time": 26.576, "_x": 0, "_y": -1}, {"_time": 26.614, "_x": 0, "_y": 1}, {"_time": 26.691, "_x": -1, "_y": -1}, {"_time": 26.71, "_x": -1, "_y": -1}, {"_time": 26.729, "_x": -1, "_y": -1}, {"_time": 26.767, "_x": 1, "_y": 0}, {"_time": 26.844, "_x": -1, "_y": 1}, {"_time": 26.863, "_x": -1, "_y": 1}, {"_time": 26.882, "_x": -1, "_y": 1}, {"_time": 26.92, "_x": 0, "_y": -1}, {"_time": 26.997, "_x": 1, "_y": 1}, {"_time": 27.073, "_x": -1, "_y": 0}, {"_time": 27.092, "_x": -1, "_y": 0}, {"_time": 27.111, "_x": -1, "_y": 0}, {"_time": 27.15, "_x": 1, "_y": -1}, {"_time": 27.226, "_x": -1, "_y": 1}, {"_time": 27.303, "_x": 1, "_y": 0}, {"_time": 27.322, "_x": 1, "_y": 0}, {"_time": 27.341, "_x": 1, "_y": 0}, {"_time": 27.379, "_x": -1, "_y": -1}, {"_time": 27.456, "_x": 0, "_y": 1}, {"_time": 27.532, "_x": 0, "_y": -1}, {"_time": 27.609, "_x": 1, "_y": 1}, {"_time": 27.685, "_x": 1, "_y": -1}, {"_time": 27.762, "_x": -1, "_y": 1}, {"_time": 27.838, "_x": 1, "_y": 0}, {"_time": 27.915, "_x": -1, "_y": -1}, {"_time": 27.934, "_x": -1, "_y": -1}, {"_time": 27.953, "_x": -1, "_y": -1}, {"_time": 27.992, "_x": -1, "_y": 1}, {"_time": 28.068, "_x": 1, "_y": -1}, {"_time": 28.145, "_x": 0, "_y": 1}, {"_time": 28.221, "_x": 0, "_y": -1}, {"_time": 28.24, "_x": 0, "_y": -1}, {"_time": 28.259, "_x": 0, "_y": -1}, {"_time": 28.298, "_x": -1, "_y": 1}, {"_time": 28.374, "_x": 1, "_y": -1}, {"_time": 28.451, "_x": -1, "_y": 0}, {"_time": 28.527, "_x": 1, "_y": 0}, {"_time": 28.546, "_x": 1, "_y": 0}, {"_time": 28.566, "_x": 1, "_y": 0}, {"_time": 28.604, "_x": -1, "_y": 1}, {"_time": 28.68, "_x": -1, "_y": -1}, {"_time": 28.757, "_x": 1, "_y": 1}, {"_time": 28.833, "_x": 0, "_y": -1}, {"_time": 28.91, "_x": -1, "_y": 1}, {"_time": 28.986, "_x": 1, "_y": 0}, {"_time": 29.063, "_x": -1, "_y": 0}, {"_time": 29.139, "_x": 1, "_y": -1}, {"_time": 29.216, "_x": 0, "_y": 1}, {"_time": 29.293, "_x": -1, "_y": -1}, {"_time": 29.369, "_x": 1, "_y": 0}, {"_time": 29.446, "_x": -1, "_y": 1}, {"_time": 29.522, "_x": -1, "_y": -1}, {"_time": 29.541, "_x": -1, "_y": -1}, {"_time": 29.56, "_x": -1, "_y": -1}, {"_time": 29.599, "_x": 0, "_y": 1}, {"_time": 29.675, "_x": 1, "_y": -1}, {"_time": 29.752, "_x": -1, "_y": 0}, {"_time": 29.771, "_x": -1, "_y": 0}, {"_time": 29.79, "_x": -1, "_y": 0}, {"_time": 29.828, "_x": 1, "_y": 0}, {"_time": 29.905, "_x": -1, "_y": 1}, {"_time": 29.981, "_x": 0, "_y": -1}, {"_time": 30.058, "_x": 1, "_y": 1}, {"_time": 30.134, "_x": -1, "_y": 0}, {"_time": 30.211, "_x": 1, "_y": -1}, {"_time": 30.287, "_x": 0, "_y": 1}, {"_time": 30.364, "_x": -1, "_y": -1}, {"_time": 30.383, "_x": -1, "_y": -1}, {"_time": 30.402, "_x": -1, "_y": -1}, {"_time": 30.441, "_x": -1, "_y": 1}, {"_time": 30.517, "_x": 0, "_y": -1}, {"_time": 30.536, "_x": 0, "_y": -1}, {"_time": 30.555, "_x": 0, "_y": -1}, {"_time": 30.594, "_x": 1, "_y": 1}, {"_time": 30.67, "_x": -1, "_y": 0}, {"_time": 30.689, "_x": -1, "_y": 0}, {"_time": 30.708, "_x": -1, "_y": 0}, {"_time": 30.747, "_x": 1, "_y": 0}, {"_time": 30.823, "_x": -1, "_y": -1}, {"_time": 30.842, "_x": -1, "_y": -1}, {"_time": 30.861, "_x": -1, "_y": -1}, {"_time": 30.88, "_x": -1, "_y": -1}, {"_time": 30.9, "_x": 1, "_y": -1}, {"_time": 30.976, "_x": -1, "_y": 1}, {"_time": 30.995, "_x": -1, "_y": 1}, {"_time": 31.014, "_x": -1, "_y": 1}, {"_time": 31.053, "_x": 0, "_y": -1}, {"_time": 31.129, "_x": 1, "_y": 1}, {"_time": 31.206, "_x": -1, "_y": 1}, {"_time": 31.282, "_x": 1, "_y": -1}, {"_time": 31.359, "_x": 0, "_y": 1}, {"_time": 31.435, "_x": -1, "_y": -1}, {"_time": 31.455, "_x": -1, "_y": -1}, {"_time": 31.474, "_x": -1, "_y": -1}, {"_time": 31.494, "_x": -1, "_y": -1}, {"_time": 31.512, "_x": 1, "_y": 0}, {"_time": 31.551, "_x": 1, "_y": 0}, {"_time": 31.588, "_x": -1, "_y": 0}, {"_time": 31.665, "_x": 1, "_y": -1}, {"_time": 31.742, "_x": -1, "_y": 1}, {"_time": 31.761, "_x": -1, "_y": 1}, {"_time": 31.78, "_x": -1, "_y": 1}, {"_time": 31.799, "_x": -1, "_y": 1}, {"_time": 31.818, "_x": 1, "_y": 0}, {"_time": 31.856, "_x": 1, "_y": 0}, {"_time": 31.895, "_x": -1, "_y": -1}, {"_time": 31.971, "_x": 1, "_y": 1}, {"_time": 32.048, "_x": 1, "_y": -1}, {"_time": 32.124, "_x": -1, "_y": 0}, {"_time": 32.201, "_x": 1, "_y": 0}, {"_time": 32.22, "_x": 1, "_y": 0}, {"_time": 32.239, "_x": 1, "_y": 0}, {"_time": 32.277, "_x": -1, "_y": 1}, {"_time": 32.354, "_x": 0, "_y": -1}, {"_time": 32.373, "_x": 0, "_y": -1}, {"_time": 32.392, "_x": 0, "_y": -1}, {"_time": 32.43, "_x": 1, "_y": 1}, {"_time": 32.507, "_x": -1, "_y": -1}, {"_time": 32.583, "_x": 1, "_y": -1}, {"_time": 32.66, "_x": 0, "_y": 1}, {"_time": 32.679, "_x": 0, "_y": 1}, {"_time": 32.698, "_x": 0, "_y": 1}, {"_time": 32.736, "_x": 0, "_y": -1}, {"_time": 32.775, "_x": 0, "_y": -1}, {"_time": 32.813, "_x": -1, "_y": 1}, {"_time": 32.851, "_x": -1, "_y": 1}, {"_time": 32.889, "_x": -1, "_y": -1}, {"_time": 32.928, "_x": -1, "_y": -1}, {"_time": 32.966, "_x": 1, "_y": 1}, {"_time": 32.985, "_x": 1, "_y": 1}, {"_time": 33.004, "_x": 1, "_y": 1}, {"_time": 33.043, "_x": 1, "_y": -1}, {"_time": 33.081, "_x": 1, "_y": -1}, {"_time": 33.119, "_x": -1, "_y": 1}, {"_time": 33.157, "_x": -1, "_y": 1}, {"_time": 33.196, "_x": 0, "_y": -1}, {"_time": 33.234, "_x": 0, "_y": -1}, {"_time": 33.272, "_x": 1, "_y": 1}, {"_time": 33.291, "_x": 1, "_y": 1}, {"_time": 33.31, "_x": 1, "_y": 1}, {"_time": 33.349, "_x": -1, "_y": -1}, {"_time": 33.387, "_x": -1, "_y": -1}, {"_time": 33.425, "_x": 0, "_y": 1}, {"_time": 33.463, "_x": 0, "_y": 1}, {"_time": 33.502, "_x": 1, "_y": -1}, {"_time": 33.54, "_x": 1, "_y": -1}, {"_time": 33.578, "_x": -1, "_y": 0}, {"_time": 33.655, "_x": 1, "_y": 1}, {"_time": 33.731, "_x": 0, "_y": -1}, {"_time": 33.808, "_x": -1, "_y": 1}, {"_time": 33.884, "_x": 1, "_y": 0}, {"_time": 33.961, "_x": -1, "_y": -1}, {"_time": 34.037, "_x": 1, "_y": -1}, {"_time": 34.114, "_x": 0, "_y": 1}, {"_time": 34.191, "_x": 0, "_y": -1}, {"_time": 34.21, "_x": 0, "_y": -1}, {"_time": 34.229, "_x": 0, "_y": -1}, {"_time": 34.248, "_x": 0, "_y": -1}, {"_time": 34.267, "_x": -1, "_y": 1}, {"_time": 34.305, "_x": -1, "_y": 1}, {"_time": 34.344, "_x": 1, "_y": -1}, {"_time": 34.42, "_x": -1, "_y": 0}, {"_time": 34.497, "_x": 1, "_y": 0}, {"_time": 34.516, "_x": 1, "_y": 0}, {"_time": 34.535, "_x": 1, "_y": 0}, {"_time": 34.573, "_x": -1, "_y": -1}, {"_time": 34.65, "_x": 1, "_y": 1}, {"_time": 34.669, "_x": 1, "_y": 1}, {"_time": 34.688, "_x": 1, "_y": 1}, {"_time": 34.726, "_x": 0, "_y": -1}, {"_time": 34.803, "_x": 0, "_y": 1}, {"_time": 34.879, "_x": 1, "_y": -1}, {"_time": 34.956, "_x": -1, "_y": 0}, {"_time": 35.032, "_x": 1, "_y": 0}, {"_time": 35.109, "_x": -1, "_y": -1}, {"_time": 35.185, "_x": -1, "_y": 1}, {"_time": 35.262, "_x": 1, "_y": -1}, {"_time": 35.338, "_x": 1, "_y": 1}, {"_time": 35.415, "_x": 0, "_y": -1}, {"_time": 35.434, "_x": 0, "_y": -1}, {"_time": 35.453, "_x": 0, "_y": -1}, {"_time": 35.472, "_x": 0, "_y": -1}, {"_time": 35.492, "_x": 0, "_y": 1}, {"_time": 35.53, "_x": 0, "_y": 1}, {"_time": 35.568, "_x": -1, "_y": -1}, {"_time": 35.645, "_x": -1, "_y": 1}, {"_time": 35.721, "_x": 1, "_y": -1}, {"_time": 35.74, "_x": 1, "_y": -1}, {"_time": 35.759, "_x": 1, "_y": -1}, {"_time": 35.778, "_x": 1, "_y": -1}, {"_time": 35.798, "_x": 1, "_y": 1}, {"_time": 35.836, "_x": 1, "_y": 1}, {"_time": 35.874, "_x": -1, "_y": 0}, {"_time": 35.951, "_x": 1, "_y": 0}, {"_time": 36.027, "_x": -1, "_y": 1}, {"_time": 36.104, "_x": 0, "_y": -1}, {"_time": 36.18, "_x": 1, "_y": 1}, {"_time": 36.257, "_x": -1, "_y": -1}, {"_time": 36.333, "_x": 0, "_y": 1}, {"_time": 36.352, "_x": 0, "_y": 1}, {"_time": 36.372, "_x": 0, "_y": 1}, {"_time": 36.41, "_x": 1, "_y": -1}, {"_time": 36.486, "_x": -1, "_y": 1}, {"_time": 36.506, "_x": -1, "_y": 1}, {"_time": 36.525, "_x": -1, "_y": 1}, {"_time": 36.563, "_x": 0, "_y": -1}, {"_time": 36.639, "_x": 0, "_y": 1}, {"_time": 36.678, "_x": 0, "_y": 1}, {"_time": 36.716, "_x": 1, "_y": -1}, {"_time": 36.735, "_x": 1, "_y": -1}, {"_time": 36.754, "_x": 1, "_y": -1}, {"_time": 36.773, "_x": 1, "_y": -1}, {"_time": 36.793, "_x": 0, "_y": 1}, {"_time": 36.831, "_x": 0, "_y": 1}, {"_time": 36.869, "_x": 0, "_y": -1}, {"_time": 36.946, "_x": -1, "_y": 1}, {"_time": 37.022, "_x": 1, "_y": 0}, {"_time": 37.099, "_x": -1, "_y": -1}, {"_time": 37.118, "_x": -1, "_y": -1}, {"_time": 37.137, "_x": -1, "_y": -1}, {"_time": 37.175, "_x": 1, "_y": 1}, {"_time": 37.252, "_x": 1, "_y": -1}, {"_time": 37.328, "_x": -1, "_y": 0}, {"_time": 37.405, "_x": 1, "_y": 0}, {"_time": 37.481, "_x": -1, "_y": 1}, {"_time": 37.558, "_x": 1, "_y": -1}, {"_time": 37.634, "_x": -1, "_y": 1}, {"_time": 37.673, "_x": -1, "_y": 1}, {"_time": 37.692, "_x": -1, "_y": 1}, {"_time": 37.711, "_x": 0, "_y": -1}, {"_time": 37.787, "_x": -1, "_y": 1}, {"_time": 37.864, "_x": 1, "_y": 0}, {"_time": 37.941, "_x": -1, "_y": 0}, {"_time": 38.017, "_x": 1, "_y": 1}, {"_time": 38.036, "_x": 1, "_y": 1}, {"_time": 38.055, "_x": 1, "_y": 1}, {"_time": 38.094, "_x": -1, "_y": -1}, {"_time": 38.17, "_x": 0, "_y": 1}, {"_time": 38.247, "_x": 1, "_y": -1}, {"_time": 38.323, "_x": -1, "_y": 0}, {"_time": 38.342, "_x": -1, "_y": 0}, {"_time": 38.361, "_x": -1, "_y": 0}, {"_time": 38.4, "_x": 1, "_y": 1}, {"_time": 38.476, "_x": 0, "_y": -1}, {"_time": 38.553, "_x": -1, "_y": 1}, {"_time": 38.629, "_x": 0, "_y": -1}, {"_time": 38.706, "_x": 1, "_y": 1}, {"_time": 38.782, "_x": -1, "_y": -1}, {"_time": 38.859, "_x": 0, "_y": 1}, {"_time": 38.935, "_x": 1, "_y": -1}, {"_time": 39.012, "_x": 0, "_y": 1}, {"_time": 39.088, "_x": 0, "_y": -1}, {"_time": 39.165, "_x": -1, "_y": 1}, {"_time": 39.242, "_x": 1, "_y": 0}, {"_time": 39.261, "_x": 1, "_y": 0}, {"_time": 39.28, "_x": 1, "_y": 0}, {"_time": 39.318, "_x": -1, "_y": -1}, {"_time": 39.395, "_x": 0, "_y": 1}, {"_time": 39.471, "_x": 0, "_y": -1}, {"_time": 39.548, "_x": 1, "_y": 1}, {"_time": 39.567, "_x": 1, "_y": 1}, {"_time": 39.586, "_x": 1, "_y": 1}, {"_time": 39.624, "_x": -1, "_y": 0}, {"_time": 39.701, "_x": 1, "_y": 0}, {"_time": 39.777, "_x": -1, "_y": 1}, {"_time": 39.854, "_x": 1, "_y": -1}, {"_time": 39.93, "_x": 0, "_y": 1}, {"_time": 40.007, "_x": 0, "_y": -1}, {"_time": 40.083, "_x": -1, "_y": 1}, {"_time": 40.16, "_x": -1, "_y": -1}, {"_time": 40.236, "_x": 1, "_y": 1}, {"_time": 40.313, "_x": -1, "_y": 0}, {"_time": 40.332, "_x": -1, "_y": 0}, {"_time": 40.351, "_x": -1, "_y": 0}, {"_time": 40.389, "_x": 1, "_y": -1}, {"_time": 40.466, "_x": -1, "_y": 0}, {"_time": 40.485, "_x": -1, "_y": 0}, {"_time": 40.504, "_x": 1, "_y": -1}, {"_time": 40.543, "_x": 1, "_y": -1}, {"_time": 40.619, "_x": 1, "_y": 1}, {"_time": 40.638, "_x": 1, "_y": 1}, {"_time": 40.657, "_x": 1, "_y": 1}, {"_time": 40.696, "_x": -1, "_y": 0}, {"_time": 40.772, "_x": 1, "_y": 1}, {"_time": 40.791, "_x": 1, "_y": 1}, {"_time": 40.81, "_x": 1, "_y": 1}, {"_time": 40.829, "_x": 1, "_y": 1}, {"_time": 40.849, "_x": -1, "_y": 0}, {"_time": 40.925, "_x": 1, "_y": 0}, {"_time": 41.002, "_x": -1, "_y": 1}, {"_time": 41.078, "_x": 0, "_y": -1}, {"_time": 41.155, "_x": 1, "_y": 1}, {"_time": 41.231, "_x": -1, "_y": 0}, {"_time": 41.27, "_x": -1, "_y": 0}, {"_time": 41.308, "_x": 1, "_y": -1}, {"_time": 41.346, "_x": 1, "_y": -1}, {"_time": 41.384, "_x": 0, "_y": 1}, {"_time": 41.461, "_x": -1, "_y": -1}, {"_time": 41.537, "_x": 1, "_y": 0}, {"_time": 41.576, "_x": 1, "_y": 0}, {"_time": 41.614, "_x": -1, "_y": 0}, {"_time": 41.653, "_x": -1, "_y": 0}, {"_time": 41.691, "_x": 1, "_y": 1}, {"_time": 41.767, "_x": 0, "_y": -1}, {"_time": 41.844, "_x": 0, "_y": 1}, {"_time": 41.882, "_x": 0, "_y": 1}, {"_time": 41.92, "_x": 1, "_y": -1}, {"_time": 41.958, "_x": 1, "_y": -1}, {"_time": 41.997, "_x": -1, "_y": 1}, {"_time": 42.073, "_x": 1, "_y": 0}, {"_time": 42.15, "_x": -1, "_y": 0}, {"_time": 42.226, "_x": 1, "_y": 1}, {"_time": 42.303, "_x": 0, "_y": -1}, {"_time": 42.379, "_x": 0, "_y": 1}, {"_time": 42.456, "_x": -1, "_y": -1}, {"_time": 42.494, "_x": -1, "_y": -1}, {"_time": 42.532, "_x": -1, "_y": 1}, {"_time": 42.57, "_x": -1, "_y": 1}, {"_time": 42.609, "_x": 0, "_y": -1}, {"_time": 42.685, "_x": 0, "_y": 1}, {"_time": 42.762, "_x": 1, "_y": -1}, {"_time": 42.787, "_x": 0, "_y": -1}, {"_time": 42.813, "_x": -1, "_y": 0}, {"_time": 42.838, "_x": -1, "_y": 1}, {"_time": 42.864, "_x": 0, "_y": 1}, {"_time": 42.889, "_x": 1, "_y": 0}, {"_time": 42.915, "_x": 0, "_y": -1}, {"_time": 42.941, "_x": -1, "_y": -1}, {"_time": 42.966, "_x": -1, "_y": 0}, {"_time": 42.992, "_x": 0, "_y": 1}, {"_time": 43.017, "_x": 1, "_y": 1}, {"_time": 43.043, "_x": 1, "_y": 0}, {"_time": 43.068, "_x": 0, "_y": -1}, {"_time": 43.094, "_x": -1, "_y": 0}, {"_time": 43.119, "_x": -1, "_y": 1}, {"_time": 43.144, "_x": 0, "_y": 1}, {"_time": 43.17, "_x": 1, "_y": 0}, {"_time": 43.195, "_x": 1, "_y": -1}, {"_time": 43.221, "_x": 0, "_y": -1}, {"_time": 43.246, "_x": -1, "_y": 0}, {"_time": 43.272, "_x": 0, "_y": 1}, {"_time": 43.298, "_x": 1, "_y": 1}, {"_time": 43.323, "_x": 1, "_y": 0}, {"_time": 43.349, "_x": 0, "_y": -1}, {"_time": 43.374, "_x": -1, "_y": -1}]}