{"_approachDistance":50,"_approachTime":1,"_name":"Official Ver.","_notes":[{"_time":0,"_x":1,"_y":-1},{"_time":0.683,"_x":-1,"_y":-1},{"_time":0.797,"_x":-1,"_y":0},{"_time":0.911,"_x":-1,"_y":1},{"_time":1.139,"_x":1,"_y":1},{"_time":1.253,"_x":1,"_y":0},{"_time":1.481,"_x":-1,"_y":-1},{"_time":1.595,"_x":-1,"_y":0},{"_time":1.823,"_x":0,"_y":-1},{"_time":2.508,"_x":1,"_y":0},{"_time":2.621,"_x":1,"_y":1},{"_time":2.735,"_x":1,"_y":-1},{"_time":3.42,"_x":-1,"_y":1},{"_time":3.534,"_x":-1,"_y":0},{"_time":3.649,"_x":-1,"_y":-1},{"_time":4.217,"_x":1,"_y":-1},{"_time":4.445,"_x":1,"_y":0},{"_time":4.559,"_x":1,"_y":1},{"_time":4.673,"_x":0,"_y":1},{"_time":4.787,"_x":-1,"_y":0},{"_time":4.901,"_x":-1,"_y":1},{"_time":5.131,"_x":0,"_y":0},{"_time":5.245,"_x":0,"_y":-1},{"_time":5.472,"_x":-1,"_y":0},{"_time":5.7,"_x":1,"_y":0},{"_time":5.814,"_x":1,"_y":1},{"_time":6.042,"_x":-1,"_y":0},{"_time":6.156,"_x":-1,"_y":1},{"_time":6.27,"_x":0,"_y":0},{"_time":6.384,"_x":0,"_y":1},{"_time":6.498,"_x":1,"_y":1},{"_time":6.613,"_x":1,"_y":0},{"_time":6.727,"_x":1,"_y":-1},{"_time":6.841,"_x":-1,"_y":-1},{"_time":6.955,"_x":-1,"_y":0},{"_time":7.069,"_x":-1,"_y":1},{"_time":7.183,"_x":0,"_y":1},{"_time":7.297,"_x":0,"_y":-1},{"_time":7.411,"_x":1,"_y":1},{"_time":7.525,"_x":1,"_y":-1},{"_time":7.639,"_x":-1,"_y":0},{"_time":7.753,"_x":1,"_y":0},{"_time":7.867,"_x":-1,"_y":1},{"_time":7.981,"_x":1,"_y":1},{"_time":8.095,"_x":-1,"_y":0},{"_time":8.209,"_x":1,"_y":-1},{"_time":8.323,"_x":-1,"_y":-1},{"_time":8.437,"_x":1,"_y":0},{"_time":8.551,"_x":-1,"_y":1},{"_time":8.665,"_x":-1,"_y":-1},{"_time":8.779,"_x":0,"_y":1},{"_time":8.893,"_x":0,"_y":-1},{"_time":9.007,"_x":1,"_y":1},{"_time":9.121,"_x":-1,"_y":0},{"_time":9.235,"_x":1,"_y":0},{"_time":9.349,"_x":-1,"_y":-1},{"_time":9.463,"_x":1,"_y":1},{"_time":9.577,"_x":0,"_y":-1},{"_time":9.691,"_x":0,"_y":1},{"_time":9.806,"_x":1,"_y":-1},{"_time":9.92,"_x":-1,"_y":1},{"_time":10.034,"_x":1,"_y":0},{"_time":10.148,"_x":-1,"_y":0},{"_time":10.262,"_x":1,"_y":1},{"_time":10.376,"_x":-1,"_y":1},{"_time":10.49,"_x":1,"_y":0},{"_time":10.604,"_x":-1,"_y":0},{"_time":10.718,"_x":1,"_y":-1},{"_time":10.832,"_x":-1,"_y":-1},{"_time":10.946,"_x":0,"_y":1},{"_time":11.06,"_x":0,"_y":-1},{"_time":11.174,"_x":-1,"_y":1},{"_time":11.288,"_x":-1,"_y":-1},{"_time":11.402,"_x":1,"_y":0},{"_time":11.516,"_x":-1,"_y":0},{"_time":11.63,"_x":1,"_y":1},{"_time":11.744,"_x":-1,"_y":1},{"_time":11.858,"_x":0,"_y":-1},{"_time":11.972,"_x":1,"_y":1},{"_time":12.086,"_x":-1,"_y":0},{"_time":12.2,"_x":1,"_y":-1},{"_time":12.314,"_x":-1,"_y":0},{"_time":12.428,"_x":1,"_y":0},{"_time":12.542,"_x":-1,"_y":1},{"_time":12.656,"_x":0,"_y":-1},{"_time":12.77,"_x":1,"_y":1},{"_time":12.884,"_x":-1,"_y":-1},{"_time":12.998,"_x":0,"_y":1},{"_time":13.113,"_x":0,"_y":-1},{"_time":13.227,"_x":-1,"_y":1},{"_time":13.341,"_x":1,"_y":-1},{"_time":13.455,"_x":-1,"_y":0},{"_time":13.569,"_x":1,"_y":0},{"_time":13.683,"_x":-1,"_y":1},{"_time":13.797,"_x":0,"_y":-1},{"_time":13.911,"_x":1,"_y":1},{"_time":14.025,"_x":-1,"_y":0},{"_time":14.139,"_x":1,"_y":-1},{"_time":14.253,"_x":0,"_y":1},{"_time":14.367,"_x":-1,"_y":-1},{"_time":14.481,"_x":1,"_y":0},{"_time":14.595,"_x":-1,"_y":1},{"_time":14.652,"_x":-1,"_y":0},{"_time":14.709,"_x":-1,"_y":-1},{"_time":14.766,"_x":0,"_y":-1},{"_time":14.823,"_x":1,"_y":-1},{"_time":14.88,"_x":1,"_y":0},{"_time":14.937,"_x":1,"_y":1},{"_time":14.994,"_x":0,"_y":1},{"_time":15.051,"_x":-1,"_y":1},{"_time":15.108,"_x":-1,"_y":0},{"_time":15.165,"_x":-1,"_y":-1},{"_time":15.222,"_x":0,"_y":-1},{"_time":15.279,"_x":0,"_y":0},{"_time":15.336,"_x":0,"_y":1},{"_time":15.393,"_x":1,"_y":1},{"_time":15.45,"_x":1,"_y":0},{"_time":15.507,"_x":0,"_y":0},{"_time":15.564,"_x":-1,"_y":0},{"_time":15.621,"_x":-1,"_y":-1},{"_time":15.678,"_x":0,"_y":-1},{"_time":15.735,"_x":0,"_y":0},{"_time":15.792,"_x":0,"_y":1},{"_time":15.849,"_x":-1,"_y":1},{"_time":15.906,"_x":-1,"_y":0},{"_time":15.963,"_x":-1,"_y":-1},{"_time":16.02,"_x":0,"_y":-1},{"_time":16.077,"_x":1,"_y":-1},{"_time":16.134,"_x":1,"_y":0},{"_time":16.191,"_x":1,"_y":1},{"_time":16.248,"_x":0,"_y":1},{"_time":16.306,"_x":-1,"_y":1},{"_time":16.363,"_x":-1,"_y":0},{"_time":16.42,"_x":0,"_y":0},{"_time":16.477,"_x":1,"_y":0},{"_time":16.534,"_x":1,"_y":1},{"_time":16.591,"_x":0,"_y":1},{"_time":16.648,"_x":0,"_y":0},{"_time":16.705,"_x":0,"_y":-1},{"_time":16.762,"_x":1,"_y":-1},{"_time":16.819,"_x":1,"_y":0},{"_time":16.876,"_x":0,"_y":0},{"_time":16.933,"_x":-1,"_y":0},{"_time":16.99,"_x":-1,"_y":-1},{"_time":17.047,"_x":0,"_y":-1},{"_time":17.104,"_x":0,"_y":0},{"_time":17.161,"_x":0,"_y":1},{"_time":17.218,"_x":-1,"_y":1},{"_time":17.275,"_x":-1,"_y":0},{"_time":17.332,"_x":-1,"_y":-1},{"_time":17.389,"_x":0,"_y":-1},{"_time":17.446,"_x":1,"_y":-1},{"_time":17.503,"_x":1,"_y":0},{"_time":17.56,"_x":1,"_y":1},{"_time":17.617,"_x":0,"_y":1},{"_time":17.674,"_x":-1,"_y":1},{"_time":17.731,"_x":-1,"_y":0},{"_time":17.788,"_x":-1,"_y":-1},{"_time":17.845,"_x":0,"_y":-1},{"_time":17.902,"_x":1,"_y":-1},{"_time":17.959,"_x":1,"_y":0},{"_time":18.016,"_x":1,"_y":1},{"_time":18.073,"_x":0,"_y":1},{"_time":18.13,"_x":-1,"_y":1},{"_time":18.187,"_x":-1,"_y":0},{"_time":18.244,"_x":0,"_y":0},{"_time":18.301,"_x":1,"_y":0},{"_time":18.358,"_x":1,"_y":1},{"_time":18.415,"_x":0,"_y":1},{"_time":18.472,"_x":0,"_y":0},{"_time":18.529,"_x":0,"_y":-1},{"_time":18.586,"_x":-1,"_y":-1},{"_time":18.643,"_x":-1,"_y":0},{"_time":18.7,"_x":-1,"_y":1},{"_time":18.757,"_x":0,"_y":1},{"_time":18.814,"_x":1,"_y":1},{"_time":18.871,"_x":1,"_y":0},{"_time":18.928,"_x":0,"_y":0},{"_time":18.985,"_x":-1,"_y":0},{"_time":19.042,"_x":-1,"_y":-1},{"_time":19.099,"_x":0,"_y":-1},{"_time":19.156,"_x":1,"_y":-1},{"_time":19.213,"_x":1,"_y":0},{"_time":19.27,"_x":0,"_y":0},{"_time":19.327,"_x":-1,"_y":0},{"_time":19.384,"_x":-1,"_y":1},{"_time":19.441,"_x":0,"_y":1},{"_time":19.498,"_x":0,"_y":0},{"_time":19.556,"_x":0,"_y":-1},{"_time":19.613,"_x":-1,"_y":-1},{"_time":19.67,"_x":-1,"_y":0},{"_time":19.727,"_x":-1,"_y":1},{"_time":19.784,"_x":0,"_y":1},{"_time":19.841,"_x":1,"_y":1},{"_time":19.898,"_x":1,"_y":0},{"_time":19.955,"_x":0,"_y":0},{"_time":20.012,"_x":-1,"_y":0},{"_time":20.069,"_x":-1,"_y":1},{"_time":20.126,"_x":0,"_y":1},{"_time":20.183,"_x":1,"_y":1},{"_time":20.24,"_x":1,"_y":0},{"_time":20.297,"_x":1,"_y":-1},{"_time":20.354,"_x":0,"_y":-1},{"_time":20.411,"_x":0,"_y":0},{"_time":20.468,"_x":0,"_y":1},{"_time":20.525,"_x":1,"_y":1},{"_time":20.582,"_x":1,"_y":0},{"_time":20.639,"_x":0,"_y":0},{"_time":20.696,"_x":-1,"_y":0},{"_time":20.753,"_x":-1,"_y":-1},{"_time":20.81,"_x":0,"_y":-1},{"_time":20.867,"_x":1,"_y":-1},{"_time":20.924,"_x":1,"_y":0},{"_time":20.981,"_x":1,"_y":1},{"_time":21.038,"_x":0,"_y":1},{"_time":21.095,"_x":0,"_y":0},{"_time":21.152,"_x":0,"_y":-1},{"_time":21.209,"_x":-1,"_y":-1},{"_time":21.266,"_x":-1,"_y":0},{"_time":21.323,"_x":0,"_y":0},{"_time":21.38,"_x":1,"_y":0},{"_time":21.437,"_x":1,"_y":1},{"_time":21.494,"_x":0,"_y":1},{"_time":21.551,"_x":-1,"_y":1},{"_time":21.608,"_x":-1,"_y":0},{"_time":21.665,"_x":-1,"_y":-1},{"_time":21.722,"_x":0,"_y":-1},{"_time":21.779,"_x":0,"_y":0},{"_time":21.836,"_x":0,"_y":1},{"_time":21.893,"_x":1,"_y":1},{"_time":21.95,"_x":1,"_y":0},{"_time":22.007,"_x":1,"_y":-1},{"_time":22.064,"_x":0,"_y":-1},{"_time":22.121,"_x":0,"_y":0},{"_time":22.178,"_x":0,"_y":1},{"_time":22.235,"_x":-1,"_y":1},{"_time":22.292,"_x":-1,"_y":0},{"_time":22.349,"_x":0,"_y":0},{"_time":22.406,"_x":1,"_y":0},{"_time":22.463,"_x":1,"_y":1},{"_time":22.52,"_x":0,"_y":1},{"_time":22.577,"_x":0,"_y":0},{"_time":22.634,"_x":0,"_y":-1},{"_time":22.691,"_x":-1,"_y":-1},{"_time":22.748,"_x":-1,"_y":0},{"_time":22.806,"_x":-1,"_y":1},{"_time":22.863,"_x":0,"_y":1},{"_time":22.92,"_x":1,"_y":1},{"_time":22.977,"_x":1,"_y":0},{"_time":23.034,"_x":0,"_y":0},{"_time":23.091,"_x":-1,"_y":0},{"_time":23.148,"_x":-1,"_y":-1},{"_time":23.205,"_x":0,"_y":-1},{"_time":23.262,"_x":1,"_y":-1},{"_time":23.319,"_x":1,"_y":0},{"_time":23.376,"_x":1,"_y":1},{"_time":23.433,"_x":0,"_y":1},{"_time":23.49,"_x":0,"_y":0},{"_time":23.547,"_x":0,"_y":-1},{"_time":23.604,"_x":-1,"_y":-1},{"_time":23.661,"_x":-1,"_y":0},{"_time":23.718,"_x":-1,"_y":1},{"_time":23.775,"_x":0,"_y":1},{"_time":23.832,"_x":1,"_y":1},{"_time":23.889,"_x":1,"_y":0},{"_time":23.946,"_x":1,"_y":-1},{"_time":24.003,"_x":0,"_y":-1},{"_time":24.06,"_x":-1,"_y":-1},{"_time":24.117,"_x":-1,"_y":0},{"_time":24.174,"_x":-1,"_y":1},{"_time":24.231,"_x":0,"_y":1},{"_time":24.288,"_x":0,"_y":0},{"_time":24.345,"_x":0,"_y":-1},{"_time":24.402,"_x":-1,"_y":-1},{"_time":24.459,"_x":-1,"_y":0},{"_time":24.516,"_x":-1,"_y":1},{"_time":24.573,"_x":0,"_y":1},{"_time":24.63,"_x":1,"_y":1},{"_time":24.687,"_x":1,"_y":0},{"_time":24.744,"_x":1,"_y":-1},{"_time":24.801,"_x":0,"_y":-1},{"_time":24.858,"_x":-1,"_y":-1},{"_time":24.915,"_x":-1,"_y":0},{"_time":24.972,"_x":-1,"_y":1},{"_time":25.029,"_x":0,"_y":1},{"_time":25.086,"_x":1,"_y":1},{"_time":25.143,"_x":1,"_y":0},{"_time":25.2,"_x":1,"_y":-1},{"_time":25.257,"_x":0,"_y":-1},{"_time":25.314,"_x":-1,"_y":-1},{"_time":25.371,"_x":-1,"_y":0},{"_time":25.428,"_x":-1,"_y":1},{"_time":25.485,"_x":0,"_y":1},{"_time":25.542,"_x":1,"_y":1},{"_time":25.599,"_x":1,"_y":0},{"_time":25.656,"_x":0,"_y":0},{"_time":25.713,"_x":-1,"_y":0},{"_time":25.77,"_x":-1,"_y":1},{"_time":25.827,"_x":0,"_y":1},{"_time":25.884,"_x":0,"_y":0},{"_time":25.941,"_x":0,"_y":-1},{"_time":25.998,"_x":-1,"_y":-1},{"_time":26.056,"_x":-1,"_y":0},{"_time":26.113,"_x":0,"_y":0},{"_time":26.17,"_x":1,"_y":0},{"_time":26.227,"_x":1,"_y":1},{"_time":26.284,"_x":0,"_y":1},{"_time":26.341,"_x":-1,"_y":1},{"_time":26.398,"_x":-1,"_y":0},{"_time":26.455,"_x":-1,"_y":-1},{"_time":26.512,"_x":0,"_y":-1},{"_time":26.569,"_x":1,"_y":-1},{"_time":26.626,"_x":1,"_y":0},{"_time":26.683,"_x":1,"_y":1},{"_time":26.74,"_x":0,"_y":1},{"_time":26.797,"_x":0,"_y":0},{"_time":26.854,"_x":0,"_y":-1},{"_time":26.911,"_x":1,"_y":-1},{"_time":26.968,"_x":1,"_y":0},{"_time":27.025,"_x":1,"_y":1},{"_time":27.082,"_x":0,"_y":1},{"_time":27.139,"_x":-1,"_y":1},{"_time":27.196,"_x":-1,"_y":0},{"_time":27.253,"_x":-1,"_y":-1},{"_time":27.31,"_x":0,"_y":-1},{"_time":27.367,"_x":0,"_y":0},{"_time":27.424,"_x":0,"_y":1},{"_time":27.481,"_x":-1,"_y":1},{"_time":27.538,"_x":-1,"_y":0},{"_time":27.595,"_x":0,"_y":0},{"_time":27.652,"_x":1,"_y":0},{"_time":27.709,"_x":1,"_y":1},{"_time":27.766,"_x":0,"_y":1},{"_time":27.823,"_x":-1,"_y":1},{"_time":27.88,"_x":-1,"_y":0},{"_time":27.937,"_x":-1,"_y":-1},{"_time":27.994,"_x":0,"_y":-1},{"_time":28.051,"_x":0,"_y":0},{"_time":28.108,"_x":0,"_y":1},{"_time":28.165,"_x":-1,"_y":1},{"_time":28.222,"_x":-1,"_y":0},{"_time":28.279,"_x":-1,"_y":-1},{"_time":28.336,"_x":0,"_y":-1},{"_time":28.393,"_x":1,"_y":-1},{"_time":28.45,"_x":1,"_y":0},{"_time":28.507,"_x":0,"_y":0},{"_time":28.564,"_x":-1,"_y":0},{"_time":28.621,"_x":-1,"_y":1},{"_time":28.678,"_x":0,"_y":1},{"_time":28.735,"_x":1,"_y":1},{"_time":28.792,"_x":1,"_y":0},{"_time":28.849,"_x":1,"_y":-1},{"_time":28.906,"_x":0,"_y":-1},{"_time":28.963,"_x":0,"_y":0},{"_time":29.02,"_x":0,"_y":1},{"_time":29.077,"_x":-1,"_y":1},{"_time":29.134,"_x":-1,"_y":0},{"_time":29.191,"_x":-1,"_y":-1},{"_time":29.306,"_x":1,"_y":0},{"_time":29.42,"_x":-1,"_y":0},{"_time":29.534,"_x":1,"_y":1},{"_time":29.591,"_x":0,"_y":1},{"_time":29.648,"_x":-1,"_y":1},{"_time":29.762,"_x":1,"_y":0},{"_time":29.876,"_x":-1,"_y":0},{"_time":29.99,"_x":1,"_y":-1},{"_time":30.104,"_x":0,"_y":1},{"_time":30.218,"_x":-1,"_y":-1},{"_time":30.332,"_x":1,"_y":1},{"_time":30.446,"_x":-1,"_y":0},{"_time":30.503,"_x":0,"_y":0},{"_time":30.56,"_x":1,"_y":0},{"_time":30.674,"_x":-1,"_y":1},{"_time":30.788,"_x":1,"_y":-1},{"_time":30.902,"_x":0,"_y":1},{"_time":31.016,"_x":-1,"_y":-1},{"_time":31.13,"_x":1,"_y":0},{"_time":31.244,"_x":-1,"_y":0},{"_time":31.358,"_x":1,"_y":1},{"_time":31.415,"_x":0,"_y":1},{"_time":31.472,"_x":-1,"_y":1},{"_time":31.586,"_x":1,"_y":0},{"_time":31.7,"_x":-1,"_y":0},{"_time":31.814,"_x":1,"_y":-1},{"_time":31.928,"_x":1,"_y":1},{"_time":32.042,"_x":0,"_y":-1},{"_time":32.156,"_x":0,"_y":1},{"_time":32.27,"_x":-1,"_y":-1},{"_time":32.327,"_x":-1,"_y":0},{"_time":32.384,"_x":-1,"_y":1},{"_time":32.498,"_x":0,"_y":-1},{"_time":32.613,"_x":0,"_y":1},{"_time":32.727,"_x":1,"_y":-1},{"_time":32.841,"_x":-1,"_y":0},{"_time":32.955,"_x":1,"_y":1},{"_time":33.069,"_x":-1,"_y":-1},{"_time":33.183,"_x":0,"_y":1},{"_time":33.24,"_x":0,"_y":0},{"_time":33.297,"_x":0,"_y":-1},{"_time":33.411,"_x":-1,"_y":1},{"_time":33.525,"_x":1,"_y":-1},{"_time":33.639,"_x":-1,"_y":0},{"_time":33.753,"_x":1,"_y":0},{"_time":33.867,"_x":-1,"_y":1},{"_time":33.981,"_x":1,"_y":1},{"_time":34.095,"_x":-1,"_y":0},{"_time":34.152,"_x":0,"_y":0},{"_time":34.209,"_x":1,"_y":0},{"_time":34.323,"_x":-1,"_y":-1},{"_time":34.437,"_x":1,"_y":-1},{"_time":34.551,"_x":-1,"_y":0},{"_time":34.665,"_x":1,"_y":1},{"_time":34.779,"_x":0,"_y":-1},{"_time":34.893,"_x":0,"_y":1},{"_time":35.007,"_x":-1,"_y":-1},{"_time":35.064,"_x":-1,"_y":0},{"_time":35.121,"_x":-1,"_y":1},{"_time":35.235,"_x":0,"_y":-1},{"_time":35.349,"_x":0,"_y":1},{"_time":35.463,"_x":1,"_y":-1},{"_time":35.577,"_x":1,"_y":1},{"_time":35.634,"_x":0,"_y":1},{"_time":35.691,"_x":-1,"_y":1},{"_time":35.748,"_x":-1,"_y":0},{"_time":35.806,"_x":-1,"_y":-1},{"_time":35.863,"_x":0,"_y":-1},{"_time":35.92,"_x":1,"_y":-1},{"_time":35.977,"_x":1,"_y":0},{"_time":36.034,"_x":1,"_y":1},{"_time":36.091,"_x":0,"_y":1},{"_time":36.148,"_x":-1,"_y":1},{"_time":36.205,"_x":-1,"_y":0},{"_time":36.262,"_x":-1,"_y":-1},{"_time":36.319,"_x":0,"_y":-1},{"_time":36.376,"_x":1,"_y":-1},{"_time":36.433,"_x":1,"_y":0},{"_time":36.49,"_x":1,"_y":1},{"_time":36.604,"_x":-1,"_y":0},{"_time":36.718,"_x":1,"_y":0},{"_time":36.832,"_x":1,"_y":-1},{"_time":36.889,"_x":0,"_y":-1},{"_time":36.946,"_x":-1,"_y":-1},{"_time":37.06,"_x":1,"_y":0},{"_time":37.174,"_x":-1,"_y":0},{"_time":37.288,"_x":1,"_y":1},{"_time":37.402,"_x":0,"_y":-1},{"_time":37.516,"_x":-1,"_y":1},{"_time":37.63,"_x":-1,"_y":-1},{"_time":37.744,"_x":0,"_y":1},{"_time":37.801,"_x":0,"_y":0},{"_time":37.858,"_x":0,"_y":-1},{"_time":37.972,"_x":1,"_y":1},{"_time":38.086,"_x":1,"_y":-1},{"_time":38.2,"_x":-1,"_y":0},{"_time":38.314,"_x":1,"_y":0},{"_time":38.428,"_x":-1,"_y":1},{"_time":38.542,"_x":1,"_y":1},{"_time":38.656,"_x":-1,"_y":0},{"_time":38.713,"_x":0,"_y":0},{"_time":38.77,"_x":1,"_y":0},{"_time":38.885,"_x":-1,"_y":-1},{"_time":38.998,"_x":1,"_y":-1},{"_time":39.113,"_x":-1,"_y":0},{"_time":39.227,"_x":1,"_y":0},{"_time":39.341,"_x":-1,"_y":1},{"_time":39.455,"_x":1,"_y":1},{"_time":39.569,"_x":-1,"_y":0},{"_time":39.626,"_x":0,"_y":0},{"_time":39.683,"_x":1,"_y":0},{"_time":39.797,"_x":-1,"_y":-1},{"_time":39.911,"_x":1,"_y":-1},{"_time":40.025,"_x":-1,"_y":0},{"_time":40.139,"_x":1,"_y":1},{"_time":40.253,"_x":1,"_y":-1},{"_time":40.367,"_x":0,"_y":1},{"_time":40.481,"_x":-1,"_y":-1},{"_time":40.538,"_x":-1,"_y":0},{"_time":40.595,"_x":-1,"_y":1},{"_time":40.709,"_x":0,"_y":-1},{"_time":40.823,"_x":1,"_y":1},{"_time":40.937,"_x":1,"_y":-1},{"_time":41.051,"_x":-1,"_y":0},{"_time":41.165,"_x":1,"_y":1},{"_time":41.279,"_x":-1,"_y":1},{"_time":41.393,"_x":1,"_y":0},{"_time":41.45,"_x":0,"_y":0},{"_time":41.507,"_x":-1,"_y":0},{"_time":41.621,"_x":1,"_y":-1},{"_time":41.735,"_x":-1,"_y":-1},{"_time":41.849,"_x":0,"_y":1},{"_time":41.963,"_x":1,"_y":-1},{"_time":42.02,"_x":0,"_y":-1},{"_time":42.077,"_x":-1,"_y":-1},{"_time":42.134,"_x":-1,"_y":0},{"_time":42.191,"_x":-1,"_y":1},{"_time":42.248,"_x":0,"_y":1},{"_time":42.306,"_x":1,"_y":1},{"_time":42.363,"_x":1,"_y":0},{"_time":42.42,"_x":1,"_y":-1},{"_time":42.477,"_x":0,"_y":-1},{"_time":42.534,"_x":-1,"_y":-1},{"_time":42.591,"_x":-1,"_y":0},{"_time":42.648,"_x":-1,"_y":1},{"_time":42.705,"_x":0,"_y":1},{"_time":42.762,"_x":1,"_y":1},{"_time":42.819,"_x":1,"_y":0},{"_time":42.876,"_x":1,"_y":-1},{"_time":42.933,"_x":0,"_y":-1},{"_time":42.99,"_x":0,"_y":0},{"_time":43.047,"_x":0,"_y":1},{"_time":43.104,"_x":-1,"_y":1},{"_time":43.161,"_x":-1,"_y":0},{"_time":43.218,"_x":-1,"_y":-1},{"_time":43.275,"_x":0,"_y":-1},{"_time":43.332,"_x":1,"_y":-1},{"_time":43.389,"_x":1,"_y":0},{"_time":43.446,"_x":0,"_y":0},{"_time":43.503,"_x":-1,"_y":0},{"_time":43.56,"_x":-1,"_y":1},{"_time":43.617,"_x":0,"_y":1},{"_time":43.674,"_x":1,"_y":1},{"_time":43.731,"_x":1,"_y":0},{"_time":43.788,"_x":1,"_y":-1},{"_time":46.069,"_x":-1,"_y":1},{"_time":49.376,"_x":1,"_y":0},{"_time":53.481,"_x":-1,"_y":0},{"_time":56.674,"_x":1,"_y":-1},{"_time":58.384,"_x":-1,"_y":1},{"_time":58.841,"_x":0,"_y":-1},{"_time":59.298,"_x":1,"_y":1},{"_time":60.209,"_x":-1,"_y":-1},{"_time":61.805,"_x":0,"_y":1},{"_time":62.034,"_x":0,"_y":-1},{"_time":62.946,"_x":1,"_y":0},{"_time":63.858,"_x":-1,"_y":1},{"_time":64.314,"_x":-1,"_y":-1},{"_time":64.77,"_x":0,"_y":1},{"_time":65.227,"_x":0,"_y":-1},{"_time":65.683,"_x":1,"_y":1},{"_time":66.139,"_x":-1,"_y":-1},{"_time":66.595,"_x":0,"_y":1},{"_time":67.507,"_x":1,"_y":-1},{"_time":69.104,"_x":-1,"_y":1},{"_time":69.332,"_x":0,"_y":-1},{"_time":70.244,"_x":1,"_y":1},{"_time":71.156,"_x":-1,"_y":0},{"_time":71.614,"_x":1,"_y":0},{"_time":72.07,"_x":-1,"_y":-1},{"_time":72.526,"_x":1,"_y":-1},{"_time":72.981,"_x":0,"_y":1},{"_time":73.095,"_x":0,"_y":-1},{"_time":73.209,"_x":-1,"_y":1},{"_time":73.323,"_x":-1,"_y":-1},{"_time":73.437,"_x":0,"_y":1},{"_time":73.551,"_x":0,"_y":-1},{"_time":73.665,"_x":1,"_y":1},{"_time":73.779,"_x":1,"_y":-1},{"_time":73.893,"_x":0,"_y":1},{"_time":74.007,"_x":0,"_y":-1},{"_time":74.121,"_x":-1,"_y":1},{"_time":74.235,"_x":1,"_y":-1},{"_time":74.349,"_x":-1,"_y":0},{"_time":74.463,"_x":1,"_y":0},{"_time":74.577,"_x":-1,"_y":-1},{"_time":74.691,"_x":1,"_y":1},{"_time":74.805,"_x":0,"_y":-1},{"_time":74.92,"_x":0,"_y":1},{"_time":75.034,"_x":-1,"_y":-1},{"_time":75.148,"_x":-1,"_y":1},{"_time":75.262,"_x":0,"_y":-1},{"_time":75.376,"_x":0,"_y":1},{"_time":75.49,"_x":1,"_y":-1},{"_time":75.604,"_x":1,"_y":1},{"_time":75.718,"_x":0,"_y":1},{"_time":75.832,"_x":-1,"_y":-1},{"_time":75.946,"_x":1,"_y":0},{"_time":76.06,"_x":-1,"_y":1},{"_time":76.174,"_x":0,"_y":-1},{"_time":76.288,"_x":1,"_y":1},{"_time":76.402,"_x":-1,"_y":0},{"_time":76.516,"_x":1,"_y":-1},{"_time":76.63,"_x":-1,"_y":0},{"_time":76.744,"_x":1,"_y":0},{"_time":76.858,"_x":-1,"_y":-1},{"_time":76.972,"_x":1,"_y":1},{"_time":77.086,"_x":0,"_y":-1},{"_time":77.2,"_x":0,"_y":1},{"_time":77.314,"_x":1,"_y":-1},{"_time":77.428,"_x":-1,"_y":1},{"_time":77.542,"_x":1,"_y":0},{"_time":77.656,"_x":-1,"_y":0},{"_time":77.77,"_x":1,"_y":-1},{"_time":77.884,"_x":-1,"_y":-1},{"_time":77.998,"_x":1,"_y":0},{"_time":78.113,"_x":-1,"_y":0},{"_time":78.227,"_x":1,"_y":1},{"_time":78.341,"_x":-1,"_y":1},{"_time":78.455,"_x":1,"_y":0},{"_time":78.569,"_x":-1,"_y":0},{"_time":78.683,"_x":-1,"_y":-1},{"_time":78.797,"_x":1,"_y":1},{"_time":78.911,"_x":0,"_y":-1},{"_time":79.025,"_x":0,"_y":1},{"_time":79.139,"_x":1,"_y":-1},{"_time":79.253,"_x":-1,"_y":1},{"_time":79.367,"_x":1,"_y":0},{"_time":79.481,"_x":-1,"_y":0},{"_time":79.595,"_x":1,"_y":-1},{"_time":79.709,"_x":-1,"_y":-1},{"_time":79.823,"_x":1,"_y":0},{"_time":79.937,"_x":-1,"_y":0},{"_time":80.051,"_x":1,"_y":1},{"_time":80.165,"_x":-1,"_y":1},{"_time":80.279,"_x":0,"_y":-1},{"_time":80.735,"_x":1,"_y":1},{"_time":81.191,"_x":-1,"_y":0},{"_time":81.648,"_x":1,"_y":-1},{"_time":82.104,"_x":0,"_y":1},{"_time":82.332,"_x":-1,"_y":-1},{"_time":82.56,"_x":1,"_y":0},{"_time":82.788,"_x":0,"_y":0},{"_time":82.839,"_x":0,"_y":0},{"_time":82.892,"_x":0,"_y":0},{"_time":82.945,"_x":0,"_y":0},{"_time":82.998,"_x":0,"_y":0},{"_time":83.051,"_x":0,"_y":0},{"_time":83.103,"_x":0,"_y":0},{"_time":83.156,"_x":0,"_y":0},{"_time":83.209,"_x":0,"_y":0},{"_time":83.262,"_x":0,"_y":0},{"_time":83.315,"_x":0,"_y":0},{"_time":83.367,"_x":0,"_y":0},{"_time":83.42,"_x":0,"_y":0},{"_time":83.473,"_x":0,"_y":0},{"_time":83.526,"_x":0,"_y":0},{"_time":83.579,"_x":0,"_y":0},{"_time":83.632,"_x":0,"_y":0},{"_time":83.684,"_x":0,"_y":0},{"_time":83.737,"_x":0,"_y":0},{"_time":83.79,"_x":0,"_y":0},{"_time":83.843,"_x":0,"_y":1},{"_time":83.894,"_x":1,"_y":1},{"_time":83.947,"_x":1,"_y":0},{"_time":83.999,"_x":1,"_y":-1},{"_time":84.052,"_x":0,"_y":-1},{"_time":84.105,"_x":-1,"_y":-1},{"_time":84.157,"_x":-1,"_y":0},{"_time":84.21,"_x":0,"_y":0},{"_time":84.263,"_x":1,"_y":0},{"_time":84.315,"_x":1,"_y":1},{"_time":84.368,"_x":0,"_y":1},{"_time":84.42,"_x":-1,"_y":1},{"_time":84.473,"_x":-1,"_y":0},{"_time":84.526,"_x":-1,"_y":-1},{"_time":84.578,"_x":0,"_y":-1},{"_time":84.631,"_x":1,"_y":-1},{"_time":84.684,"_x":1,"_y":0},{"_time":84.736,"_x":0,"_y":0},{"_time":84.789,"_x":-1,"_y":0},{"_time":84.842,"_x":-1,"_y":1},{"_time":84.894,"_x":0,"_y":1},{"_time":84.947,"_x":1,"_y":1},{"_time":84.999,"_x":1,"_y":0},{"_time":85.052,"_x":1,"_y":-1},{"_time":85.105,"_x":0,"_y":-1},{"_time":85.157,"_x":0,"_y":0},{"_time":85.21,"_x":0,"_y":1},{"_time":85.263,"_x":-1,"_y":1},{"_time":85.315,"_x":-1,"_y":0},{"_time":85.368,"_x":0,"_y":0},{"_time":85.42,"_x":1,"_y":0},{"_time":85.473,"_x":1,"_y":-1},{"_time":85.526,"_x":0,"_y":-1},{"_time":85.578,"_x":-1,"_y":-1},{"_time":85.631,"_x":-1,"_y":0},{"_time":85.684,"_x":-1,"_y":1},{"_time":85.736,"_x":0,"_y":1},{"_time":85.789,"_x":1,"_y":1},{"_time":85.842,"_x":1,"_y":0},{"_time":85.894,"_x":0,"_y":0},{"_time":85.947,"_x":-1,"_y":0},{"_time":85.999,"_x":-1,"_y":-1},{"_time":86.052,"_x":0,"_y":-1},{"_time":86.105,"_x":0,"_y":0},{"_time":86.157,"_x":0,"_y":1},{"_time":86.21,"_x":1,"_y":1},{"_time":86.263,"_x":1,"_y":0},{"_time":86.315,"_x":1,"_y":-1},{"_time":86.368,"_x":0,"_y":-1},{"_time":86.42,"_x":-1,"_y":-1},{"_time":86.473,"_x":-1,"_y":0},{"_time":86.526,"_x":-1,"_y":1},{"_time":86.578,"_x":0,"_y":1},{"_time":86.631,"_x":0,"_y":0},{"_time":86.684,"_x":0,"_y":-1},{"_time":86.736,"_x":1,"_y":-1},{"_time":86.789,"_x":1,"_y":0},{"_time":86.842,"_x":0,"_y":0},{"_time":86.894,"_x":-1,"_y":0},{"_time":86.947,"_x":-1,"_y":-1},{"_time":86.999,"_x":0,"_y":-1},{"_time":87.052,"_x":1,"_y":-1},{"_time":87.105,"_x":1,"_y":0},{"_time":87.157,"_x":0,"_y":0},{"_time":87.21,"_x":-1,"_y":0},{"_time":87.263,"_x":-1,"_y":1},{"_time":87.315,"_x":0,"_y":1},{"_time":87.368,"_x":1,"_y":1},{"_time":87.42,"_x":1,"_y":0},{"_time":87.473,"_x":1,"_y":-1},{"_time":87.526,"_x":0,"_y":-1},{"_time":87.578,"_x":-1,"_y":-1},{"_time":87.631,"_x":-1,"_y":0},{"_time":87.683,"_x":0,"_y":0},{"_time":87.736,"_x":1,"_y":0},{"_time":87.789,"_x":1,"_y":1},{"_time":87.841,"_x":0,"_y":1},{"_time":87.894,"_x":-1,"_y":1},{"_time":87.946,"_x":-1,"_y":0},{"_time":87.999,"_x":0,"_y":0},{"_time":88.052,"_x":1,"_y":0},{"_time":88.104,"_x":1,"_y":-1},{"_time":88.157,"_x":0,"_y":-1},{"_time":88.21,"_x":0,"_y":0},{"_time":88.262,"_x":0,"_y":1},{"_time":88.315,"_x":-1,"_y":1},{"_time":88.367,"_x":-1,"_y":0},{"_time":88.42,"_x":-1,"_y":-1},{"_time":88.473,"_x":0,"_y":-1},{"_time":88.525,"_x":1,"_y":-1},{"_time":88.578,"_x":1,"_y":0},{"_time":88.631,"_x":1,"_y":1},{"_time":88.683,"_x":0,"_y":1},{"_time":88.736,"_x":0,"_y":0},{"_time":88.789,"_x":0,"_y":-1},{"_time":88.841,"_x":-1,"_y":-1},{"_time":88.894,"_x":-1,"_y":0},{"_time":88.946,"_x":-1,"_y":1},{"_time":88.999,"_x":0,"_y":1},{"_time":89.052,"_x":1,"_y":1},{"_time":89.104,"_x":1,"_y":0},{"_time":89.157,"_x":0,"_y":0},{"_time":89.21,"_x":-1,"_y":0},{"_time":89.262,"_x":-1,"_y":-1},{"_time":89.315,"_x":0,"_y":-1},{"_time":89.367,"_x":0,"_y":0},{"_time":89.42,"_x":0,"_y":1},{"_time":89.473,"_x":-1,"_y":1},{"_time":89.525,"_x":-1,"_y":0},{"_time":89.578,"_x":-1,"_y":-1},{"_time":89.631,"_x":0,"_y":-1},{"_time":89.683,"_x":1,"_y":-1},{"_time":89.736,"_x":1,"_y":0},{"_time":89.789,"_x":0,"_y":0},{"_time":89.841,"_x":-1,"_y":0},{"_time":89.894,"_x":-1,"_y":1},{"_time":89.946,"_x":0,"_y":1},{"_time":89.999,"_x":1,"_y":1},{"_time":90.052,"_x":1,"_y":0},{"_time":90.105,"_x":1,"_y":-1},{"_time":90.157,"_x":0,"_y":-1},{"_time":90.21,"_x":-1,"_y":-1},{"_time":90.263,"_x":-1,"_y":0},{"_time":90.315,"_x":-1,"_y":1},{"_time":90.368,"_x":0,"_y":1},{"_time":90.42,"_x":1,"_y":1},{"_time":90.473,"_x":1,"_y":0},{"_time":90.526,"_x":0,"_y":0},{"_time":90.578,"_x":-1,"_y":0},{"_time":90.631,"_x":-1,"_y":-1},{"_time":90.684,"_x":0,"_y":-1},{"_time":90.736,"_x":1,"_y":-1},{"_time":90.789,"_x":1,"_y":0},{"_time":90.842,"_x":1,"_y":1},{"_time":90.894,"_x":0,"_y":1},{"_time":90.947,"_x":0,"_y":0},{"_time":90.999,"_x":0,"_y":-1},{"_time":91.052,"_x":-1,"_y":-1},{"_time":91.105,"_x":-1,"_y":0},{"_time":91.157,"_x":-1,"_y":1},{"_time":91.21,"_x":0,"_y":1},{"_time":91.263,"_x":1,"_y":1},{"_time":91.315,"_x":1,"_y":0},{"_time":91.368,"_x":1,"_y":-1},{"_time":91.42,"_x":0,"_y":-1},{"_time":91.473,"_x":0,"_y":0},{"_time":91.526,"_x":0,"_y":1},{"_time":91.578,"_x":-1,"_y":1},{"_time":91.631,"_x":-1,"_y":0},{"_time":91.684,"_x":-1,"_y":-1},{"_time":91.736,"_x":0,"_y":-1},{"_time":91.789,"_x":1,"_y":-1},{"_time":91.842,"_x":1,"_y":0},{"_time":91.894,"_x":1,"_y":1},{"_time":91.947,"_x":0,"_y":1},{"_time":91.999,"_x":-1,"_y":1},{"_time":92.052,"_x":-1,"_y":0},{"_time":92.105,"_x":0,"_y":0},{"_time":92.157,"_x":1,"_y":0},{"_time":92.21,"_x":1,"_y":-1},{"_time":92.263,"_x":0,"_y":-1},{"_time":92.315,"_x":-1,"_y":-1},{"_time":92.368,"_x":-1,"_y":0},{"_time":92.42,"_x":0,"_y":0},{"_time":92.473,"_x":1,"_y":0},{"_time":92.526,"_x":1,"_y":1},{"_time":92.578,"_x":0,"_y":1},{"_time":92.631,"_x":0,"_y":0},{"_time":92.684,"_x":0,"_y":-1},{"_time":92.736,"_x":-1,"_y":-1},{"_time":92.789,"_x":-1,"_y":0},{"_time":92.842,"_x":-1,"_y":1},{"_time":92.894,"_x":0,"_y":1},{"_time":92.947,"_x":0,"_y":0},{"_time":92.999,"_x":0,"_y":-1},{"_time":93.052,"_x":1,"_y":-1},{"_time":93.105,"_x":1,"_y":0},{"_time":93.157,"_x":1,"_y":1},{"_time":93.21,"_x":0,"_y":1},{"_time":93.263,"_x":-1,"_y":1},{"_time":93.315,"_x":-1,"_y":0},{"_time":93.368,"_x":0,"_y":0},{"_time":93.42,"_x":1,"_y":0},{"_time":93.473,"_x":1,"_y":-1},{"_time":93.526,"_x":0,"_y":-1},{"_time":93.578,"_x":-1,"_y":-1},{"_time":93.631,"_x":-1,"_y":0},{"_time":93.684,"_x":-1,"_y":1},{"_time":93.736,"_x":0,"_y":1},{"_time":93.789,"_x":0,"_y":0},{"_time":93.842,"_x":0,"_y":-1},{"_time":93.894,"_x":1,"_y":-1},{"_time":93.947,"_x":1,"_y":0},{"_time":93.999,"_x":0,"_y":0},{"_time":94.052,"_x":-1,"_y":0},{"_time":94.105,"_x":-1,"_y":1},{"_time":94.157,"_x":0,"_y":1},{"_time":94.21,"_x":1,"_y":1},{"_time":94.263,"_x":1,"_y":0},{"_time":94.315,"_x":1,"_y":-1},{"_time":94.368,"_x":0,"_y":-1},{"_time":94.42,"_x":0,"_y":0},{"_time":94.473,"_x":0,"_y":1},{"_time":94.526,"_x":-1,"_y":1},{"_time":94.578,"_x":-1,"_y":0},{"_time":94.631,"_x":0,"_y":0},{"_time":94.684,"_x":1,"_y":0},{"_time":94.736,"_x":1,"_y":-1},{"_time":94.789,"_x":0,"_y":-1},{"_time":94.842,"_x":-1,"_y":-1},{"_time":94.894,"_x":-1,"_y":0},{"_time":94.947,"_x":-1,"_y":1},{"_time":94.999,"_x":0,"_y":1},{"_time":95.052,"_x":0,"_y":0},{"_time":95.105,"_x":0,"_y":-1},{"_time":95.157,"_x":1,"_y":-1},{"_time":95.21,"_x":1,"_y":0},{"_time":95.263,"_x":1,"_y":1},{"_time":95.315,"_x":0,"_y":1},{"_time":95.368,"_x":-1,"_y":1},{"_time":95.42,"_x":-1,"_y":0},{"_time":95.473,"_x":-1,"_y":-1},{"_time":95.526,"_x":0,"_y":-1},{"_time":95.578,"_x":1,"_y":-1},{"_time":95.631,"_x":1,"_y":0},{"_time":95.684,"_x":0,"_y":0},{"_time":95.736,"_x":-1,"_y":0},{"_time":95.789,"_x":-1,"_y":1},{"_time":95.842,"_x":0,"_y":1},{"_time":95.894,"_x":1,"_y":1},{"_time":95.947,"_x":1,"_y":0},{"_time":95.999,"_x":1,"_y":-1},{"_time":96.052,"_x":0,"_y":-1},{"_time":96.105,"_x":0,"_y":0},{"_time":96.157,"_x":0,"_y":1},{"_time":96.21,"_x":-1,"_y":1},{"_time":96.263,"_x":-1,"_y":0},{"_time":96.315,"_x":-1,"_y":-1},{"_time":96.368,"_x":0,"_y":-1},{"_time":96.42,"_x":1,"_y":-1},{"_time":96.473,"_x":1,"_y":0},{"_time":96.526,"_x":1,"_y":1},{"_time":96.578,"_x":0,"_y":1},{"_time":96.631,"_x":0,"_y":0},{"_time":96.684,"_x":0,"_y":-1},{"_time":96.736,"_x":-1,"_y":-1},{"_time":96.789,"_x":-1,"_y":0},{"_time":96.842,"_x":0,"_y":0},{"_time":96.894,"_x":1,"_y":0},{"_time":96.947,"_x":1,"_y":1},{"_time":96.999,"_x":0,"_y":1},{"_time":97.052,"_x":-1,"_y":1},{"_time":97.105,"_x":-1,"_y":0},{"_time":97.157,"_x":-1,"_y":-1},{"_time":97.21,"_x":0,"_y":-1},{"_time":97.263,"_x":0,"_y":0},{"_time":97.315,"_x":0,"_y":1},{"_time":97.368,"_x":1,"_y":1},{"_time":97.421,"_x":1,"_y":0},{"_time":97.473,"_x":1,"_y":-1},{"_time":97.526,"_x":0,"_y":-1},{"_time":97.579,"_x":-1,"_y":-1},{"_time":97.631,"_x":-1,"_y":0},{"_time":97.684,"_x":0,"_y":0},{"_time":97.737,"_x":1,"_y":0},{"_time":97.789,"_x":1,"_y":1},{"_time":97.842,"_x":0,"_y":1},{"_time":97.894,"_x":-1,"_y":1},{"_time":97.947,"_x":-1,"_y":0},{"_time":98,"_x":-1,"_y":-1},{"_time":98.052,"_x":0,"_y":-1},{"_time":98.105,"_x":1,"_y":-1},{"_time":98.158,"_x":1,"_y":0},{"_time":98.21,"_x":0,"_y":0},{"_time":98.263,"_x":-1,"_y":0},{"_time":98.316,"_x":-1,"_y":1},{"_time":98.368,"_x":0,"_y":1},{"_time":98.421,"_x":1,"_y":1},{"_time":98.473,"_x":1,"_y":0},{"_time":98.526,"_x":1,"_y":-1},{"_time":98.579,"_x":0,"_y":-1},{"_time":98.631,"_x":0,"_y":0},{"_time":98.684,"_x":0,"_y":1},{"_time":98.737,"_x":-1,"_y":1},{"_time":98.789,"_x":-1,"_y":0},{"_time":98.842,"_x":0,"_y":0},{"_time":98.894,"_x":1,"_y":0},{"_time":98.947,"_x":1,"_y":-1},{"_time":99,"_x":0,"_y":-1},{"_time":99.052,"_x":-1,"_y":-1},{"_time":99.105,"_x":-1,"_y":0},{"_time":99.158,"_x":-1,"_y":1},{"_time":99.21,"_x":0,"_y":1},{"_time":99.263,"_x":1,"_y":1},{"_time":99.316,"_x":1,"_y":0},{"_time":99.368,"_x":0,"_y":0},{"_time":99.421,"_x":-1,"_y":0},{"_time":99.473,"_x":-1,"_y":-1},{"_time":99.526,"_x":0,"_y":-1},{"_time":99.579,"_x":0,"_y":0},{"_time":99.631,"_x":0,"_y":1},{"_time":99.684,"_x":1,"_y":1},{"_time":99.737,"_x":1,"_y":0},{"_time":99.789,"_x":1,"_y":-1},{"_time":99.842,"_x":0,"_y":-1},{"_time":99.894,"_x":-1,"_y":-1},{"_time":99.947,"_x":-1,"_y":0},{"_time":100,"_x":-1,"_y":1},{"_time":100.052,"_x":0,"_y":1},{"_time":100.105,"_x":0,"_y":0},{"_time":100.158,"_x":0,"_y":-1},{"_time":100.21,"_x":1,"_y":-1},{"_time":100.263,"_x":1,"_y":0},{"_time":100.316,"_x":0,"_y":0},{"_time":100.368,"_x":-1,"_y":0},{"_time":100.421,"_x":-1,"_y":-1},{"_time":100.473,"_x":0,"_y":-1},{"_time":100.526,"_x":1,"_y":-1},{"_time":100.579,"_x":1,"_y":0},{"_time":100.631,"_x":0,"_y":0},{"_time":100.684,"_x":-1,"_y":0},{"_time":100.737,"_x":-1,"_y":1},{"_time":100.789,"_x":0,"_y":1},{"_time":100.842,"_x":1,"_y":1},{"_time":100.894,"_x":1,"_y":0},{"_time":100.947,"_x":1,"_y":-1},{"_time":101,"_x":0,"_y":-1},{"_time":101.052,"_x":-1,"_y":-1},{"_time":101.105,"_x":-1,"_y":0},{"_time":101.157,"_x":0,"_y":0},{"_time":101.21,"_x":1,"_y":0},{"_time":101.263,"_x":1,"_y":1},{"_time":101.315,"_x":0,"_y":1},{"_time":101.368,"_x":-1,"_y":1},{"_time":101.42,"_x":-1,"_y":0},{"_time":101.473,"_x":0,"_y":0},{"_time":101.526,"_x":1,"_y":0},{"_time":101.578,"_x":1,"_y":-1},{"_time":101.631,"_x":0,"_y":-1},{"_time":101.684,"_x":0,"_y":0},{"_time":101.736,"_x":0,"_y":1},{"_time":101.789,"_x":-1,"_y":1},{"_time":101.841,"_x":-1,"_y":0},{"_time":101.894,"_x":-1,"_y":-1},{"_time":101.947,"_x":0,"_y":-1},{"_time":101.999,"_x":1,"_y":-1},{"_time":102.052,"_x":1,"_y":0},{"_time":102.105,"_x":1,"_y":1},{"_time":102.157,"_x":0,"_y":1},{"_time":102.21,"_x":0,"_y":0},{"_time":102.263,"_x":0,"_y":-1},{"_time":102.315,"_x":-1,"_y":-1},{"_time":102.368,"_x":-1,"_y":0},{"_time":102.42,"_x":-1,"_y":1},{"_time":102.473,"_x":0,"_y":1},{"_time":102.526,"_x":1,"_y":1},{"_time":102.578,"_x":1,"_y":0},{"_time":102.631,"_x":0,"_y":0},{"_time":102.684,"_x":-1,"_y":0},{"_time":102.736,"_x":-1,"_y":-1},{"_time":102.789,"_x":0,"_y":-1},{"_time":102.841,"_x":0,"_y":0},{"_time":102.894,"_x":0,"_y":1},{"_time":102.947,"_x":-1,"_y":1},{"_time":102.999,"_x":-1,"_y":0},{"_time":103.052,"_x":-1,"_y":-1},{"_time":103.105,"_x":0,"_y":-1},{"_time":103.157,"_x":1,"_y":-1},{"_time":103.21,"_x":1,"_y":0},{"_time":103.263,"_x":0,"_y":0},{"_time":103.315,"_x":-1,"_y":0},{"_time":103.368,"_x":-1,"_y":1},{"_time":103.42,"_x":0,"_y":1},{"_time":103.473,"_x":1,"_y":1},{"_time":103.526,"_x":1,"_y":0},{"_time":103.579,"_x":1,"_y":-1},{"_time":103.631,"_x":0,"_y":-1},{"_time":103.684,"_x":-1,"_y":-1},{"_time":103.737,"_x":-1,"_y":0},{"_time":103.789,"_x":-1,"_y":1},{"_time":103.842,"_x":0,"_y":1},{"_time":103.894,"_x":1,"_y":1},{"_time":103.947,"_x":1,"_y":0},{"_time":104,"_x":0,"_y":0},{"_time":104.052,"_x":-1,"_y":0},{"_time":104.105,"_x":-1,"_y":-1},{"_time":104.158,"_x":0,"_y":-1},{"_time":104.21,"_x":1,"_y":-1},{"_time":104.263,"_x":1,"_y":0},{"_time":104.316,"_x":1,"_y":1},{"_time":104.368,"_x":0,"_y":1},{"_time":104.421,"_x":0,"_y":0},{"_time":104.473,"_x":0,"_y":-1},{"_time":104.526,"_x":-1,"_y":-1},{"_time":104.579,"_x":-1,"_y":0},{"_time":104.631,"_x":-1,"_y":1},{"_time":104.684,"_x":0,"_y":1},{"_time":104.737,"_x":1,"_y":1},{"_time":104.789,"_x":1,"_y":0},{"_time":104.842,"_x":1,"_y":-1},{"_time":104.894,"_x":0,"_y":-1},{"_time":104.947,"_x":0,"_y":0},{"_time":105,"_x":0,"_y":1},{"_time":105.052,"_x":-1,"_y":1},{"_time":105.105,"_x":-1,"_y":0},{"_time":105.158,"_x":-1,"_y":-1},{"_time":105.21,"_x":0,"_y":-1},{"_time":105.263,"_x":1,"_y":-1},{"_time":105.316,"_x":1,"_y":0},{"_time":105.368,"_x":1,"_y":1},{"_time":105.421,"_x":0,"_y":1},{"_time":105.473,"_x":-1,"_y":1},{"_time":105.526,"_x":-1,"_y":0},{"_time":105.579,"_x":0,"_y":0},{"_time":105.631,"_x":1,"_y":0},{"_time":105.684,"_x":1,"_y":-1},{"_time":105.737,"_x":0,"_y":-1},{"_time":105.789,"_x":-1,"_y":-1},{"_time":105.842,"_x":-1,"_y":0},{"_time":105.894,"_x":0,"_y":0},{"_time":105.947,"_x":1,"_y":0},{"_time":106,"_x":1,"_y":1},{"_time":106.052,"_x":0,"_y":1},{"_time":106.105,"_x":0,"_y":0},{"_time":106.158,"_x":0,"_y":-1},{"_time":106.21,"_x":-1,"_y":-1},{"_time":106.263,"_x":-1,"_y":0},{"_time":106.316,"_x":-1,"_y":1},{"_time":106.368,"_x":0,"_y":1},{"_time":106.421,"_x":0,"_y":0},{"_time":106.473,"_x":0,"_y":-1},{"_time":106.526,"_x":1,"_y":-1},{"_time":106.579,"_x":1,"_y":0},{"_time":106.631,"_x":1,"_y":1},{"_time":106.684,"_x":0,"_y":1},{"_time":106.737,"_x":-1,"_y":1},{"_time":106.789,"_x":-1,"_y":0},{"_time":106.842,"_x":0,"_y":0},{"_time":106.894,"_x":1,"_y":0},{"_time":106.947,"_x":1,"_y":-1},{"_time":107,"_x":0,"_y":-1},{"_time":107.052,"_x":-1,"_y":-1},{"_time":107.105,"_x":-1,"_y":0},{"_time":107.158,"_x":-1,"_y":1},{"_time":107.21,"_x":0,"_y":1},{"_time":107.263,"_x":0,"_y":0},{"_time":107.316,"_x":0,"_y":-1},{"_time":107.368,"_x":1,"_y":-1},{"_time":107.421,"_x":1,"_y":0},{"_time":107.473,"_x":0,"_y":0},{"_time":107.526,"_x":-1,"_y":0},{"_time":107.579,"_x":-1,"_y":1},{"_time":107.631,"_x":0,"_y":1},{"_time":107.684,"_x":1,"_y":1},{"_time":107.737,"_x":1,"_y":0},{"_time":107.789,"_x":1,"_y":-1},{"_time":107.842,"_x":0,"_y":-1},{"_time":107.894,"_x":0,"_y":0},{"_time":107.947,"_x":0,"_y":1},{"_time":108,"_x":-1,"_y":1},{"_time":108.052,"_x":-1,"_y":0},{"_time":108.105,"_x":0,"_y":0},{"_time":108.158,"_x":1,"_y":0},{"_time":108.21,"_x":1,"_y":-1},{"_time":108.263,"_x":0,"_y":-1},{"_time":108.316,"_x":-1,"_y":-1},{"_time":108.368,"_x":-1,"_y":0},{"_time":108.421,"_x":-1,"_y":1},{"_time":108.473,"_x":0,"_y":1},{"_time":108.526,"_x":0,"_y":0},{"_time":108.579,"_x":0,"_y":-1},{"_time":108.631,"_x":1,"_y":-1},{"_time":108.684,"_x":1,"_y":0},{"_time":108.737,"_x":1,"_y":1},{"_time":108.789,"_x":0,"_y":1},{"_time":108.842,"_x":-1,"_y":1},{"_time":108.894,"_x":-1,"_y":0},{"_time":108.947,"_x":-1,"_y":-1},{"_time":109,"_x":0,"_y":-1},{"_time":109.052,"_x":1,"_y":-1},{"_time":109.105,"_x":1,"_y":0},{"_time":109.158,"_x":0,"_y":0},{"_time":109.21,"_x":-1,"_y":0},{"_time":109.263,"_x":-1,"_y":1},{"_time":109.316,"_x":0,"_y":1},{"_time":109.368,"_x":1,"_y":1},{"_time":109.421,"_x":1,"_y":0},{"_time":109.473,"_x":1,"_y":-1},{"_time":109.526,"_x":0,"_y":-1},{"_time":109.579,"_x":0,"_y":0},{"_time":109.631,"_x":0,"_y":1},{"_time":109.684,"_x":-1,"_y":1},{"_time":109.737,"_x":-1,"_y":0},{"_time":109.789,"_x":-1,"_y":-1},{"_time":109.842,"_x":0,"_y":-1},{"_time":109.894,"_x":1,"_y":-1},{"_time":109.947,"_x":1,"_y":0},{"_time":110,"_x":1,"_y":1},{"_time":110.052,"_x":0,"_y":1},{"_time":110.105,"_x":0,"_y":0},{"_time":110.158,"_x":0,"_y":-1},{"_time":110.21,"_x":-1,"_y":-1},{"_time":110.263,"_x":-1,"_y":0},{"_time":110.316,"_x":0,"_y":0},{"_time":110.368,"_x":1,"_y":0},{"_time":110.421,"_x":1,"_y":1},{"_time":110.473,"_x":0,"_y":1},{"_time":110.526,"_x":-1,"_y":1},{"_time":110.579,"_x":-1,"_y":0},{"_time":110.631,"_x":-1,"_y":-1},{"_time":110.684,"_x":0,"_y":-1},{"_time":110.736,"_x":1,"_y":-1},{"_time":110.789,"_x":1,"_y":0},{"_time":110.841,"_x":1,"_y":1},{"_time":110.894,"_x":0,"_y":1},{"_time":110.947,"_x":-1,"_y":1},{"_time":111,"_x":-1,"_y":0},{"_time":111.053,"_x":0,"_y":0},{"_time":111.106,"_x":1,"_y":0},{"_time":111.159,"_x":1,"_y":-1},{"_time":111.212,"_x":0,"_y":-1},{"_time":111.265,"_x":-1,"_y":-1},{"_time":111.318,"_x":-1,"_y":0},{"_time":111.371,"_x":-1,"_y":1},{"_time":111.424,"_x":0,"_y":1},{"_time":111.477,"_x":1,"_y":1},{"_time":111.53,"_x":1,"_y":0},{"_time":111.583,"_x":1,"_y":-1},{"_time":111.636,"_x":0,"_y":-1},{"_time":111.688,"_x":-1,"_y":-1},{"_time":111.742,"_x":-1,"_y":0},{"_time":111.795,"_x":-1,"_y":1},{"_time":111.849,"_x":0,"_y":1},{"_time":111.902,"_x":1,"_y":1},{"_time":111.956,"_x":1,"_y":0},{"_time":112.01,"_x":0,"_y":0},{"_time":112.063,"_x":-1,"_y":0},{"_time":112.115,"_x":-1,"_y":-1},{"_time":112.169,"_x":0,"_y":-1},{"_time":112.223,"_x":1,"_y":-1},{"_time":112.277,"_x":1,"_y":0},{"_time":112.331,"_x":1,"_y":1},{"_time":112.385,"_x":0,"_y":1},{"_time":112.439,"_x":-1,"_y":1},{"_time":112.493,"_x":-1,"_y":0},{"_time":112.546,"_x":-1,"_y":-1},{"_time":112.6,"_x":0,"_y":-1},{"_time":112.655,"_x":0,"_y":0},{"_time":112.709,"_x":0,"_y":1},{"_time":112.762,"_x":1,"_y":1},{"_time":112.817,"_x":1,"_y":0},{"_time":112.871,"_x":1,"_y":-1},{"_time":112.926,"_x":0,"_y":-1},{"_time":112.98,"_x":-1,"_y":-1},{"_time":113.035,"_x":-1,"_y":0},{"_time":113.089,"_x":-1,"_y":1},{"_time":113.144,"_x":0,"_y":1},{"_time":113.198,"_x":1,"_y":1},{"_time":113.252,"_x":1,"_y":0},{"_time":113.307,"_x":0,"_y":0},{"_time":113.361,"_x":-1,"_y":0},{"_time":113.416,"_x":-1,"_y":-1},{"_time":113.471,"_x":0,"_y":-1},{"_time":113.526,"_x":1,"_y":-1},{"_time":113.58,"_x":1,"_y":0},{"_time":113.635,"_x":1,"_y":1},{"_time":113.691,"_x":0,"_y":1},{"_time":113.746,"_x":0,"_y":0},{"_time":113.801,"_x":0,"_y":-1},{"_time":113.857,"_x":-1,"_y":-1},{"_time":113.912,"_x":-1,"_y":0},{"_time":113.967,"_x":-1,"_y":1},{"_time":114.021,"_x":0,"_y":1},{"_time":114.077,"_x":1,"_y":1},{"_time":114.133,"_x":1,"_y":0},{"_time":114.189,"_x":1,"_y":-1},{"_time":114.243,"_x":0,"_y":-1},{"_time":114.299,"_x":0,"_y":0},{"_time":114.355,"_x":0,"_y":1},{"_time":114.411,"_x":-1,"_y":1},{"_time":114.465,"_x":-1,"_y":0},{"_time":114.521,"_x":-1,"_y":-1},{"_time":114.577,"_x":0,"_y":-1},{"_time":114.633,"_x":1,"_y":-1},{"_time":114.688,"_x":1,"_y":0},{"_time":114.744,"_x":0,"_y":0},{"_time":114.8,"_x":-1,"_y":0},{"_time":114.856,"_x":-1,"_y":1},{"_time":114.911,"_x":0,"_y":1},{"_time":114.967,"_x":1,"_y":1},{"_time":115.024,"_x":1,"_y":0},{"_time":115.08,"_x":0,"_y":0},{"_time":115.135,"_x":-1,"_y":0},{"_time":115.192,"_x":-1,"_y":-1},{"_time":115.248,"_x":0,"_y":-1},{"_time":115.305,"_x":0,"_y":0},{"_time":115.36,"_x":0,"_y":1},{"_time":115.417,"_x":1,"_y":1},{"_time":115.474,"_x":1,"_y":0},{"_time":115.531,"_x":1,"_y":-1},{"_time":115.587,"_x":0,"_y":-1},{"_time":115.644,"_x":0,"_y":0},{"_time":115.701,"_x":0,"_y":1},{"_time":115.759,"_x":-1,"_y":1},{"_time":115.815,"_x":-1,"_y":0},{"_time":115.872,"_x":-1,"_y":-1},{"_time":115.93,"_x":0,"_y":-1},{"_time":115.987,"_x":1,"_y":-1},{"_time":116.043,"_x":1,"_y":0},{"_time":116.101,"_x":0,"_y":0},{"_time":116.159,"_x":-1,"_y":0},{"_time":116.216,"_x":-1,"_y":1},{"_time":116.272,"_x":0,"_y":1},{"_time":116.33,"_x":1,"_y":1},{"_time":116.388,"_x":1,"_y":0},{"_time":116.445,"_x":1,"_y":-1},{"_time":116.503,"_x":0,"_y":-1},{"_time":116.561,"_x":0,"_y":0},{"_time":116.619,"_x":0,"_y":1},{"_time":116.676,"_x":-1,"_y":1},{"_time":116.734,"_x":-1,"_y":0},{"_time":116.793,"_x":-1,"_y":-1},{"_time":116.851,"_x":0,"_y":-1},{"_time":116.908,"_x":0,"_y":0},{"_time":116.967,"_x":0,"_y":1},{"_time":117.025,"_x":1,"_y":1},{"_time":117.084,"_x":1,"_y":0},{"_time":117.141,"_x":0,"_y":0},{"_time":117.2,"_x":-1,"_y":0},{"_time":117.259,"_x":-1,"_y":-1},{"_time":117.318,"_x":0,"_y":-1},{"_time":117.376,"_x":1,"_y":-1},{"_time":117.435,"_x":1,"_y":0},{"_time":117.495,"_x":1,"_y":1},{"_time":117.554,"_x":0,"_y":1},{"_time":117.613,"_x":0,"_y":0},{"_time":117.673,"_x":0,"_y":-1},{"_time":117.733,"_x":-1,"_y":-1},{"_time":117.793,"_x":-1,"_y":0},{"_time":117.852,"_x":-1,"_y":1},{"_time":117.912,"_x":0,"_y":1},{"_time":117.971,"_x":0,"_y":0},{"_time":118.031,"_x":0,"_y":-1},{"_time":118.089,"_x":1,"_y":-1},{"_time":118.149,"_x":1,"_y":0},{"_time":118.209,"_x":1,"_y":1},{"_time":118.269,"_x":0,"_y":1},{"_time":118.328,"_x":0,"_y":0},{"_time":118.388,"_x":0,"_y":-1},{"_time":118.448,"_x":-1,"_y":-1},{"_time":118.508,"_x":-1,"_y":0},{"_time":118.567,"_x":-1,"_y":1},{"_time":118.627,"_x":0,"_y":1},{"_time":118.687,"_x":1,"_y":1},{"_time":118.747,"_x":1,"_y":0},{"_time":118.806,"_x":0,"_y":0},{"_time":118.867,"_x":-1,"_y":0},{"_time":118.927,"_x":-1,"_y":-1},{"_time":118.988,"_x":0,"_y":-1},{"_time":119.047,"_x":1,"_y":-1},{"_time":119.108,"_x":1,"_y":0},{"_time":119.169,"_x":0,"_y":0},{"_time":119.229,"_x":-1,"_y":0},{"_time":119.288,"_x":-1,"_y":1},{"_time":119.349,"_x":0,"_y":1},{"_time":119.41,"_x":0,"_y":0},{"_time":119.471,"_x":0,"_y":-1},{"_time":119.531,"_x":1,"_y":-1},{"_time":119.592,"_x":1,"_y":0},{"_time":119.653,"_x":1,"_y":1},{"_time":119.714,"_x":0,"_y":1},{"_time":119.776,"_x":-1,"_y":1},{"_time":119.837,"_x":-1,"_y":0}]}