{"_approachDistance": 50, "_approachTime": 1, "_name": "Hard", "_notes": [{"_time": 1.257, "_x": 1, "_y": 1}, {"_time": 1.589, "_x": -1, "_y": 0}, {"_time": 1.923, "_x": 0, "_y": 1}, {"_time": 3.034, "_x": 1, "_y": 0}, {"_time": 3.366, "_x": -1, "_y": 1}, {"_time": 3.7, "_x": -1, "_y": -1}, {"_time": 4.589, "_x": 0, "_y": -1}, {"_time": 4.811, "_x": 0, "_y": 1}, {"_time": 5.145, "_x": -1, "_y": 0}, {"_time": 5.478, "_x": 1, "_y": -1}, {"_time": 5.7, "_x": 1, "_y": 0}, {"_time": 6.367, "_x": -1, "_y": -1}, {"_time": 6.589, "_x": -1, "_y": 1}, {"_time": 7.7, "_x": -1, "_y": -1}, {"_time": 8.145, "_x": 0, "_y": 0}, {"_time": 8.367, "_x": 1, "_y": 0}, {"_time": 8.7, "_x": 1, "_y": 1}, {"_time": 9.477, "_x": 1, "_y": 0}, {"_time": 9.923, "_x": 0, "_y": -1}, {"_time": 10.145, "_x": -1, "_y": 1}, {"_time": 11.257, "_x": 0, "_y": -1}, {"_time": 11.7, "_x": -1, "_y": 0}, {"_time": 11.923, "_x": 1, "_y": 1}, {"_time": 12.035, "_x": 1, "_y": 0}, {"_time": 12.145, "_x": 1, "_y": -1}, {"_time": 12.256, "_x": 0, "_y": -1}, {"_time": 12.367, "_x": 0, "_y": 0}, {"_time": 12.478, "_x": 0, "_y": 1}, {"_time": 12.589, "_x": -1, "_y": 1}, {"_time": 12.7, "_x": -1, "_y": 0}, {"_time": 12.811, "_x": -1, "_y": -1}, {"_time": 12.923, "_x": 0, "_y": -1}, {"_time": 13.035, "_x": 1, "_y": -1}, {"_time": 13.145, "_x": 1, "_y": 0}, {"_time": 13.256, "_x": 1, "_y": 1}, {"_time": 13.367, "_x": -1, "_y": 0}, {"_time": 13.478, "_x": 1, "_y": -1}, {"_time": 13.589, "_x": -1, "_y": -1}, {"_time": 13.7, "_x": 1, "_y": 1}, {"_time": 13.811, "_x": 1, "_y": 0}, {"_time": 13.923, "_x": 1, "_y": -1}, {"_time": 14.035, "_x": 0, "_y": -1}, {"_time": 14.145, "_x": -1, "_y": -1}, {"_time": 14.256, "_x": -1, "_y": 0}, {"_time": 14.367, "_x": -1, "_y": 1}, {"_time": 14.478, "_x": 0, "_y": 1}, {"_time": 14.589, "_x": 0, "_y": 0}, {"_time": 14.7, "_x": 0, "_y": -1}, {"_time": 14.811, "_x": 1, "_y": -1}, {"_time": 14.923, "_x": 1, "_y": 0}, {"_time": 15.035, "_x": 1, "_y": 1}, {"_time": 15.145, "_x": -1, "_y": 0}, {"_time": 15.256, "_x": 1, "_y": -1}, {"_time": 15.367, "_x": 0, "_y": 1}, {"_time": 15.478, "_x": -1, "_y": -1}, {"_time": 15.589, "_x": -1, "_y": 0}, {"_time": 15.7, "_x": -1, "_y": 1}, {"_time": 15.811, "_x": 0, "_y": 1}, {"_time": 15.923, "_x": 0, "_y": 0}, {"_time": 16.035, "_x": 0, "_y": -1}, {"_time": 16.145, "_x": 1, "_y": -1}, {"_time": 16.256, "_x": 1, "_y": 0}, {"_time": 16.367, "_x": 1, "_y": 1}, {"_time": 16.478, "_x": 0, "_y": 1}, {"_time": 16.589, "_x": 0, "_y": 0}, {"_time": 16.7, "_x": 0, "_y": -1}, {"_time": 16.812, "_x": -1, "_y": -1}, {"_time": 16.923, "_x": 1, "_y": 0}, {"_time": 17.035, "_x": -1, "_y": 1}, {"_time": 17.145, "_x": 0, "_y": -1}, {"_time": 17.256, "_x": 1, "_y": 1}, {"_time": 17.589, "_x": -1, "_y": -1}, {"_time": 17.923, "_x": -1, "_y": 1}, {"_time": 18.035, "_x": -1, "_y": 0}, {"_time": 18.145, "_x": -1, "_y": 1}, {"_time": 18.368, "_x": 1, "_y": -1}, {"_time": 18.589, "_x": -1, "_y": -1}, {"_time": 18.7, "_x": -1, "_y": 0}, {"_time": 18.811, "_x": -1, "_y": 1}, {"_time": 18.923, "_x": 0, "_y": 1}, {"_time": 19.035, "_x": 1, "_y": 1}, {"_time": 19.423, "_x": -1, "_y": 0}, {"_time": 19.756, "_x": 1, "_y": -1}, {"_time": 20.145, "_x": 0, "_y": -1}, {"_time": 20.367, "_x": 0, "_y": 1}, {"_time": 20.701, "_x": -1, "_y": -1}, {"_time": 21.701, "_x": 1, "_y": 0}, {"_time": 21.811, "_x": -1, "_y": 1}, {"_time": 21.923, "_x": 0, "_y": -1}, {"_time": 22.035, "_x": 1, "_y": 1}, {"_time": 22.146, "_x": -1, "_y": 0}, {"_time": 22.367, "_x": 1, "_y": 1}, {"_time": 22.59, "_x": 0, "_y": -1}, {"_time": 22.811, "_x": -1, "_y": 0}, {"_time": 23.035, "_x": -1, "_y": 1}, {"_time": 23.256, "_x": 1, "_y": 0}, {"_time": 23.367, "_x": 1, "_y": -1}, {"_time": 23.478, "_x": 0, "_y": 0}, {"_time": 23.7, "_x": 0, "_y": -1}, {"_time": 23.923, "_x": 1, "_y": 1}, {"_time": 24.589, "_x": 1, "_y": -1}, {"_time": 24.812, "_x": 0, "_y": -1}, {"_time": 24.922, "_x": 0, "_y": 0}, {"_time": 25.146, "_x": -1, "_y": 0}, {"_time": 25.256, "_x": -1, "_y": 1}, {"_time": 25.478, "_x": -1, "_y": -1}, {"_time": 25.7, "_x": 1, "_y": 0}, {"_time": 25.923, "_x": 1, "_y": -1}, {"_time": 26.146, "_x": 0, "_y": 1}, {"_time": 26.534, "_x": -1, "_y": 1}, {"_time": 26.811, "_x": 1, "_y": 0}, {"_time": 27.035, "_x": 1, "_y": -1}, {"_time": 27.256, "_x": -1, "_y": -1}, {"_time": 27.478, "_x": 1, "_y": 1}, {"_time": 27.923, "_x": 1, "_y": -1}, {"_time": 28.146, "_x": 1, "_y": -1}, {"_time": 28.367, "_x": 1, "_y": 1}, {"_time": 28.7, "_x": 0, "_y": -1}, {"_time": 28.812, "_x": -1, "_y": 1}, {"_time": 28.922, "_x": -1, "_y": -1}, {"_time": 29.034, "_x": 1, "_y": 1}, {"_time": 29.146, "_x": 1, "_y": -1}, {"_time": 29.257, "_x": 0, "_y": 1}, {"_time": 29.479, "_x": -1, "_y": 1}, {"_time": 29.7, "_x": 1, "_y": 0}, {"_time": 29.923, "_x": 0, "_y": -1}, {"_time": 30.146, "_x": -1, "_y": 0}, {"_time": 30.367, "_x": 1, "_y": -1}, {"_time": 30.478, "_x": 1, "_y": 1}, {"_time": 30.589, "_x": 0, "_y": -1}, {"_time": 30.811, "_x": -1, "_y": 1}, {"_time": 31.035, "_x": 1, "_y": 1}, {"_time": 31.257, "_x": -1, "_y": 0}, {"_time": 31.478, "_x": 1, "_y": -1}, {"_time": 31.839, "_x": 1, "_y": -1}, {"_time": 32.144, "_x": 0, "_y": 0}, {"_time": 32.367, "_x": -1, "_y": 1}, {"_time": 33.035, "_x": 0, "_y": 0}, {"_time": 33.257, "_x": 1, "_y": 1}, {"_time": 33.644, "_x": 0, "_y": -1}, {"_time": 33.923, "_x": -1, "_y": -1}, {"_time": 34.339, "_x": 0, "_y": 0}, {"_time": 34.59, "_x": 1, "_y": 1}, {"_time": 34.95, "_x": 1, "_y": 1}, {"_time": 35.035, "_x": 1, "_y": 0}, {"_time": 35.256, "_x": -1, "_y": 0}, {"_time": 35.479, "_x": -1, "_y": -1}, {"_time": 35.701, "_x": -1, "_y": 0}, {"_time": 35.923, "_x": 1, "_y": -1}, {"_time": 36.285, "_x": -1, "_y": 0}, {"_time": 36.588, "_x": 0, "_y": -1}, {"_time": 36.811, "_x": 1, "_y": 0}, {"_time": 37.173, "_x": 0, "_y": 0}, {"_time": 37.505, "_x": -1, "_y": -1}, {"_time": 37.923, "_x": 1, "_y": 0}, {"_time": 38.146, "_x": 0, "_y": 1}, {"_time": 38.811, "_x": -1, "_y": 1}, {"_time": 39.035, "_x": 1, "_y": 0}, {"_time": 39.257, "_x": -1, "_y": 0}, {"_time": 39.478, "_x": 1, "_y": -1}, {"_time": 39.894, "_x": -1, "_y": 0}, {"_time": 40.146, "_x": 0, "_y": -1}, {"_time": 40.368, "_x": 1, "_y": 1}, {"_time": 40.728, "_x": -1, "_y": 0}, {"_time": 41.033, "_x": 0, "_y": -1}, {"_time": 41.478, "_x": 1, "_y": 0}, {"_time": 41.701, "_x": -1, "_y": 1}, {"_time": 42.005, "_x": 0, "_y": 0}, {"_time": 42.589, "_x": 1, "_y": -1}, {"_time": 42.812, "_x": -1, "_y": 0}, {"_time": 43.035, "_x": -1, "_y": -1}, {"_time": 43.257, "_x": 1, "_y": 0}, {"_time": 43.478, "_x": -1, "_y": 1}, {"_time": 43.7, "_x": 1, "_y": 1}, {"_time": 43.923, "_x": -1, "_y": 0}, {"_time": 44.283, "_x": 1, "_y": -1}, {"_time": 45.478, "_x": -1, "_y": 1}, {"_time": 45.7, "_x": 0, "_y": 0}, {"_time": 46.088, "_x": 0, "_y": -1}, {"_time": 46.368, "_x": -1, "_y": 0}, {"_time": 46.589, "_x": 1, "_y": 1}, {"_time": 47.035, "_x": 1, "_y": -1}, {"_time": 47.478, "_x": 0, "_y": 0}, {"_time": 49.257, "_x": -1, "_y": 1}, {"_time": 51.035, "_x": 1, "_y": -1}, {"_time": 52.811, "_x": -1, "_y": 0}, {"_time": 54.59, "_x": 1, "_y": 1}, {"_time": 55.035, "_x": 1, "_y": 1}, {"_time": 55.479, "_x": 1, "_y": 1}, {"_time": 55.923, "_x": 1, "_y": 1}, {"_time": 56.368, "_x": 0, "_y": -1}, {"_time": 56.811, "_x": 0, "_y": -1}, {"_time": 57.257, "_x": 0, "_y": -1}, {"_time": 57.7, "_x": 0, "_y": -1}, {"_time": 58.146, "_x": 1, "_y": 0}, {"_time": 58.366, "_x": 1, "_y": 0}, {"_time": 58.59, "_x": 1, "_y": 0}, {"_time": 58.811, "_x": 1, "_y": 0}, {"_time": 59.035, "_x": -1, "_y": 1}, {"_time": 59.257, "_x": -1, "_y": 1}, {"_time": 59.479, "_x": -1, "_y": 1}, {"_time": 59.7, "_x": -1, "_y": 1}, {"_time": 59.923, "_x": 0, "_y": 0}, {"_time": 60.035, "_x": -1, "_y": -1}, {"_time": 60.146, "_x": 0, "_y": -1}, {"_time": 60.368, "_x": 1, "_y": 0}, {"_time": 60.811, "_x": 0, "_y": 0}, {"_time": 61.257, "_x": -1, "_y": 1}, {"_time": 61.7, "_x": -1, "_y": -1}, {"_time": 61.923, "_x": 1, "_y": 0}, {"_time": 62.146, "_x": 0, "_y": 1}, {"_time": 62.368, "_x": -1, "_y": 0}, {"_time": 62.59, "_x": 1, "_y": -1}, {"_time": 62.811, "_x": 1, "_y": 1}, {"_time": 62.923, "_x": -1, "_y": 1}, {"_time": 63.257, "_x": -1, "_y": -1}, {"_time": 63.479, "_x": 0, "_y": -1}, {"_time": 63.701, "_x": 1, "_y": 0}, {"_time": 63.923, "_x": 0, "_y": 1}, {"_time": 64.145, "_x": 0, "_y": 0}, {"_time": 64.368, "_x": -1, "_y": 0}, {"_time": 64.59, "_x": -1, "_y": 1}, {"_time": 64.699, "_x": 1, "_y": 1}, {"_time": 65.035, "_x": 1, "_y": -1}, {"_time": 65.257, "_x": 0, "_y": -1}, {"_time": 65.479, "_x": -1, "_y": 0}, {"_time": 65.589, "_x": -1, "_y": 0}, {"_time": 65.923, "_x": 1, "_y": -1}, {"_time": 66.146, "_x": 0, "_y": -1}, {"_time": 66.368, "_x": 0, "_y": 0}, {"_time": 66.59, "_x": -1, "_y": 1}, {"_time": 66.811, "_x": -1, "_y": 0}, {"_time": 67.035, "_x": 1, "_y": 1}, {"_time": 67.479, "_x": 1, "_y": 0}, {"_time": 67.923, "_x": 1, "_y": -1}, {"_time": 68.311, "_x": -1, "_y": 0}, {"_time": 68.59, "_x": -1, "_y": -1}, {"_time": 68.811, "_x": 0, "_y": 0}, {"_time": 69.479, "_x": 0, "_y": -1}, {"_time": 69.922, "_x": -1, "_y": 0}, {"_time": 70.146, "_x": 0, "_y": 1}, {"_time": 70.368, "_x": 1, "_y": 0}, {"_time": 71.035, "_x": 1, "_y": -1}, {"_time": 71.257, "_x": -1, "_y": 0}, {"_time": 71.699, "_x": -1, "_y": -1}, {"_time": 71.921, "_x": 0, "_y": 1}, {"_time": 72.146, "_x": 1, "_y": -1}, {"_time": 72.368, "_x": 1, "_y": 1}, {"_time": 72.701, "_x": -1, "_y": 0}, {"_time": 73.033, "_x": 0, "_y": 1}, {"_time": 73.367, "_x": 1, "_y": 0}, {"_time": 73.701, "_x": -1, "_y": 1}, {"_time": 73.81, "_x": -1, "_y": 0}, {"_time": 73.923, "_x": -1, "_y": -1}, {"_time": 74.146, "_x": 0, "_y": 1}, {"_time": 74.59, "_x": 0, "_y": -1}, {"_time": 75.035, "_x": 1, "_y": -1}, {"_time": 75.479, "_x": 1, "_y": 1}, {"_time": 75.923, "_x": 0, "_y": 0}, {"_time": 76.146, "_x": -1, "_y": -1}, {"_time": 76.368, "_x": -1, "_y": 1}, {"_time": 76.59, "_x": 0, "_y": 0}, {"_time": 76.811, "_x": 0, "_y": -1}, {"_time": 77.035, "_x": 1, "_y": 1}, {"_time": 77.146, "_x": 1, "_y": 1}, {"_time": 77.479, "_x": 1, "_y": 0}, {"_time": 77.701, "_x": 0, "_y": 1}, {"_time": 77.923, "_x": 0, "_y": -1}, {"_time": 78.146, "_x": -1, "_y": 1}, {"_time": 78.368, "_x": -1, "_y": -1}, {"_time": 78.59, "_x": 1, "_y": 0}, {"_time": 78.811, "_x": 0, "_y": 1}, {"_time": 78.923, "_x": -1, "_y": 0}, {"_time": 79.257, "_x": 1, "_y": 0}, {"_time": 79.479, "_x": 0, "_y": 0}, {"_time": 79.923, "_x": -1, "_y": 1}, {"_time": 80.145, "_x": 1, "_y": 1}, {"_time": 80.59, "_x": 1, "_y": -1}, {"_time": 80.812, "_x": 0, "_y": 1}, {"_time": 81.035, "_x": -1, "_y": 0}, {"_time": 81.701, "_x": -1, "_y": 1}, {"_time": 82.146, "_x": 1, "_y": 0}, {"_time": 82.506, "_x": 0, "_y": -1}, {"_time": 82.812, "_x": -1, "_y": -1}, {"_time": 83.035, "_x": 0, "_y": -1}, {"_time": 83.701, "_x": -1, "_y": -1}, {"_time": 83.812, "_x": 0, "_y": -1}, {"_time": 83.923, "_x": 1, "_y": -1}, {"_time": 84.035, "_x": 1, "_y": 0}, {"_time": 84.146, "_x": 0, "_y": 0}, {"_time": 84.257, "_x": 0, "_y": -1}, {"_time": 84.368, "_x": -1, "_y": -1}, {"_time": 84.479, "_x": -1, "_y": 0}, {"_time": 84.59, "_x": -1, "_y": 1}, {"_time": 84.701, "_x": 0, "_y": 1}, {"_time": 84.812, "_x": 1, "_y": 1}, {"_time": 84.923, "_x": 1, "_y": -1}, {"_time": 86.59, "_x": -1, "_y": 1}, {"_time": 86.922, "_x": -1, "_y": -1}, {"_time": 87.256, "_x": 1, "_y": 1}, {"_time": 87.59, "_x": 1, "_y": -1}, {"_time": 87.923, "_x": 0, "_y": 1}, {"_time": 88.146, "_x": 0, "_y": -1}]}