{"_approachDistance":50,"_approachTime":1,"_name":"Official Ver.","_notes":[{"_time":0.138,"_x":-1,"_y":-1},{"_time":0.469,"_x":0,"_y":1},{"_time":0.691,"_x":0,"_y":1},{"_time":1.026,"_x":1,"_y":-1},{"_time":1.137,"_x":1,"_y":-1},{"_time":1.47,"_x":-1,"_y":0},{"_time":1.802,"_x":-1,"_y":0},{"_time":2.025,"_x":1,"_y":1},{"_time":2.137,"_x":1,"_y":1},{"_time":2.359,"_x":0,"_y":-1},{"_time":2.47,"_x":0,"_y":-1},{"_time":2.692,"_x":0,"_y":1},{"_time":2.803,"_x":0,"_y":1},{"_time":3.025,"_x":-1,"_y":-1},{"_time":3.137,"_x":0,"_y":-1},{"_time":3.359,"_x":0,"_y":1},{"_time":3.47,"_x":-1,"_y":1},{"_time":3.692,"_x":0,"_y":-1},{"_time":3.803,"_x":1,"_y":-1},{"_time":4.025,"_x":1,"_y":1},{"_time":4.137,"_x":0,"_y":1},{"_time":4.358,"_x":-1,"_y":-1},{"_time":4.692,"_x":1,"_y":0},{"_time":5.47,"_x":-1,"_y":0},{"_time":5.692,"_x":1,"_y":1},{"_time":5.803,"_x":1,"_y":0},{"_time":6.025,"_x":-1,"_y":0},{"_time":6.137,"_x":-1,"_y":-1},{"_time":6.359,"_x":1,"_y":0},{"_time":6.47,"_x":1,"_y":-1},{"_time":6.692,"_x":-1,"_y":1},{"_time":6.803,"_x":-1,"_y":0},{"_time":7.025,"_x":1,"_y":-1},{"_time":7.359,"_x":0,"_y":1},{"_time":8.137,"_x":-1,"_y":-1},{"_time":8.359,"_x":1,"_y":0},{"_time":8.47,"_x":1,"_y":1},{"_time":8.692,"_x":0,"_y":0},{"_time":8.803,"_x":0,"_y":-1},{"_time":9.025,"_x":-1,"_y":0},{"_time":9.248,"_x":-1,"_y":1},{"_time":15.516,"_x":0,"_y":0},{"_time":20.567,"_x":-1,"_y":-1},{"_time":20.883,"_x":1,"_y":-1},{"_time":21.199,"_x":-1,"_y":0},{"_time":21.514,"_x":1,"_y":0},{"_time":21.83,"_x":-1,"_y":1},{"_time":22.146,"_x":1,"_y":1},{"_time":22.462,"_x":-1,"_y":0},{"_time":22.778,"_x":1,"_y":-1},{"_time":23.093,"_x":0,"_y":1},{"_time":23.409,"_x":-1,"_y":-1},{"_time":23.725,"_x":1,"_y":0},{"_time":24.041,"_x":-1,"_y":0},{"_time":24.357,"_x":1,"_y":1},{"_time":24.672,"_x":-1,"_y":1},{"_time":24.988,"_x":1,"_y":0},{"_time":25.304,"_x":-1,"_y":0},{"_time":25.62,"_x":1,"_y":-1},{"_time":25.778,"_x":0,"_y":1},{"_time":25.936,"_x":0,"_y":-1},{"_time":26.093,"_x":1,"_y":1},{"_time":26.251,"_x":-1,"_y":-1},{"_time":26.409,"_x":1,"_y":0},{"_time":26.567,"_x":-1,"_y":0},{"_time":26.725,"_x":1,"_y":1},{"_time":26.883,"_x":1,"_y":-1},{"_time":26.962,"_x":0,"_y":-1},{"_time":27.041,"_x":-1,"_y":-1},{"_time":27.12,"_x":-1,"_y":0},{"_time":27.199,"_x":0,"_y":0},{"_time":27.278,"_x":1,"_y":0},{"_time":27.357,"_x":1,"_y":1},{"_time":27.436,"_x":0,"_y":1},{"_time":27.514,"_x":-1,"_y":1},{"_time":27.593,"_x":-1,"_y":0},{"_time":27.672,"_x":-1,"_y":-1},{"_time":27.751,"_x":0,"_y":-1},{"_time":27.83,"_x":0,"_y":0},{"_time":27.909,"_x":0,"_y":1},{"_time":27.988,"_x":1,"_y":1},{"_time":28.067,"_x":1,"_y":0},{"_time":28.146,"_x":1,"_y":-1},{"_time":28.304,"_x":0,"_y":-1},{"_time":28.462,"_x":-1,"_y":-1},{"_time":28.62,"_x":-1,"_y":0},{"_time":28.936,"_x":1,"_y":0},{"_time":29.093,"_x":1,"_y":1},{"_time":29.251,"_x":0,"_y":1},{"_time":29.409,"_x":0,"_y":-1},{"_time":29.883,"_x":-1,"_y":1},{"_time":30.358,"_x":0,"_y":0},{"_time":30.672,"_x":-1,"_y":1},{"_time":30.751,"_x":1,"_y":0},{"_time":30.83,"_x":-1,"_y":-1},{"_time":30.909,"_x":0,"_y":1},{"_time":30.988,"_x":0,"_y":-1},{"_time":31.067,"_x":-1,"_y":1},{"_time":31.146,"_x":1,"_y":0},{"_time":31.225,"_x":-1,"_y":-1},{"_time":31.304,"_x":1,"_y":1},{"_time":31.383,"_x":0,"_y":-1},{"_time":31.462,"_x":-1,"_y":1},{"_time":31.541,"_x":1,"_y":0},{"_time":31.62,"_x":-1,"_y":0},{"_time":31.699,"_x":1,"_y":-1},{"_time":31.778,"_x":-1,"_y":-1},{"_time":31.857,"_x":1,"_y":0},{"_time":31.936,"_x":-1,"_y":0},{"_time":32.014,"_x":1,"_y":1},{"_time":32.093,"_x":0,"_y":-1},{"_time":32.172,"_x":-1,"_y":1},{"_time":32.251,"_x":1,"_y":0},{"_time":32.33,"_x":-1,"_y":-1},{"_time":32.409,"_x":0,"_y":1},{"_time":32.488,"_x":0,"_y":-1},{"_time":32.567,"_x":1,"_y":1},{"_time":32.646,"_x":-1,"_y":0},{"_time":32.725,"_x":1,"_y":-1},{"_time":32.804,"_x":0,"_y":1},{"_time":32.883,"_x":-1,"_y":-1},{"_time":33.041,"_x":1,"_y":0},{"_time":33.199,"_x":-1,"_y":1},{"_time":33.278,"_x":0,"_y":-1},{"_time":33.357,"_x":0,"_y":1},{"_time":33.436,"_x":1,"_y":-1},{"_time":33.514,"_x":-1,"_y":0},{"_time":33.593,"_x":1,"_y":1},{"_time":33.672,"_x":0,"_y":-1},{"_time":33.751,"_x":0,"_y":1},{"_time":33.83,"_x":-1,"_y":-1},{"_time":33.909,"_x":1,"_y":0},{"_time":33.988,"_x":-1,"_y":1},{"_time":34.067,"_x":1,"_y":-1},{"_time":34.146,"_x":0,"_y":1},{"_time":34.304,"_x":0,"_y":-1},{"_time":34.462,"_x":1,"_y":1},{"_time":34.541,"_x":-1,"_y":-1},{"_time":34.62,"_x":1,"_y":0},{"_time":34.699,"_x":-1,"_y":0},{"_time":34.778,"_x":1,"_y":-1},{"_time":34.857,"_x":-1,"_y":1},{"_time":34.936,"_x":0,"_y":-1},{"_time":35.014,"_x":0,"_y":1},{"_time":35.093,"_x":-1,"_y":-1},{"_time":35.251,"_x":1,"_y":0},{"_time":35.33,"_x":-1,"_y":0},{"_time":35.409,"_x":1,"_y":1},{"_time":35.567,"_x":0,"_y":-1},{"_time":35.607,"_x":-1,"_y":-1},{"_time":35.646,"_x":-1,"_y":0},{"_time":35.686,"_x":-1,"_y":1},{"_time":35.725,"_x":0,"_y":1},{"_time":35.804,"_x":1,"_y":-1},{"_time":35.883,"_x":-1,"_y":0},{"_time":35.962,"_x":1,"_y":0},{"_time":36.041,"_x":-1,"_y":1},{"_time":36.12,"_x":0,"_y":-1},{"_time":36.199,"_x":1,"_y":1},{"_time":36.278,"_x":-1,"_y":-1},{"_time":36.357,"_x":1,"_y":0},{"_time":36.436,"_x":-1,"_y":1},{"_time":36.514,"_x":0,"_y":-1},{"_time":36.593,"_x":1,"_y":1},{"_time":36.672,"_x":-1,"_y":-1},{"_time":36.751,"_x":1,"_y":0},{"_time":36.83,"_x":-1,"_y":0},{"_time":36.909,"_x":1,"_y":1},{"_time":36.988,"_x":-1,"_y":1},{"_time":37.066,"_x":1,"_y":0},{"_time":37.146,"_x":-1,"_y":-1},{"_time":37.225,"_x":0,"_y":1},{"_time":37.304,"_x":1,"_y":-1},{"_time":37.383,"_x":-1,"_y":0},{"_time":37.462,"_x":1,"_y":1},{"_time":37.541,"_x":0,"_y":-1},{"_time":37.62,"_x":0,"_y":1},{"_time":37.699,"_x":1,"_y":-1},{"_time":37.778,"_x":-1,"_y":1},{"_time":37.857,"_x":1,"_y":0},{"_time":37.936,"_x":-1,"_y":0},{"_time":38.093,"_x":1,"_y":-1},{"_time":38.251,"_x":-1,"_y":-1},{"_time":38.33,"_x":1,"_y":0},{"_time":38.409,"_x":-1,"_y":1},{"_time":38.488,"_x":1,"_y":1},{"_time":38.567,"_x":-1,"_y":0},{"_time":38.646,"_x":1,"_y":-1},{"_time":38.725,"_x":0,"_y":1},{"_time":38.804,"_x":-1,"_y":-1},{"_time":38.883,"_x":-1,"_y":1},{"_time":38.962,"_x":0,"_y":-1},{"_time":39.041,"_x":1,"_y":1},{"_time":39.12,"_x":-1,"_y":0},{"_time":39.199,"_x":1,"_y":-1},{"_time":39.278,"_x":0,"_y":1},{"_time":39.357,"_x":-1,"_y":-1},{"_time":39.436,"_x":1,"_y":0},{"_time":39.514,"_x":-1,"_y":1},{"_time":39.593,"_x":1,"_y":-1},{"_time":39.672,"_x":-1,"_y":0},{"_time":39.751,"_x":1,"_y":0},{"_time":39.83,"_x":-1,"_y":-1},{"_time":39.909,"_x":1,"_y":1},{"_time":39.988,"_x":0,"_y":-1},{"_time":40.067,"_x":0,"_y":1},{"_time":40.146,"_x":1,"_y":-1},{"_time":40.304,"_x":-1,"_y":0},{"_time":40.462,"_x":1,"_y":0},{"_time":40.62,"_x":-1,"_y":1},{"_time":40.778,"_x":0,"_y":-1},{"_time":40.857,"_x":0,"_y":1},{"_time":40.936,"_x":1,"_y":-1},{"_time":41.014,"_x":-1,"_y":1},{"_time":41.093,"_x":1,"_y":0},{"_time":41.172,"_x":-1,"_y":0},{"_time":41.251,"_x":1,"_y":-1},{"_time":41.33,"_x":-1,"_y":-1},{"_time":41.409,"_x":1,"_y":0},{"_time":41.488,"_x":-1,"_y":1},{"_time":41.567,"_x":0,"_y":-1},{"_time":41.646,"_x":1,"_y":1},{"_time":41.725,"_x":-1,"_y":0},{"_time":41.804,"_x":1,"_y":-1},{"_time":41.883,"_x":0,"_y":1},{"_time":41.962,"_x":-1,"_y":-1},{"_time":42.041,"_x":1,"_y":0},{"_time":42.12,"_x":-1,"_y":0},{"_time":42.199,"_x":1,"_y":1},{"_time":42.278,"_x":-1,"_y":1},{"_time":42.357,"_x":1,"_y":0},{"_time":42.436,"_x":-1,"_y":-1},{"_time":42.514,"_x":0,"_y":1},{"_time":42.593,"_x":0,"_y":-1},{"_time":42.672,"_x":1,"_y":1},{"_time":42.751,"_x":-1,"_y":0},{"_time":42.83,"_x":1,"_y":-1},{"_time":42.909,"_x":0,"_y":1},{"_time":42.988,"_x":-1,"_y":-1},{"_time":43.146,"_x":1,"_y":0},{"_time":43.304,"_x":-1,"_y":0},{"_time":43.383,"_x":1,"_y":1},{"_time":43.462,"_x":0,"_y":-1},{"_time":43.541,"_x":-1,"_y":1},{"_time":43.62,"_x":1,"_y":0},{"_time":43.699,"_x":-1,"_y":-1},{"_time":43.778,"_x":1,"_y":-1},{"_time":43.857,"_x":-1,"_y":0},{"_time":43.936,"_x":1,"_y":1},{"_time":44.014,"_x":0,"_y":-1},{"_time":44.093,"_x":0,"_y":1},{"_time":44.172,"_x":1,"_y":-1},{"_time":44.251,"_x":-1,"_y":1},{"_time":44.33,"_x":1,"_y":0},{"_time":44.409,"_x":-1,"_y":0},{"_time":44.488,"_x":1,"_y":-1},{"_time":44.567,"_x":-1,"_y":-1},{"_time":44.646,"_x":1,"_y":0},{"_time":44.725,"_x":-1,"_y":1},{"_time":44.804,"_x":0,"_y":-1},{"_time":44.883,"_x":0,"_y":1},{"_time":44.962,"_x":-1,"_y":-1},{"_time":45.041,"_x":1,"_y":1},{"_time":45.12,"_x":-1,"_y":0},{"_time":45.199,"_x":1,"_y":0},{"_time":45.357,"_x":-1,"_y":1},{"_time":45.514,"_x":0,"_y":-1},{"_time":45.672,"_x":1,"_y":1},{"_time":45.712,"_x":0,"_y":1},{"_time":45.751,"_x":-1,"_y":1},{"_time":45.791,"_x":-1,"_y":0},{"_time":45.83,"_x":-1,"_y":-1},{"_time":45.909,"_x":1,"_y":-1},{"_time":45.988,"_x":-1,"_y":0},{"_time":46.067,"_x":1,"_y":1},{"_time":46.146,"_x":0,"_y":-1},{"_time":46.225,"_x":0,"_y":1},{"_time":46.304,"_x":-1,"_y":-1},{"_time":46.383,"_x":-1,"_y":1},{"_time":46.462,"_x":0,"_y":-1},{"_time":46.541,"_x":1,"_y":1},{"_time":46.62,"_x":-1,"_y":-1},{"_time":46.699,"_x":1,"_y":0},{"_time":46.779,"_x":-1,"_y":1},{"_time":46.817,"_x":-1,"_y":0},{"_time":46.857,"_x":-1,"_y":-1},{"_time":46.896,"_x":0,"_y":-1},{"_time":46.936,"_x":0,"_y":0},{"_time":46.975,"_x":0,"_y":1},{"_time":47.014,"_x":1,"_y":1},{"_time":47.054,"_x":1,"_y":0},{"_time":47.093,"_x":1,"_y":-1},{"_time":47.172,"_x":-1,"_y":0},{"_time":47.251,"_x":1,"_y":1},{"_time":47.33,"_x":0,"_y":-1},{"_time":47.409,"_x":0,"_y":1},{"_time":47.488,"_x":1,"_y":-1},{"_time":47.567,"_x":-1,"_y":0},{"_time":47.646,"_x":1,"_y":0},{"_time":47.725,"_x":-1,"_y":1},{"_time":47.804,"_x":1,"_y":1},{"_time":47.883,"_x":-1,"_y":0},{"_time":47.962,"_x":1,"_y":-1},{"_time":48.041,"_x":0,"_y":1},{"_time":48.12,"_x":0,"_y":-1},{"_time":48.199,"_x":1,"_y":1},{"_time":48.278,"_x":-1,"_y":0},{"_time":48.357,"_x":1,"_y":0},{"_time":48.436,"_x":-1,"_y":-1},{"_time":48.514,"_x":0,"_y":1},{"_time":48.593,"_x":1,"_y":-1},{"_time":48.672,"_x":-1,"_y":0},{"_time":48.751,"_x":1,"_y":1},{"_time":48.83,"_x":0,"_y":-1},{"_time":48.909,"_x":-1,"_y":1},{"_time":48.988,"_x":1,"_y":0},{"_time":49.067,"_x":-1,"_y":-1},{"_time":49.146,"_x":0,"_y":1},{"_time":49.225,"_x":1,"_y":-1},{"_time":49.304,"_x":-1,"_y":0},{"_time":49.383,"_x":1,"_y":1},{"_time":49.462,"_x":0,"_y":-1},{"_time":49.541,"_x":-1,"_y":1},{"_time":49.62,"_x":1,"_y":0},{"_time":49.778,"_x":-1,"_y":0},{"_time":49.936,"_x":1,"_y":-1},{"_time":50.093,"_x":-1,"_y":-1},{"_time":50.251,"_x":-1,"_y":1},{"_time":50.291,"_x":0,"_y":1},{"_time":50.33,"_x":1,"_y":1},{"_time":50.37,"_x":1,"_y":0},{"_time":50.409,"_x":0,"_y":0},{"_time":50.449,"_x":-1,"_y":0},{"_time":50.488,"_x":-1,"_y":-1},{"_time":50.528,"_x":0,"_y":-1},{"_time":50.567,"_x":1,"_y":-1},{"_time":50.725,"_x":1,"_y":1},{"_time":50.883,"_x":-1,"_y":0},{"_time":51.199,"_x":1,"_y":0},{"_time":51.357,"_x":-1,"_y":-1},{"_time":51.514,"_x":-1,"_y":1},{"_time":51.593,"_x":1,"_y":1},{"_time":51.672,"_x":-1,"_y":0},{"_time":51.751,"_x":1,"_y":0},{"_time":51.83,"_x":-1,"_y":-1},{"_time":51.988,"_x":0,"_y":1},{"_time":52.146,"_x":1,"_y":-1},{"_time":52.225,"_x":1,"_y":1},{"_time":52.304,"_x":0,"_y":-1},{"_time":52.383,"_x":0,"_y":1},{"_time":52.462,"_x":-1,"_y":-1},{"_time":52.62,"_x":1,"_y":0},{"_time":52.778,"_x":-1,"_y":1},{"_time":52.857,"_x":0,"_y":-1},{"_time":52.936,"_x":1,"_y":1},{"_time":53.014,"_x":-1,"_y":0},{"_time":53.093,"_x":1,"_y":-1},{"_time":53.251,"_x":0,"_y":1},{"_time":53.409,"_x":-1,"_y":-1},{"_time":53.567,"_x":1,"_y":0},{"_time":53.725,"_x":-1,"_y":0},{"_time":53.883,"_x":1,"_y":1},{"_time":54.041,"_x":0,"_y":-1},{"_time":54.199,"_x":-1,"_y":1},{"_time":54.278,"_x":1,"_y":0},{"_time":54.436,"_x":-1,"_y":-1},{"_time":54.514,"_x":1,"_y":-1},{"_time":54.593,"_x":-1,"_y":0},{"_time":54.672,"_x":1,"_y":0},{"_time":54.751,"_x":-1,"_y":1},{"_time":54.83,"_x":1,"_y":-1},{"_time":54.909,"_x":0,"_y":1},{"_time":54.988,"_x":0,"_y":-1},{"_time":55.067,"_x":1,"_y":1},{"_time":55.146,"_x":1,"_y":-1},{"_time":55.225,"_x":0,"_y":1},{"_time":55.305,"_x":0,"_y":-1},{"_time":55.383,"_x":-1,"_y":1},{"_time":55.462,"_x":1,"_y":0},{"_time":55.541,"_x":-1,"_y":-1},{"_time":55.62,"_x":0,"_y":1},{"_time":55.778,"_x":1,"_y":-1},{"_time":55.936,"_x":-1,"_y":0},{"_time":56.251,"_x":1,"_y":1},{"_time":56.409,"_x":-1,"_y":0},{"_time":56.567,"_x":1,"_y":-1},{"_time":56.646,"_x":1,"_y":1},{"_time":56.725,"_x":0,"_y":-1},{"_time":56.804,"_x":0,"_y":1},{"_time":56.883,"_x":-1,"_y":-1},{"_time":57.041,"_x":1,"_y":0},{"_time":57.199,"_x":-1,"_y":1},{"_time":57.277,"_x":1,"_y":1},{"_time":57.357,"_x":-1,"_y":0},{"_time":57.436,"_x":1,"_y":0},{"_time":57.514,"_x":-1,"_y":-1},{"_time":57.672,"_x":0,"_y":1},{"_time":57.83,"_x":1,"_y":-1},{"_time":57.909,"_x":-1,"_y":0},{"_time":57.988,"_x":1,"_y":1},{"_time":58.067,"_x":0,"_y":-1},{"_time":58.146,"_x":-1,"_y":1},{"_time":58.304,"_x":1,"_y":0},{"_time":58.462,"_x":-1,"_y":-1},{"_time":58.62,"_x":0,"_y":1},{"_time":58.778,"_x":0,"_y":-1},{"_time":58.936,"_x":1,"_y":1},{"_time":59.093,"_x":-1,"_y":0},{"_time":59.251,"_x":1,"_y":0},{"_time":59.33,"_x":-1,"_y":-1},{"_time":59.487,"_x":0,"_y":1},{"_time":59.567,"_x":0,"_y":-1},{"_time":59.646,"_x":1,"_y":1},{"_time":59.725,"_x":1,"_y":-1},{"_time":59.804,"_x":0,"_y":1},{"_time":59.883,"_x":0,"_y":-1},{"_time":59.962,"_x":-1,"_y":1},{"_time":60.041,"_x":1,"_y":-1},{"_time":60.12,"_x":-1,"_y":0},{"_time":60.199,"_x":1,"_y":0},{"_time":60.278,"_x":-1,"_y":-1},{"_time":60.357,"_x":1,"_y":1},{"_time":60.436,"_x":1,"_y":1},{"_time":60.514,"_x":0,"_y":-1},{"_time":60.593,"_x":0,"_y":-1},{"_time":60.672,"_x":-1,"_y":1},{"_time":60.988,"_x":1,"_y":0},{"_time":61.146,"_x":-1,"_y":0},{"_time":61.305,"_x":1,"_y":-1},{"_time":61.462,"_x":0,"_y":1},{"_time":61.62,"_x":-1,"_y":-1},{"_time":61.699,"_x":1,"_y":-1},{"_time":61.778,"_x":-1,"_y":0},{"_time":61.857,"_x":1,"_y":1},{"_time":61.936,"_x":-1,"_y":1},{"_time":62.093,"_x":1,"_y":0},{"_time":62.251,"_x":-1,"_y":-1},{"_time":62.33,"_x":-1,"_y":1},{"_time":62.409,"_x":0,"_y":-1},{"_time":62.488,"_x":1,"_y":1},{"_time":62.567,"_x":1,"_y":-1},{"_time":62.725,"_x":0,"_y":1},{"_time":62.883,"_x":-1,"_y":-1},{"_time":62.962,"_x":1,"_y":0},{"_time":63.041,"_x":-1,"_y":1},{"_time":63.12,"_x":0,"_y":-1},{"_time":63.199,"_x":1,"_y":1},{"_time":63.357,"_x":-1,"_y":0},{"_time":63.516,"_x":1,"_y":-1},{"_time":63.672,"_x":-1,"_y":-1},{"_time":63.83,"_x":1,"_y":0},{"_time":63.988,"_x":-1,"_y":1},{"_time":64.146,"_x":0,"_y":-1},{"_time":64.304,"_x":0,"_y":1},{"_time":64.383,"_x":-1,"_y":-1},{"_time":64.541,"_x":1,"_y":1},{"_time":64.62,"_x":0,"_y":-1},{"_time":64.699,"_x":-1,"_y":1},{"_time":64.778,"_x":1,"_y":0},{"_time":64.857,"_x":-1,"_y":0},{"_time":64.936,"_x":1,"_y":-1},{"_time":65.015,"_x":-1,"_y":-1},{"_time":65.093,"_x":1,"_y":0},{"_time":65.172,"_x":-1,"_y":0},{"_time":65.251,"_x":1,"_y":1},{"_time":65.33,"_x":-1,"_y":-1},{"_time":65.409,"_x":0,"_y":1},{"_time":65.488,"_x":1,"_y":-1},{"_time":65.567,"_x":-1,"_y":0},{"_time":65.646,"_x":1,"_y":1},{"_time":65.725,"_x":0,"_y":-1},{"_time":65.883,"_x":0,"_y":1},{"_time":66.041,"_x":-1,"_y":-1},{"_time":66.199,"_x":1,"_y":0},{"_time":66.357,"_x":-1,"_y":0},{"_time":66.514,"_x":1,"_y":1},{"_time":66.672,"_x":0,"_y":-1},{"_time":66.751,"_x":0,"_y":1},{"_time":66.83,"_x":1,"_y":-1},{"_time":66.909,"_x":-1,"_y":1},{"_time":66.988,"_x":1,"_y":0},{"_time":67.146,"_x":-1,"_y":0},{"_time":67.304,"_x":1,"_y":1},{"_time":67.383,"_x":-1,"_y":-1},{"_time":67.462,"_x":0,"_y":1},{"_time":67.541,"_x":0,"_y":-1},{"_time":67.62,"_x":-1,"_y":1},{"_time":67.778,"_x":1,"_y":0},{"_time":67.936,"_x":-1,"_y":0},{"_time":68.014,"_x":1,"_y":-1},{"_time":68.093,"_x":0,"_y":1},{"_time":68.172,"_x":-1,"_y":-1},{"_time":68.251,"_x":1,"_y":0},{"_time":68.409,"_x":-1,"_y":0},{"_time":68.567,"_x":1,"_y":1},{"_time":68.646,"_x":0,"_y":-1},{"_time":68.725,"_x":0,"_y":1},{"_time":68.804,"_x":1,"_y":-1},{"_time":68.883,"_x":-1,"_y":0},{"_time":68.962,"_x":1,"_y":0},{"_time":69.041,"_x":-1,"_y":1},{"_time":69.12,"_x":1,"_y":1},{"_time":69.199,"_x":-1,"_y":0},{"_time":69.278,"_x":1,"_y":-1},{"_time":69.357,"_x":0,"_y":1},{"_time":69.436,"_x":0,"_y":-1},{"_time":69.516,"_x":1,"_y":1},{"_time":69.595,"_x":-1,"_y":-1},{"_time":69.672,"_x":1,"_y":0},{"_time":69.751,"_x":-1,"_y":1},{"_time":69.83,"_x":0,"_y":-1},{"_time":70.146,"_x":0,"_y":1},{"_time":70.462,"_x":1,"_y":-1},{"_time":70.62,"_x":0,"_y":-1},{"_time":70.778,"_x":-1,"_y":0},{"_time":71.093,"_x":1,"_y":1},{"_time":71.251,"_x":1,"_y":0},{"_time":71.409,"_x":1,"_y":-1},{"_time":71.567,"_x":0,"_y":-1},{"_time":71.725,"_x":0,"_y":0},{"_time":71.883,"_x":0,"_y":1},{"_time":72.041,"_x":-1,"_y":1},{"_time":72.199,"_x":-1,"_y":0},{"_time":72.357,"_x":-1,"_y":-1},{"_time":72.514,"_x":0,"_y":-1},{"_time":72.672,"_x":1,"_y":-1},{"_time":72.83,"_x":1,"_y":0},{"_time":72.989,"_x":0,"_y":0},{"_time":73.146,"_x":-1,"_y":0},{"_time":73.304,"_x":-1,"_y":1},{"_time":73.462,"_x":0,"_y":1},{"_time":73.62,"_x":1,"_y":1},{"_time":73.778,"_x":1,"_y":0},{"_time":73.936,"_x":1,"_y":-1},{"_time":74.093,"_x":0,"_y":-1},{"_time":74.251,"_x":0,"_y":0},{"_time":74.409,"_x":0,"_y":1},{"_time":74.567,"_x":-1,"_y":1},{"_time":74.725,"_x":-1,"_y":0},{"_time":74.883,"_x":0,"_y":0},{"_time":75.041,"_x":1,"_y":0},{"_time":75.199,"_x":1,"_y":-1},{"_time":75.357,"_x":0,"_y":-1},{"_time":75.514,"_x":-1,"_y":-1},{"_time":75.672,"_x":-1,"_y":0},{"_time":75.83,"_x":-1,"_y":1},{"_time":75.988,"_x":0,"_y":1},{"_time":76.146,"_x":0,"_y":0},{"_time":76.304,"_x":0,"_y":-1},{"_time":76.462,"_x":-1,"_y":-1},{"_time":76.62,"_x":-1,"_y":0},{"_time":76.778,"_x":0,"_y":0},{"_time":76.936,"_x":1,"_y":0},{"_time":77.093,"_x":1,"_y":1},{"_time":77.251,"_x":0,"_y":1},{"_time":77.409,"_x":-1,"_y":1},{"_time":77.567,"_x":-1,"_y":0},{"_time":77.725,"_x":-1,"_y":-1},{"_time":77.883,"_x":0,"_y":-1},{"_time":78.041,"_x":1,"_y":-1},{"_time":78.199,"_x":1,"_y":0},{"_time":78.357,"_x":1,"_y":1},{"_time":78.514,"_x":0,"_y":1},{"_time":78.672,"_x":0,"_y":0},{"_time":78.83,"_x":0,"_y":-1},{"_time":78.988,"_x":-1,"_y":-1},{"_time":79.146,"_x":-1,"_y":0},{"_time":79.304,"_x":-1,"_y":1},{"_time":79.462,"_x":0,"_y":1},{"_time":79.62,"_x":1,"_y":1},{"_time":79.778,"_x":1,"_y":0},{"_time":79.936,"_x":1,"_y":-1},{"_time":80.093,"_x":0,"_y":-1},{"_time":80.251,"_x":-1,"_y":-1},{"_time":80.409,"_x":-1,"_y":1},{"_time":80.567,"_x":1,"_y":1},{"_time":80.725,"_x":0,"_y":-1},{"_time":80.883,"_x":-1,"_y":1},{"_time":81.041,"_x":1,"_y":0},{"_time":81.199,"_x":-1,"_y":-1},{"_time":81.672,"_x":0,"_y":1},{"_time":82.146,"_x":1,"_y":-1},{"_time":82.62,"_x":-1,"_y":0},{"_time":83.093,"_x":1,"_y":0},{"_time":83.409,"_x":-1,"_y":1},{"_time":83.726,"_x":1,"_y":-1},{"_time":84.199,"_x":1,"_y":1},{"_time":84.672,"_x":0,"_y":-1},{"_time":85.146,"_x":-1,"_y":1},{"_time":85.621,"_x":1,"_y":0},{"_time":85.937,"_x":-1,"_y":0},{"_time":86.251,"_x":1,"_y":-1},{"_time":86.725,"_x":0,"_y":1},{"_time":87.199,"_x":0,"_y":-1},{"_time":87.672,"_x":1,"_y":1},{"_time":88.146,"_x":-1,"_y":0},{"_time":88.462,"_x":1,"_y":0},{"_time":88.778,"_x":-1,"_y":-1},{"_time":89.251,"_x":0,"_y":1},{"_time":89.725,"_x":0,"_y":-1},{"_time":90.199,"_x":1,"_y":1},{"_time":90.672,"_x":-1,"_y":1},{"_time":90.988,"_x":1,"_y":0},{"_time":91.304,"_x":-1,"_y":-1},{"_time":91.62,"_x":-1,"_y":1},{"_time":91.936,"_x":-1,"_y":-1},{"_time":92.251,"_x":0,"_y":1},{"_time":92.567,"_x":-1,"_y":-1},{"_time":92.883,"_x":1,"_y":1},{"_time":93.199,"_x":-1,"_y":-1},{"_time":93.514,"_x":1,"_y":0},{"_time":93.83,"_x":-1,"_y":-1},{"_time":94.146,"_x":1,"_y":-1},{"_time":94.462,"_x":-1,"_y":0},{"_time":94.778,"_x":1,"_y":-1},{"_time":95.093,"_x":-1,"_y":1},{"_time":95.409,"_x":1,"_y":-1},{"_time":95.725,"_x":0,"_y":1},{"_time":96.041,"_x":1,"_y":-1},{"_time":96.357,"_x":1,"_y":1},{"_time":96.514,"_x":0,"_y":-1},{"_time":96.672,"_x":-1,"_y":1},{"_time":96.83,"_x":-1,"_y":-1},{"_time":96.988,"_x":0,"_y":1},{"_time":97.146,"_x":1,"_y":-1},{"_time":97.304,"_x":-1,"_y":1},{"_time":97.462,"_x":1,"_y":0},{"_time":97.62,"_x":-1,"_y":-1},{"_time":97.778,"_x":1,"_y":-1},{"_time":97.936,"_x":-1,"_y":0},{"_time":98.093,"_x":1,"_y":1},{"_time":98.251,"_x":-1,"_y":1},{"_time":98.409,"_x":1,"_y":0},{"_time":98.567,"_x":-1,"_y":-1},{"_time":98.725,"_x":0,"_y":1},{"_time":98.883,"_x":1,"_y":-1},{"_time":98.962,"_x":0,"_y":-1},{"_time":99.041,"_x":-1,"_y":-1},{"_time":99.12,"_x":-1,"_y":0},{"_time":99.199,"_x":0,"_y":0},{"_time":99.278,"_x":1,"_y":0},{"_time":99.357,"_x":1,"_y":1},{"_time":99.436,"_x":0,"_y":1},{"_time":99.514,"_x":0,"_y":0},{"_time":99.593,"_x":0,"_y":-1},{"_time":99.672,"_x":-1,"_y":-1},{"_time":99.751,"_x":-1,"_y":0},{"_time":99.83,"_x":-1,"_y":1},{"_time":99.909,"_x":0,"_y":1},{"_time":99.988,"_x":1,"_y":1},{"_time":100.067,"_x":1,"_y":0},{"_time":100.146,"_x":1,"_y":-1},{"_time":100.225,"_x":0,"_y":-1},{"_time":100.304,"_x":0,"_y":0},{"_time":100.383,"_x":0,"_y":1},{"_time":100.462,"_x":-1,"_y":1},{"_time":100.778,"_x":-1,"_y":0},{"_time":101.093,"_x":-1,"_y":-1},{"_time":101.409,"_x":1,"_y":0},{"_time":101.488,"_x":-1,"_y":0},{"_time":101.567,"_x":1,"_y":1},{"_time":101.646,"_x":0,"_y":-1},{"_time":101.725,"_x":0,"_y":1},{"_time":101.804,"_x":1,"_y":-1},{"_time":101.883,"_x":-1,"_y":1},{"_time":101.962,"_x":1,"_y":0},{"_time":102.041,"_x":-1,"_y":0},{"_time":102.12,"_x":1,"_y":-1},{"_time":102.199,"_x":-1,"_y":-1},{"_time":102.278,"_x":1,"_y":0},{"_time":102.357,"_x":-1,"_y":1},{"_time":102.436,"_x":0,"_y":-1},{"_time":102.514,"_x":1,"_y":1},{"_time":102.593,"_x":-1,"_y":-1},{"_time":102.672,"_x":1,"_y":0},{"_time":102.751,"_x":-1,"_y":0},{"_time":102.83,"_x":1,"_y":-1},{"_time":102.909,"_x":0,"_y":1},{"_time":102.988,"_x":0,"_y":-1},{"_time":103.067,"_x":-1,"_y":1},{"_time":103.146,"_x":-1,"_y":-1},{"_time":103.225,"_x":0,"_y":1},{"_time":103.304,"_x":0,"_y":-1},{"_time":103.383,"_x":1,"_y":1},{"_time":103.462,"_x":-1,"_y":0},{"_time":103.541,"_x":1,"_y":-1},{"_time":103.62,"_x":-1,"_y":1},{"_time":103.936,"_x":1,"_y":0},{"_time":104.014,"_x":-1,"_y":-1},{"_time":104.093,"_x":0,"_y":1},{"_time":104.172,"_x":1,"_y":-1},{"_time":104.251,"_x":-1,"_y":0},{"_time":104.33,"_x":1,"_y":0},{"_time":104.409,"_x":-1,"_y":1},{"_time":104.488,"_x":1,"_y":1},{"_time":104.567,"_x":-1,"_y":0},{"_time":104.646,"_x":1,"_y":-1},{"_time":104.725,"_x":0,"_y":1},{"_time":104.804,"_x":0,"_y":-1},{"_time":104.883,"_x":1,"_y":1},{"_time":104.962,"_x":-1,"_y":-1},{"_time":105.041,"_x":1,"_y":0},{"_time":105.12,"_x":-1,"_y":0},{"_time":105.199,"_x":1,"_y":-1},{"_time":105.278,"_x":-1,"_y":-1},{"_time":105.357,"_x":1,"_y":0},{"_time":105.436,"_x":-1,"_y":0},{"_time":105.514,"_x":1,"_y":1},{"_time":105.593,"_x":-1,"_y":1},{"_time":105.672,"_x":1,"_y":0},{"_time":105.751,"_x":-1,"_y":-1},{"_time":105.83,"_x":0,"_y":1},{"_time":105.988,"_x":1,"_y":-1},{"_time":106.146,"_x":-1,"_y":1},{"_time":106.462,"_x":0,"_y":-1},{"_time":106.541,"_x":1,"_y":1},{"_time":106.62,"_x":-1,"_y":0},{"_time":106.698,"_x":1,"_y":-1},{"_time":106.778,"_x":0,"_y":1},{"_time":106.857,"_x":0,"_y":-1},{"_time":106.936,"_x":1,"_y":1},{"_time":107.014,"_x":-1,"_y":-1},{"_time":107.093,"_x":1,"_y":0},{"_time":107.172,"_x":-1,"_y":0},{"_time":107.251,"_x":1,"_y":1},{"_time":107.33,"_x":-1,"_y":1},{"_time":107.409,"_x":1,"_y":0},{"_time":107.488,"_x":-1,"_y":-1},{"_time":107.567,"_x":0,"_y":1},{"_time":107.646,"_x":0,"_y":-1},{"_time":107.725,"_x":-1,"_y":1},{"_time":107.804,"_x":1,"_y":0},{"_time":107.883,"_x":-1,"_y":-1},{"_time":107.962,"_x":1,"_y":1},{"_time":108.041,"_x":0,"_y":-1},{"_time":108.12,"_x":0,"_y":1},{"_time":108.199,"_x":-1,"_y":-1},{"_time":108.278,"_x":1,"_y":0},{"_time":108.357,"_x":-1,"_y":1},{"_time":108.436,"_x":0,"_y":-1},{"_time":108.514,"_x":1,"_y":1},{"_time":108.593,"_x":-1,"_y":0},{"_time":108.672,"_x":1,"_y":-1},{"_time":108.988,"_x":-1,"_y":1},{"_time":109.067,"_x":1,"_y":0},{"_time":109.146,"_x":-1,"_y":-1},{"_time":109.225,"_x":0,"_y":1},{"_time":109.304,"_x":0,"_y":-1},{"_time":109.383,"_x":1,"_y":1},{"_time":109.462,"_x":-1,"_y":0},{"_time":109.541,"_x":1,"_y":0},{"_time":109.62,"_x":-1,"_y":-1},{"_time":109.699,"_x":1,"_y":-1},{"_time":109.778,"_x":-1,"_y":0},{"_time":109.857,"_x":1,"_y":1},{"_time":109.936,"_x":0,"_y":-1},{"_time":110.014,"_x":0,"_y":1},{"_time":110.093,"_x":-1,"_y":-1},{"_time":110.172,"_x":-1,"_y":1},{"_time":110.251,"_x":1,"_y":-1},{"_time":110.33,"_x":0,"_y":-1},{"_time":110.409,"_x":-1,"_y":0},{"_time":110.488,"_x":0,"_y":1},{"_time":110.567,"_x":1,"_y":1},{"_time":110.646,"_x":1,"_y":0},{"_time":110.725,"_x":0,"_y":-1},{"_time":110.804,"_x":-1,"_y":0},{"_time":110.883,"_x":-1,"_y":1},{"_time":110.962,"_x":0,"_y":1},{"_time":111.041,"_x":1,"_y":0},{"_time":111.12,"_x":0,"_y":-1},{"_time":111.199,"_x":-1,"_y":-1},{"_time":111.514,"_x":1,"_y":1},{"_time":111.593,"_x":-1,"_y":0},{"_time":111.672,"_x":1,"_y":-1},{"_time":111.751,"_x":0,"_y":1},{"_time":111.83,"_x":0,"_y":-1},{"_time":111.909,"_x":1,"_y":1},{"_time":111.988,"_x":-1,"_y":-1},{"_time":112.067,"_x":0,"_y":1},{"_time":112.146,"_x":0,"_y":-1},{"_time":112.225,"_x":-1,"_y":1},{"_time":112.304,"_x":1,"_y":-1},{"_time":112.383,"_x":1,"_y":1},{"_time":112.462,"_x":0,"_y":-1},{"_time":112.541,"_x":0,"_y":1},{"_time":112.62,"_x":-1,"_y":-1},{"_time":112.699,"_x":1,"_y":0},{"_time":112.778,"_x":-1,"_y":0},{"_time":112.857,"_x":1,"_y":1},{"_time":112.936,"_x":0,"_y":-1},{"_time":113.014,"_x":-1,"_y":1},{"_time":113.093,"_x":1,"_y":-1},{"_time":113.172,"_x":-1,"_y":1},{"_time":113.251,"_x":1,"_y":0},{"_time":113.33,"_x":-1,"_y":0},{"_time":113.41,"_x":1,"_y":1},{"_time":113.488,"_x":-1,"_y":1},{"_time":113.567,"_x":1,"_y":0},{"_time":113.646,"_x":-1,"_y":-1},{"_time":113.725,"_x":1,"_y":1},{"_time":113.804,"_x":1,"_y":-1},{"_time":113.883,"_x":0,"_y":1},{"_time":113.962,"_x":0,"_y":-1},{"_time":114.041,"_x":-1,"_y":1},{"_time":114.12,"_x":1,"_y":-1},{"_time":114.199,"_x":-1,"_y":0},{"_time":114.278,"_x":1,"_y":0},{"_time":114.357,"_x":-1,"_y":-1},{"_time":114.436,"_x":1,"_y":1},{"_time":114.514,"_x":0,"_y":-1},{"_time":114.593,"_x":0,"_y":1},{"_time":114.672,"_x":0,"_y":-1},{"_time":114.751,"_x":-1,"_y":1},{"_time":114.83,"_x":1,"_y":0},{"_time":114.909,"_x":-1,"_y":0},{"_time":114.988,"_x":1,"_y":-1},{"_time":115.067,"_x":1,"_y":1},{"_time":115.146,"_x":0,"_y":-1},{"_time":115.225,"_x":-1,"_y":1},{"_time":115.304,"_x":1,"_y":0},{"_time":115.383,"_x":-1,"_y":-1},{"_time":115.462,"_x":1,"_y":-1},{"_time":115.541,"_x":-1,"_y":0},{"_time":115.62,"_x":1,"_y":1},{"_time":115.699,"_x":0,"_y":-1},{"_time":115.778,"_x":-1,"_y":1},{"_time":115.817,"_x":0,"_y":1},{"_time":115.857,"_x":1,"_y":1},{"_time":115.896,"_x":1,"_y":0},{"_time":115.936,"_x":1,"_y":-1},{"_time":116.014,"_x":-1,"_y":0},{"_time":116.093,"_x":1,"_y":1},{"_time":116.133,"_x":1,"_y":0},{"_time":116.172,"_x":1,"_y":-1},{"_time":116.212,"_x":0,"_y":-1},{"_time":116.251,"_x":-1,"_y":-1},{"_time":116.33,"_x":-1,"_y":1},{"_time":116.409,"_x":1,"_y":1},{"_time":116.449,"_x":1,"_y":0},{"_time":116.488,"_x":0,"_y":0},{"_time":116.528,"_x":-1,"_y":0},{"_time":116.567,"_x":-1,"_y":-1},{"_time":116.646,"_x":1,"_y":-1},{"_time":116.725,"_x":-1,"_y":0},{"_time":116.804,"_x":1,"_y":1},{"_time":116.883,"_x":0,"_y":-1},{"_time":116.962,"_x":0,"_y":1},{"_time":117.041,"_x":-1,"_y":-1},{"_time":117.12,"_x":-1,"_y":1},{"_time":117.199,"_x":0,"_y":-1},{"_time":117.278,"_x":1,"_y":1},{"_time":117.357,"_x":-1,"_y":-1},{"_time":117.436,"_x":1,"_y":0},{"_time":117.514,"_x":-1,"_y":0},{"_time":117.593,"_x":1,"_y":1},{"_time":117.672,"_x":0,"_y":-1},{"_time":117.712,"_x":-1,"_y":-1},{"_time":117.751,"_x":-1,"_y":0},{"_time":117.791,"_x":-1,"_y":1},{"_time":117.83,"_x":0,"_y":1},{"_time":117.909,"_x":1,"_y":-1},{"_time":117.988,"_x":-1,"_y":0},{"_time":118.067,"_x":1,"_y":1},{"_time":118.146,"_x":0,"_y":-1},{"_time":118.225,"_x":0,"_y":1},{"_time":118.304,"_x":1,"_y":-1},{"_time":118.383,"_x":-1,"_y":0},{"_time":118.462,"_x":1,"_y":1},{"_time":118.541,"_x":0,"_y":-1},{"_time":118.58,"_x":0,"_y":0},{"_time":118.62,"_x":0,"_y":1},{"_time":118.699,"_x":-1,"_y":-1},{"_time":118.778,"_x":1,"_y":0},{"_time":118.857,"_x":-1,"_y":1},{"_time":118.936,"_x":-1,"_y":-1},{"_time":118.975,"_x":0,"_y":-1},{"_time":119.014,"_x":1,"_y":-1},{"_time":119.054,"_x":1,"_y":0},{"_time":119.093,"_x":0,"_y":0},{"_time":119.133,"_x":-1,"_y":0},{"_time":119.172,"_x":-1,"_y":1},{"_time":119.212,"_x":0,"_y":1},{"_time":119.251,"_x":1,"_y":1},{"_time":119.33,"_x":0,"_y":-1},{"_time":119.409,"_x":-1,"_y":1},{"_time":119.488,"_x":1,"_y":0},{"_time":119.567,"_x":-1,"_y":-1},{"_time":119.587,"_x":-1,"_y":-1},{"_time":119.607,"_x":-1,"_y":0},{"_time":119.626,"_x":-1,"_y":0},{"_time":119.646,"_x":-1,"_y":1},{"_time":119.725,"_x":0,"_y":-1},{"_time":119.804,"_x":1,"_y":1},{"_time":119.843,"_x":1,"_y":0},{"_time":119.883,"_x":1,"_y":-1},{"_time":119.962,"_x":-1,"_y":0},{"_time":119.982,"_x":-1,"_y":0},{"_time":120.001,"_x":0,"_y":0},{"_time":120.021,"_x":0,"_y":0},{"_time":120.041,"_x":1,"_y":0},{"_time":120.12,"_x":-1,"_y":1},{"_time":120.199,"_x":-1,"_y":-1},{"_time":120.218,"_x":-1,"_y":-1},{"_time":120.238,"_x":0,"_y":-1},{"_time":120.258,"_x":0,"_y":-1},{"_time":120.278,"_x":1,"_y":-1},{"_time":120.297,"_x":1,"_y":-1},{"_time":120.317,"_x":1,"_y":0},{"_time":120.337,"_x":1,"_y":0},{"_time":120.357,"_x":1,"_y":1},{"_time":120.514,"_x":-1,"_y":1},{"_time":120.672,"_x":-1,"_y":0},{"_time":120.83,"_x":1,"_y":0},{"_time":120.988,"_x":1,"_y":-1},{"_time":121.146,"_x":-1,"_y":-1},{"_time":121.304,"_x":1,"_y":0},{"_time":121.462,"_x":-1,"_y":0},{"_time":121.621,"_x":1,"_y":1},{"_time":121.778,"_x":0,"_y":-1},{"_time":121.936,"_x":0,"_y":1},{"_time":122.093,"_x":-1,"_y":-1},{"_time":122.251,"_x":-1,"_y":1},{"_time":122.409,"_x":0,"_y":-1},{"_time":122.488,"_x":0,"_y":-1},{"_time":122.567,"_x":1,"_y":1},{"_time":122.725,"_x":-1,"_y":-1},{"_time":122.883,"_x":1,"_y":0},{"_time":122.962,"_x":1,"_y":0},{"_time":123.041,"_x":-1,"_y":0},{"_time":123.12,"_x":-1,"_y":0},{"_time":123.199,"_x":1,"_y":1},{"_time":123.278,"_x":1,"_y":1},{"_time":123.357,"_x":-1,"_y":1},{"_time":123.436,"_x":-1,"_y":1},{"_time":123.514,"_x":1,"_y":0},{"_time":123.672,"_x":-1,"_y":-1},{"_time":123.83,"_x":1,"_y":1},{"_time":123.988,"_x":0,"_y":-1},{"_time":124.146,"_x":0,"_y":1},{"_time":124.304,"_x":1,"_y":-1},{"_time":124.462,"_x":-1,"_y":1},{"_time":124.62,"_x":1,"_y":0},{"_time":124.778,"_x":-1,"_y":-1},{"_time":124.936,"_x":1,"_y":1},{"_time":125.014,"_x":1,"_y":1},{"_time":125.093,"_x":-1,"_y":0},{"_time":125.251,"_x":1,"_y":-1},{"_time":125.409,"_x":0,"_y":1},{"_time":125.488,"_x":0,"_y":1},{"_time":125.567,"_x":0,"_y":-1},{"_time":125.646,"_x":0,"_y":-1},{"_time":125.725,"_x":1,"_y":1},{"_time":125.804,"_x":1,"_y":1},{"_time":125.883,"_x":-1,"_y":-1},{"_time":125.962,"_x":-1,"_y":-1},{"_time":126.041,"_x":1,"_y":0},{"_time":126.199,"_x":-1,"_y":0},{"_time":126.357,"_x":1,"_y":1},{"_time":126.514,"_x":0,"_y":-1},{"_time":126.672,"_x":0,"_y":1},{"_time":126.83,"_x":-1,"_y":-1},{"_time":126.988,"_x":-1,"_y":1},{"_time":127.067,"_x":-1,"_y":1},{"_time":127.146,"_x":0,"_y":-1},{"_time":127.225,"_x":0,"_y":-1},{"_time":127.304,"_x":1,"_y":1},{"_time":127.462,"_x":1,"_y":-1},{"_time":127.62,"_x":0,"_y":1},{"_time":127.699,"_x":0,"_y":1},{"_time":127.778,"_x":-1,"_y":-1},{"_time":127.857,"_x":-1,"_y":-1},{"_time":127.936,"_x":1,"_y":0},{"_time":128.093,"_x":-1,"_y":0},{"_time":128.172,"_x":-1,"_y":0},{"_time":128.251,"_x":1,"_y":1},{"_time":128.33,"_x":1,"_y":1},{"_time":128.409,"_x":-1,"_y":1},{"_time":128.567,"_x":1,"_y":0},{"_time":128.646,"_x":1,"_y":0},{"_time":128.725,"_x":-1,"_y":-1},{"_time":128.804,"_x":-1,"_y":-1},{"_time":128.883,"_x":1,"_y":1},{"_time":128.962,"_x":1,"_y":1},{"_time":129.041,"_x":0,"_y":-1},{"_time":129.12,"_x":0,"_y":-1},{"_time":129.199,"_x":-1,"_y":1},{"_time":129.357,"_x":1,"_y":-1},{"_time":129.514,"_x":-1,"_y":0},{"_time":129.672,"_x":1,"_y":0},{"_time":129.83,"_x":-1,"_y":1},{"_time":129.988,"_x":1,"_y":1},{"_time":130.146,"_x":-1,"_y":0},{"_time":130.304,"_x":1,"_y":-1},{"_time":130.462,"_x":0,"_y":1},{"_time":130.62,"_x":0,"_y":-1},{"_time":130.778,"_x":1,"_y":1},{"_time":130.936,"_x":0,"_y":0},{"_time":131.093,"_x":-1,"_y":1},{"_time":131.251,"_x":1,"_y":-1},{"_time":131.409,"_x":0,"_y":1},{"_time":131.567,"_x":-1,"_y":-1},{"_time":131.725,"_x":1,"_y":1},{"_time":131.883,"_x":-1,"_y":0},{"_time":132.041,"_x":1,"_y":0},{"_time":132.199,"_x":-1,"_y":-1},{"_time":132.278,"_x":-1,"_y":-1},{"_time":132.357,"_x":0,"_y":1},{"_time":132.514,"_x":0,"_y":-1},{"_time":132.672,"_x":-1,"_y":1},{"_time":132.83,"_x":1,"_y":-1},{"_time":132.988,"_x":-1,"_y":0},{"_time":133.067,"_x":-1,"_y":0},{"_time":133.146,"_x":1,"_y":1},{"_time":133.225,"_x":1,"_y":1},{"_time":133.304,"_x":-1,"_y":-1},{"_time":133.383,"_x":-1,"_y":-1},{"_time":133.462,"_x":0,"_y":1},{"_time":133.541,"_x":0,"_y":1},{"_time":133.62,"_x":0,"_y":-1},{"_time":133.699,"_x":0,"_y":-1},{"_time":133.778,"_x":1,"_y":1},{"_time":133.857,"_x":1,"_y":1},{"_time":133.936,"_x":1,"_y":-1},{"_time":134.093,"_x":0,"_y":1},{"_time":134.251,"_x":-1,"_y":-1},{"_time":134.409,"_x":1,"_y":0},{"_time":134.567,"_x":-1,"_y":1},{"_time":134.725,"_x":1,"_y":1},{"_time":134.883,"_x":-1,"_y":0},{"_time":135.041,"_x":1,"_y":-1},{"_time":135.199,"_x":0,"_y":1},{"_time":135.357,"_x":-1,"_y":-1},{"_time":135.436,"_x":-1,"_y":-1},{"_time":135.514,"_x":1,"_y":0},{"_time":135.593,"_x":1,"_y":0},{"_time":135.672,"_x":-1,"_y":1},{"_time":135.83,"_x":0,"_y":-1},{"_time":135.909,"_x":0,"_y":-1},{"_time":135.988,"_x":0,"_y":1},{"_time":136.067,"_x":0,"_y":1},{"_time":136.146,"_x":-1,"_y":-1},{"_time":136.225,"_x":-1,"_y":-1},{"_time":136.304,"_x":1,"_y":1},{"_time":136.383,"_x":1,"_y":1},{"_time":136.462,"_x":-1,"_y":0},{"_time":136.62,"_x":1,"_y":0},{"_time":136.778,"_x":-1,"_y":-1},{"_time":136.936,"_x":0,"_y":1},{"_time":137.093,"_x":1,"_y":-1},{"_time":137.251,"_x":-1,"_y":1},{"_time":137.409,"_x":1,"_y":0},{"_time":137.567,"_x":-1,"_y":0},{"_time":137.725,"_x":1,"_y":-1},{"_time":137.883,"_x":-1,"_y":-1},{"_time":137.962,"_x":-1,"_y":-1},{"_time":138.041,"_x":1,"_y":0},{"_time":138.199,"_x":-1,"_y":1},{"_time":138.357,"_x":0,"_y":-1},{"_time":138.436,"_x":0,"_y":-1},{"_time":138.514,"_x":1,"_y":1},{"_time":138.672,"_x":-1,"_y":-1},{"_time":138.83,"_x":1,"_y":0},{"_time":138.988,"_x":-1,"_y":0},{"_time":139.146,"_x":1,"_y":1},{"_time":139.304,"_x":0,"_y":-1},{"_time":139.462,"_x":0,"_y":1},{"_time":139.62,"_x":1,"_y":-1},{"_time":139.778,"_x":-1,"_y":1},{"_time":139.936,"_x":-1,"_y":-1},{"_time":140.093,"_x":1,"_y":1},{"_time":140.251,"_x":-1,"_y":0},{"_time":140.409,"_x":1,"_y":0},{"_time":140.567,"_x":-1,"_y":-1},{"_time":140.646,"_x":-1,"_y":0},{"_time":140.725,"_x":-1,"_y":1},{"_time":140.883,"_x":0,"_y":-1},{"_time":141.199,"_x":1,"_y":1},{"_time":141.514,"_x":-1,"_y":0},{"_time":141.831,"_x":1,"_y":-1},{"_time":142.146,"_x":1,"_y":0},{"_time":142.462,"_x":1,"_y":1},{"_time":142.778,"_x":0,"_y":1},{"_time":142.936,"_x":-1,"_y":1},{"_time":143.093,"_x":-1,"_y":0},{"_time":143.409,"_x":0,"_y":0},{"_time":143.726,"_x":1,"_y":0},{"_time":144.357,"_x":1,"_y":-1},{"_time":144.672,"_x":0,"_y":-1},{"_time":144.988,"_x":-1,"_y":-1},{"_time":145.304,"_x":-1,"_y":0},{"_time":145.462,"_x":-1,"_y":1},{"_time":145.62,"_x":0,"_y":1},{"_time":145.936,"_x":0,"_y":0},{"_time":146.251,"_x":0,"_y":-1},{"_time":146.567,"_x":-1,"_y":1},{"_time":146.883,"_x":1,"_y":0},{"_time":147.2,"_x":1,"_y":-1},{"_time":147.514,"_x":-1,"_y":-1},{"_time":147.83,"_x":-1,"_y":0},{"_time":147.988,"_x":0,"_y":0},{"_time":148.146,"_x":1,"_y":0},{"_time":148.462,"_x":1,"_y":1},{"_time":148.778,"_x":-1,"_y":1},{"_time":149.409,"_x":-1,"_y":-1},{"_time":149.725,"_x":0,"_y":-1},{"_time":150.041,"_x":1,"_y":-1},{"_time":150.357,"_x":1,"_y":0},{"_time":150.514,"_x":0,"_y":0},{"_time":150.673,"_x":-1,"_y":0},{"_time":150.988,"_x":-1,"_y":1},{"_time":151.304,"_x":0,"_y":1},{"_time":151.62,"_x":0,"_y":0}]}